system:index,B11,B4,B5,B8,EVI,NDRE,NDVI,NDWI,date,.geo
20151218T082342_20151218T084757_T34HCH,0.2758145063802538,0.10816032536628546,0.13820467724234642,0.20748705419739408,0.17601680949036458,0.18768641685104392,0.3077605044630823,-0.15988121124532298,2015-12-18,"{""type"":""MultiPoint"",""coordinates"":[]}"
20151218T082342_20151218T084757_T34HCJ,0.29812815163705164,0.12708027056804627,0.1547986616650699,0.2189518730480637,0.15997760531477845,0.16477867715440972,0.26493250346572694,-0.1671236350209228,2015-12-18,"{""type"":""MultiPoint"",""coordinates"":[]}"
20160206T082122_20160206T084754_T34HCH,0.26036021446702334,0.10550258212009225,0.13197203263425492,0.18158802119687362,1.5197276197258218,0.14436411293257106,0.2551103741986882,-0.19404922718988143,2016-02-06,"{""type"":""MultiPoint"",""coordinates"":[]}"
20160206T082122_20160206T084754_T34HCJ,0.2888060162595443,0.12499376339962771,0.15160887774545728,0.19994450530128302,0.13500853484862887,0.13181608575848502,0.23095621336624278,-0.19209711224273357,2016-02-06,"{""type"":""MultiPoint"",""coordinates"":[]}"
20160406T081652_20160406T083818_T34HCH,0.23716420240273314,0.09290457372049246,0.11645218699535474,0.16592893028714448,0.1324387175717621,0.16575067185874331,0.2835839287596565,-0.20104199656800145,2016-04-06,"{""type"":""MultiPoint"",""coordinates"":[]}"
20160426T082012_20160426T083933_T34HCJ,0.23967993254399184,0.09796401565111158,0.12172612846076407,0.17321466900094604,0.13543956838582022,0.1706417418953417,0.2840976960537946,-0.1789417536932664,2016-04-26,"{""type"":""MultiPoint"",""coordinates"":[]}"
20160526T082012_20160526T084351_T34HCH,0.19588293440411406,0.07190150478583596,0.09369465104579122,0.13698524575596818,0.3493915761907029,0.21516831799496183,0.3659084457408552,-0.21711033814488706,2016-05-26,"{""type"":""MultiPoint"",""coordinates"":[]}"
20160526T082012_20160526T084351_T34HCJ,0.21933091685373474,0.08346206148567584,0.10853432311163198,0.1611569106205131,0.14026952950620258,0.19832144036770882,0.33739276998563394,-0.18656664229880035,2016-05-26,"{""type"":""MultiPoint"",""coordinates"":[]}"
20160804T081612_20160804T084527_T34HCH,0.1796132959440237,0.06975121638457879,0.09106056632212588,0.13986095706609733,-1.2703224686534695,0.22884665253626352,0.3790557914568983,-0.15252174167281174,2016-08-04,"{""type"":""MultiPoint"",""coordinates"":[]}"
20160804T081612_20160804T084527_T34HCJ,0.18431162848538377,0.07753326863021383,0.10373644222430438,0.16764462349205886,0.1764021872608668,0.23826552343011237,0.39108893628230335,-0.09687962326349306,2016-08-04,"{""type"":""MultiPoint"",""coordinates"":[]}"
20160824T081602_20160824T084517_T34HCH,0.21253707361111324,0.08471413777738919,0.1080773009668675,0.1611284995954757,0.1428257618623179,0.20533225114592357,0.34135304940854716,-0.15711905824690298,2016-08-24,"{""type"":""MultiPoint"",""coordinates"":[]}"
20160824T081602_20160824T084517_T34HCJ,0.2137412440655056,0.08893371157011319,0.11633378886113319,0.18670100575641047,0.03269464421174105,0.2210767549089755,0.3575603482963913,-0.09971438351629286,2016-08-24,"{""type"":""MultiPoint"",""coordinates"":[]}"
20160923T082002_20160923T084221_T34HCJ,0.2515254281079586,0.10033652906423728,0.1300823085073392,0.19775964644142913,0.17350339936933826,0.19200855137736642,0.31974184043715115,-0.14352846543737327,2016-09-23,"{""type"":""MultiPoint"",""coordinates"":[]}"
20161013T082002_20161013T084551_T34HCH,0.27158583810274306,0.11174129048702668,0.13937362201874165,0.1959950569828728,0.1515452509953116,0.1653806672127821,0.2783324669878618,-0.1754051405437215,2016-10-13,"{""type"":""MultiPoint"",""coordinates"":[]}"
20161013T082002_20161013T084551_T34HCJ,0.27538183426688007,0.11521423834692071,0.1454543294500651,0.21207860611611856,0.16860407048034423,0.17628987220811368,0.2911247141541481,-0.14797229120102046,2016-10-13,"{""type"":""MultiPoint"",""coordinates"":[]}"
20161023T082012_20161023T084854_T34HCJ,0.2876580802264583,0.12282845027720597,0.15284366627131074,0.218697456928749,0.16394511711747636,0.16707350932984044,0.275936598387694,-0.15460202157005334,2016-10-23,"{""type"":""MultiPoint"",""coordinates"":[]}"
20161122T082242_20161122T083847_T34HCH,0.304251390096944,0.12697377931167103,0.15842925731910398,0.21305210508094988,0.14799330316693723,0.13687650477871227,0.24919871689437964,-0.1938245343519553,2016-11-22,"{""type"":""MultiPoint"",""coordinates"":[]}"
20161202T082312_20161202T084729_T34HCH,0.30316314791256105,0.1264389339836571,0.15639352337626494,0.21416296950408598,0.1516571815640712,0.14440746947951916,0.2513688979077322,-0.1905511956626496,2016-12-02,"{""type"":""MultiPoint"",""coordinates"":[]}"
20161202T082312_20161202T084729_T34HCJ,0.314347859698489,0.13863397478282968,0.16803917146978012,0.22618891817982184,0.1493792939105314,0.13904242910484368,0.23576612167269792,-0.17845219346487526,2016-12-02,"{""type"":""MultiPoint"",""coordinates"":[]}"
20170101T082332_20170101T084543_T34HCH,0.30340252779113747,0.1275187971573733,0.15701945568628228,0.21492575704543512,0.1495103532996613,0.14560044880093362,0.2517439586430697,-0.18892185065334868,2017-01-01,"{""type"":""MultiPoint"",""coordinates"":[]}"
20170101T082332_20170101T084543_T34HCJ,0.31507288235234826,0.14078090199883475,0.16882327056806878,0.2288952397993961,0.14914373938036193,0.14407207245480375,0.23669161326456642,-0.17327257430463283,2017-01-01,"{""type"":""MultiPoint"",""coordinates"":[]}"
20170131T082151_20170131T084118_T34HCJ,0.30705365100655146,0.13630052637665116,0.1642311343683791,0.22227195419634313,0.14625344037350632,0.144214988682284,0.23952439637024026,-0.1744967405964676,2017-01-31,"{""type"":""MultiPoint"",""coordinates"":[]}"
20170210T082051_20170210T083752_T34HCH,0.29045898358654987,0.12144785608910103,0.15000287562772838,0.20435538607821221,0.14274271033506558,0.14459585198742564,0.2540380348336094,-0.19335409460370834,2017-02-10,"{""type"":""MultiPoint"",""coordinates"":[]}"
20170210T082051_20170210T083752_T34HCJ,0.3074781475917465,0.13738317847314227,0.16562609855911464,0.21945917197171452,0.1399134332094162,0.13526481942354596,0.23165604660375116,-0.18069093868211367,2017-02-10,"{""type"":""MultiPoint"",""coordinates"":[]}"
20170302T081841_20170302T084108_T34HCH,0.27923098991365675,0.1183090065330263,0.1449138721679323,0.1981066072699545,0.1384392182862047,0.14807632037081142,0.25366616342060394,-0.18966460395371185,2017-03-02,"{""type"":""MultiPoint"",""coordinates"":[]}"
20170302T081841_20170302T084108_T34HCJ,0.2975313452644804,0.13488350373056482,0.16123471076561635,0.21557511638612248,0.1380987868207369,0.14030075592284527,0.23243938921487858,-0.17360011924582078,2017-03-02,"{""type"":""MultiPoint"",""coordinates"":[]}"
20170322T081611_20170322T084728_T34HCH,0.26816607722512,0.1110074404163488,0.1386046024167393,0.18027397178794144,0.12402203604353634,0.1208694105332397,0.23420239274580157,-0.21137545023549204,2017-03-22,"{""type"":""MultiPoint"",""coordinates"":[]}"
20170322T081611_20170322T084728_T34HCJ,0.2882804506237417,0.12658989615915164,0.15482908213605734,0.19780969045355887,0.1254893931063972,0.11644285916625118,0.22026758707682573,-0.1973828914514423,2017-03-22,"{""type"":""MultiPoint"",""coordinates"":[]}"
20170411T081601_20170411T084927_T34HCJ,0.2713457715377902,0.11600437812241954,0.14292566055061476,0.19228356372676975,0.13135461604868826,0.14547662516623944,0.25591235149345226,-0.18778895235420245,2017-04-11,"{""type"":""MultiPoint"",""coordinates"":[]}"
20170416T084919_20170416T084914_T34HCH,0.24422106958082582,0.0974376035955618,0.12201467908806303,0.16737121359315923,0.12692518912881728,0.16284303092225658,0.28860258245158726,-0.21605870050655102,2017-04-16,"{""type"":""MultiPoint"",""coordinates"":[]}"
20170416T084919_20170416T084914_T34HCJ,0.270178266425599,0.1150854949143935,0.14053364589916922,0.18894094961136576,0.1305918948064147,0.14932503287273238,0.2577381945358341,-0.19711554722516672,2017-04-16,"{""type"":""MultiPoint"",""coordinates"":[]}"
20170421T082011_20170421T084245_T34HCJ,0.2650256655627774,0.1144530577668581,0.13887061628473304,0.19037154343973559,0.1305146755965536,0.15694297357735018,0.26189830133150455,-0.18486561482365482,2017-04-21,"{""type"":""MultiPoint"",""coordinates"":[]}"
20170625T082009_20170625T083802_T34HCJ,0.20903788094825812,0.0848152977346131,0.10710949419225547,0.15515175177570434,-0.010581950929427748,0.1990517132653128,0.32580491931518873,-0.1770178653580881,2017-06-25,"{""type"":""MultiPoint"",""coordinates"":[]}"
20170630T081601_20170630T084630_T34HCJ,0.2698952225210894,0.11596322482712648,0.13909682086161404,0.17144069776575094,0.09458151578511816,0.11225323662860424,0.2058918664692746,-0.23340246654380664,2017-06-30,"{""type"":""MultiPoint"",""coordinates"":[]}"
20170809T081601_20170809T084800_T34HCH,0.2239004916295688,0.08873228481111983,0.11046620595703159,0.16554032902431193,0.13794184340503665,0.21897982592016305,0.342779127998906,-0.17467832029892794,2017-08-09,"{""type"":""MultiPoint"",""coordinates"":[]}"
20170809T081601_20170809T084800_T34HCJ,0.24023147021998906,0.09700858026377691,0.12230155430968942,0.18921834357171136,0.16267409827282614,0.20852606635829066,0.32628379725576095,-0.14503465983456765,2017-08-09,"{""type"":""MultiPoint"",""coordinates"":[]}"
20171013T081959_20171013T084606_T34HCH,0.28473459870321605,0.12077621199705262,0.14595576623036635,0.20311489672788316,0.1491495128512257,0.16102166615268212,0.2583904450087792,-0.18163508263975003,2017-10-13,"{""type"":""MultiPoint"",""coordinates"":[]}"
20171018T082011_20171018T084153_T34HCJ,0.2800314839742943,0.12341378477056941,0.15243018141562095,0.2073257857704988,0.14586805128993705,0.14825658020178742,0.255892888116932,-0.1631283781267613,2017-10-18,"{""type"":""MultiPoint"",""coordinates"":[]}"
20171117T082221_20171117T084041_T34HCH,0.2884103596015453,0.12149267650532541,0.1502742994809632,0.21048730380884786,0.1563135389531573,0.15787168968233123,0.26390880506035513,-0.17361345531781958,2017-11-17,"{""type"":""MultiPoint"",""coordinates"":[]}"
20171207T082321_20171207T084325_T34HCH,0.30603858745472,0.1297138434678818,0.16066190576080935,0.21860583316210386,0.1540043456425335,0.1435094755526326,0.25076947133831307,-0.1837009236706523,2017-12-07,"{""type"":""MultiPoint"",""coordinates"":[]}"
20171207T082321_20171207T084325_T34HCJ,0.32133329382498127,0.14279722484320118,0.17229859900547437,0.22686764977546028,0.14493772448811854,0.13087889432407296,0.2257727948951766,-0.18393133531824418,2017-12-07,"{""type"":""MultiPoint"",""coordinates"":[]}"
20171212T082329_20171212T084214_T34HCJ,0.321280441719002,0.14582653376573118,0.17272293128122232,0.23596691953750362,0.15669049001569324,0.14896692324512043,0.2343694321666659,-0.16492053427422468,2017-12-12,"{""type"":""MultiPoint"",""coordinates"":[]}"
20180106T082321_20180106T083802_T34HCJ,0.32047238989870963,0.14168953408771096,0.17136912631573492,0.22314841810014857,0.1398898255587247,0.12569096241658714,0.22248209953503642,-0.19081594859491202,2018-01-06,"{""type"":""MultiPoint"",""coordinates"":[]}"
20180111T082309_20180111T084759_T34HCH,0.3035152160771189,0.12969194135010473,0.1581512915580992,0.2162023236140812,0.152509396584838,0.14580417200125817,0.24598713499832658,-0.18574700684867143,2018-01-11,"{""type"":""MultiPoint"",""coordinates"":[]}"
20180111T082309_20180111T084759_T34HCJ,0.3204842442382749,0.14358863135792613,0.17059977492774683,0.22524865094074456,0.1430876239413571,0.1330167827979501,0.22091814674824556,-0.18580115661115096,2018-01-11,"{""type"":""MultiPoint"",""coordinates"":[]}"
20180116T082251_20180116T084621_T34HCH,0.3016232510847734,0.12935924526749204,0.1598049678120516,0.2182580885910298,0.15167239669967425,0.1455391900113056,0.2532488309971009,-0.17907060710134243,2018-01-16,"{""type"":""MultiPoint"",""coordinates"":[]}"
20180116T082251_20180116T084621_T34HCJ,0.31822483322220024,0.1438425701110951,0.17234253107996816,0.22681526331024998,0.14250033894834924,0.13162222139953603,0.22351226168292196,-0.17872234618628424,2018-01-16,"{""type"":""MultiPoint"",""coordinates"":[]}"
20180121T082239_20180121T083936_T34HCJ,0.3220256417702587,0.14463041529442391,0.17237479405709055,0.2239717738363277,0.14080525016597223,0.1260349122668808,0.2155810395296776,-0.1903712575196699,2018-01-21,"{""type"":""MultiPoint"",""coordinates"":[]}"
20180327T081601_20180327T084659_T34HCH,0.25906004733101595,0.10881369996223046,0.1350369667959442,0.18705822837435948,0.1377442633889528,0.1570584059278392,0.27036340879637094,-0.1819468576939377,2018-03-27,"{""type"":""MultiPoint"",""coordinates"":[]}"
20180327T081601_20180327T084659_T34HCJ,0.2864130529348381,0.12670788255790139,0.1522608681787015,0.20511641961245294,0.13523285828540732,0.14760027349608784,0.24302676632747205,-0.17747409584357876,2018-03-27,"{""type"":""MultiPoint"",""coordinates"":[]}"
20181003T081751_20181003T083901_T34HCJ,0.26076872544951407,0.10818233011275405,0.14046273345594942,0.21700245158648362,0.18951223668612655,0.20008217054352778,0.3267718076687258,-0.1140393856830322,2018-10-03,"{""type"":""MultiPoint"",""coordinates"":[]}"
20181008T081819_20181008T083928_T34HCH,0.27214082494090647,0.10888296710309443,0.13741975320743047,0.19795641068964562,0.162542264032458,0.1765654729592656,0.29366266513681255,-0.17167098042947818,2018-10-08,"{""type"":""MultiPoint"",""coordinates"":[]}"
20181008T081819_20181008T083928_T34HCJ,0.2752144414500728,0.11321487546518451,0.14464634611904575,0.21606641297963755,0.18414063789154927,0.18295154052779047,0.3015728646839546,-0.13843830445391322,2018-10-08,"{""type"":""MultiPoint"",""coordinates"":[]}"
20181023T082001_20181023T084045_T34HCH,0.28372566382630127,0.1187057259889848,0.15014797179746694,0.2058757253600351,0.15597782810172786,0.14977847861040058,0.26673397115607717,-0.1730843131413311,2018-10-23,"{""type"":""MultiPoint"",""coordinates"":[]}"
20181023T082001_20181023T084045_T34HCJ,0.2921517376641114,0.12586166851311043,0.16036127071724596,0.22144120812424184,0.16485735125222403,0.15144050969016415,0.2704833501636917,-0.1515511106289318,2018-10-23,"{""type"":""MultiPoint"",""coordinates"":[]}"
20181028T082039_20181028T084332_T34HCH,0.2935403417604737,0.12504449648087357,0.1540735117379957,0.21665155069805728,0.16708569111359067,0.15934313403553227,0.2622822096090252,-0.16635053904607564,2018-10-28,"{""type"":""MultiPoint"",""coordinates"":[]}"
20181028T082039_20181028T084332_T34HCJ,0.3024013034266849,0.13544180659002167,0.16553675571956977,0.23015217409741226,0.16917955015925407,0.15409363287069508,0.25214363918182225,-0.14814467338311235,2018-10-28,"{""type"":""MultiPoint"",""coordinates"":[]}"
20181107T082129_20181107T083741_T34HCH,0.2868114436213023,0.12171810985842992,0.14988035009300948,0.22017434772481964,0.1761356910086628,0.18192009101368392,0.2844062093505334,-0.14765538610696985,2018-11-07,"{""type"":""MultiPoint"",""coordinates"":[]}"
20181117T082219_20181117T084922_T34HCJ,0.3110883271263378,0.14107017919943607,0.17021890155083344,0.23975556480851595,0.1707414654094812,0.1625797332755447,0.25632755934507045,-0.14265201557730892,2018-11-17,"{""type"":""MultiPoint"",""coordinates"":[]}"
20181122T082241_20181122T084312_T34HCH,0.2976208149603585,0.1266959428787625,0.1580789437241299,0.22558649493355745,0.16945514677826012,0.16573473956954993,0.27496948323702525,-0.15641155935259626,2018-11-22,"{""type"":""MultiPoint"",""coordinates"":[]}"
20181122T082241_20181122T084312_T34HCJ,0.3115457667133157,0.14128179082046194,0.17178692785901323,0.2396727051059776,0.16631734647314808,0.15797188118266683,0.2555341279724597,-0.14385833434321532,2018-11-22,"{""type"":""MultiPoint"",""coordinates"":[]}"
20181217T082339_20181217T083858_T34HCH,0.29679255151780964,0.12466519817910787,0.15453439350730366,0.2193957986108712,0.16693587629195225,0.16237595329699736,0.26896440025364887,-0.16876475585901016,2018-12-17,"{""type"":""MultiPoint"",""coordinates"":[]}"
20181217T082339_20181217T083858_T34HCJ,0.3150146393316782,0.14123573973414197,0.1708314705003311,0.23612094999489597,0.1658102575861331,0.15372665096299917,0.24891526191373411,-0.15466517359980253,2018-12-17,"{""type"":""MultiPoint"",""coordinates"":[]}"
20181222T082341_20181222T084856_T34HCH,0.29637969267399705,0.12655803135868882,0.15873574642608773,0.21821983236804599,0.15800536992203315,0.14565613175033634,0.258255055546925,-0.17114064673982451,2018-12-22,"{""type"":""MultiPoint"",""coordinates"":[]}"
20181222T082341_20181222T084856_T34HCJ,0.3138561289570744,0.1398071758589769,0.1718724972241487,0.2321839005400113,0.15477688743317947,0.14115302268260557,0.24681761746779016,-0.16570986124740447,2018-12-22,"{""type"":""MultiPoint"",""coordinates"":[]}"
20190101T082331_20190101T084846_T34HCH,0.2887427568679293,0.12353474182107661,0.1535767435030025,0.22432375174611216,0.1721928722030719,0.17337877181650957,0.2803208257145561,-0.14662071990049047,2019-01-01,"{""type"":""MultiPoint"",""coordinates"":[]}"
20190101T082331_20190101T084846_T34HCJ,0.3061397536114083,0.13619455870904287,0.1662022941832894,0.24092535814641414,0.17144625383781775,0.1730112496977544,0.2749290861492871,-0.1388246624406684,2019-01-01,"{""type"":""MultiPoint"",""coordinates"":[]}"
20190106T082329_20190106T084423_T34HCH,0.2913201700858901,0.12390846265352458,0.15259001513283735,0.21668962537580239,0.16395280335958756,0.16135786081314074,0.264506116671062,-0.16618911458582897,2019-01-06,"{""type"":""MultiPoint"",""coordinates"":[]}"
20190106T082329_20190106T084423_T34HCJ,0.3117905920611728,0.1377425168075526,0.16668163409104883,0.23293374635499842,0.16100573233067406,0.1581165066886199,0.25688840775346145,-0.16326196881011987,2019-01-06,"{""type"":""MultiPoint"",""coordinates"":[]}"
20190111T082311_20190111T083838_T34HCJ,0.3154091560786328,0.14847340881291143,0.17921461006858877,0.24271722142412083,2.6634952905200104,0.14671426843111254,0.24629571637005573,-0.14838727014390846,2019-01-11,"{""type"":""MultiPoint"",""coordinates"":[]}"
20190116T082309_20190116T084207_T34HCH,0.2901194318691908,0.12239924212985692,0.1519297668800659,0.21207999459441007,0.15904170608214563,0.1538333912946674,0.26173143720352887,-0.17403333038924865,2019-01-16,"{""type"":""MultiPoint"",""coordinates"":[]}"
20190116T082309_20190116T084207_T34HCJ,0.3099503180810757,0.1388661200043315,0.16814486602438242,0.22857056551233765,0.15808679909981582,0.14601081274999836,0.2424449836261771,-0.16201071563808694,2019-01-16,"{""type"":""MultiPoint"",""coordinates"":[]}"
20190121T082241_20190121T084319_T34HCH,0.2857181867173577,0.12360646697036526,0.15248966110890622,0.21527274263656984,0.1579394778611829,0.1591350179592537,0.2642080383523918,-0.16034863295827115,2019-01-21,"{""type"":""MultiPoint"",""coordinates"":[]}"
20190121T082241_20190121T084319_T34HCJ,0.30435837016258427,0.1371933924052607,0.16593738844998676,0.2285391667372773,0.15691534648237188,0.1518799162728435,0.24777096445724783,-0.15411765081225684,2019-01-21,"{""type"":""MultiPoint"",""coordinates"":[]}"
20190126T082219_20190126T083753_T34HCH,0.2933758694216267,0.1251267434844086,0.15530481532096924,0.2193217919037144,0.1648849741011109,0.160652756097658,0.2690611971733135,-0.16406773458920693,2019-01-26,"{""type"":""MultiPoint"",""coordinates"":[]}"
20190126T082219_20190126T083753_T34HCJ,0.3084131084680393,0.13539625728550347,0.16479908868273924,0.22777634762080554,2.904667913450047,0.15539032479983214,0.258997210225066,-0.16726129159895117,2019-01-26,"{""type"":""MultiPoint"",""coordinates"":[]}"
20190131T082201_20190131T084026_T34HCJ,0.3084161027966296,0.16105101805207575,0.19406616343803468,0.25395748630968973,5.483899454713367,0.1386768721112344,0.24291595328039872,-0.1158371092547538,2019-01-31,"{""type"":""MultiPoint"",""coordinates"":[]}"
20190205T082129_20190205T084435_T34HCH,0.28407270217464015,0.11804070512291773,0.14748223270313998,0.21316448050117195,0.16864203899193253,0.17070386028732049,0.28212902750318736,-0.16339758695631174,2019-02-05,"{""type"":""MultiPoint"",""coordinates"":[]}"
20190205T082129_20190205T084435_T34HCJ,0.3002198305982737,0.13004557992909457,0.15817142900832212,0.22229621918250358,0.16260174597640686,0.16179763091794885,0.2604173419279959,-0.16109832532513557,2019-02-05,"{""type"":""MultiPoint"",""coordinates"":[]}"
20190210T082101_20190210T084248_T34HCJ,0.32085833699994065,0.1534769334968089,0.1843201820415161,0.23003151679403058,0.13603265503766176,0.11554686889983379,0.2173429888190225,-0.17662582375732633,2019-02-10,"{""type"":""MultiPoint"",""coordinates"":[]}"
20190215T082029_20190215T084041_T34HCH,0.28007547369993213,0.11618896320384067,0.1448017600028952,0.19854556710688995,0.1488072779208807,0.146285158263449,0.2572997897511789,-0.1882926596792087,2019-02-15,"{""type"":""MultiPoint"",""coordinates"":[]}"
20190215T082029_20190215T084041_T34HCJ,0.3019824148056223,0.12815762080418142,0.15762652617582118,0.21303726316199248,0.14638755590105537,0.14495615162892456,0.2544134223317474,-0.1881825088101969,2019-02-15,"{""type"":""MultiPoint"",""coordinates"":[]}"
20190225T081919_20190225T084240_T34HCH,0.28090040792375387,0.11657015733511303,0.14590798919014566,0.2039871261984926,0.15616835768960935,0.15765673734806596,0.2715516315461823,-0.17782490602073817,2019-02-25,"{""type"":""MultiPoint"",""coordinates"":[]}"
20190225T081919_20190225T084240_T34HCJ,0.29979357063131645,0.13121445483941963,0.15981264430925124,0.2171952362336648,0.1525625843509885,0.14838433277931865,0.248738735838014,-0.17021537407798035,2019-02-25,"{""type"":""MultiPoint"",""coordinates"":[]}"
20190302T081841_20190302T084648_T34HCJ,0.29436103616523623,0.1256366273317712,0.15719855773797317,0.20748603145958974,0.13905719573979228,0.1376921423852582,0.26168459370418967,-0.19257360098490311,2019-03-02,"{""type"":""MultiPoint"",""coordinates"":[]}"
20190307T081809_20190307T084746_T34HCJ,0.29211223295051636,0.12378531811995745,0.15214760792445908,0.20799652160755286,0.1461976520859772,0.1542145493687823,0.26729595102267983,-0.18615547307449817,2019-03-07,"{""type"":""MultiPoint"",""coordinates"":[]}"
20190327T082009_20190327T083819_T34HCH,0.25030828294534274,0.10181773688871378,0.12742499282785655,0.18322272268621037,0.15343559095778844,0.17470979700160585,0.2905448285350463,-0.17263289144158406,2019-03-27,"{""type"":""MultiPoint"",""coordinates"":[]}"
20190327T082009_20190327T083819_T34HCJ,0.2761289442451178,0.11476167596626145,0.14221103493753032,0.20106870351355385,0.052354796710979215,0.17140930784334416,0.28332599985528456,-0.1693012578930082,2019-03-27,"{""type"":""MultiPoint"",""coordinates"":[]}"
20190401T081601_20190401T084643_T34HCJ,0.27503721867144926,0.12972500441442253,0.15597732224923927,0.21742227395958275,0.33530834319731734,0.17265257375607945,0.27406846047708777,-0.13526238189608877,2019-04-01,"{""type"":""MultiPoint"",""coordinates"":[]}"
20190406T081609_20190406T084429_T34HCH,0.24063863284212283,0.09473150556118548,0.12096152188751366,0.18105515876820322,0.159294722703777,0.2000300958332243,0.3296380616545618,-0.16249498740545454,2019-04-06,"{""type"":""MultiPoint"",""coordinates"":[]}"
20190406T081609_20190406T084429_T34HCJ,0.2633416487361179,0.10860751033480165,0.13498630922402102,0.19612073246287134,0.1588059004708073,0.1843063341605441,0.29758538471804413,-0.1584249802661809,2019-04-06,"{""type"":""MultiPoint"",""coordinates"":[]}"
20190411T081611_20190411T084540_T34HCH,0.2357289385472696,0.09646227184205235,0.12245986147417968,0.17298798690890257,0.14063489361894874,0.16646948579042453,0.2900862863391776,-0.1724339803983845,2019-04-11,"{""type"":""MultiPoint"",""coordinates"":[]}"
20190411T081611_20190411T084540_T34HCJ,0.2613094245508198,0.10671882756083163,0.13429948891138993,0.18850346283223773,0.1431489896719853,0.17709818312012285,0.3023935310152418,-0.18198663080339963,2019-04-11,"{""type"":""MultiPoint"",""coordinates"":[]}"
20190416T081609_20190416T084815_T34HCJ,0.253434345436067,0.10479283025131071,0.12950999955987985,0.19217833669945777,0.1586993763767554,0.1978505489379303,0.3101389729668862,-0.15097184364704738,2019-04-16,"{""type"":""MultiPoint"",""coordinates"":[]}"
20190426T081609_20190426T084614_T34HCJ,0.2514777251011011,0.10284342243229387,0.12820347230842435,0.18386315308264004,0.14882344666384775,0.18377748045618628,0.30130329232888325,-0.16966828114669683,2019-04-26,"{""type"":""MultiPoint"",""coordinates"":[]}"
20190501T081611_20190501T084600_T34HCH,0.22671074835321853,0.10037096630924339,0.1244191457019182,0.17366779949308409,0.3004719411034622,0.1768468006714892,0.30150316941392585,-0.15949637317239237,2019-05-01,"{""type"":""MultiPoint"",""coordinates"":[]}"
20190501T081611_20190501T084600_T34HCJ,0.24058117250749708,0.10095737349623585,0.12632361666480002,0.1804969864944031,0.14181467661351196,0.18314957738566098,0.3060979110137039,-0.1608325638061563,2019-05-01,"{""type"":""MultiPoint"",""coordinates"":[]}"
20190506T081609_20190506T084738_T34HCH,0.21802328611760033,0.08562775136035664,0.10833642232853787,0.1595819633286339,0.13895291528584305,0.19776087475807722,0.32443404028233225,-0.17709910111911936,2019-05-06,"{""type"":""MultiPoint"",""coordinates"":[]}"
20190506T081609_20190506T084738_T34HCJ,0.24424662308142028,0.09956777007278739,0.12282472079773207,0.17667112406021204,0.1407097323205005,0.18856502297062672,0.30134202455594966,-0.1779087683739982,2019-05-06,"{""type"":""MultiPoint"",""coordinates"":[]}"
20190511T081611_20190511T084821_T34HCJ,0.23706824407244464,0.09788387356143516,0.12245845042145515,0.1727334220610342,0.13394901531551537,0.17678361461982187,0.29937764738830636,-0.1753239912182781,2019-05-11,"{""type"":""MultiPoint"",""coordinates"":[]}"
20190531T081611_20190531T084641_T34HCH,0.18899898631108783,0.08466192539439671,0.10754733774042842,0.14833154613974123,4.834681373952032,0.14721086623486385,0.26577492574292316,-0.12094482161856289,2019-05-31,"{""type"":""MultiPoint"",""coordinates"":[]}"
20190531T081611_20190531T084641_T34HCJ,0.20988197293865155,0.09463381086531941,0.11868979896907125,0.16259640821799534,4.8706914451708085,0.16214837282980715,0.2816959593937326,-0.13847503301079891,2019-05-31,"{""type"":""MultiPoint"",""coordinates"":[]}"
20190615T081609_20190615T083749_T34HCH,0.19014714582847966,0.07333805357344382,0.09315875973280838,0.1490347100066179,0.1429224196300024,0.2824227915216008,0.4075359636755358,-0.14485867743885297,2019-06-15,"{""type"":""MultiPoint"",""coordinates"":[]}"
20190615T081609_20190615T083749_T34HCJ,0.21121877698134037,0.0842599583122029,0.10612282844385806,0.16491887834283006,0.14817933750144086,0.23780875411945815,0.3613224365627042,-0.15065127588807609,2019-06-15,"{""type"":""MultiPoint"",""coordinates"":[]}"
20190625T081609_20190625T084423_T34HCJ,0.23303730421372426,0.11430190587167072,0.13758106582871654,0.18594710778298706,0.14351918387592255,0.162876744764356,0.2700809148085289,-0.12613175623800865,2019-06-25,"{""type"":""MultiPoint"",""coordinates"":[]}"
20190630T081611_20190630T084608_T34HCJ,0.19674565953705153,0.07958917760197702,0.1050090497043714,0.15799091219492786,0.14431794821555097,0.2058959495312579,0.34875753646673174,-0.1318396024291925,2019-06-30,"{""type"":""MultiPoint"",""coordinates"":[]}"
20190705T081609_20190705T084647_T34HCH,0.17799074881768015,0.08833873942178834,0.10828522465038254,0.15482281730751654,0.0967346997614998,0.2304580684478027,0.364961448537153,-0.10331992269168593,2019-07-05,"{""type"":""MultiPoint"",""coordinates"":[]}"
20190705T081609_20190705T084647_T34HCJ,0.18248442132784284,0.08077056689899614,0.10436606221332657,0.16261891467430054,0.15913700821403942,0.24425237767806643,0.3873117310704737,-0.08666611923563877,2019-07-05,"{""type"":""MultiPoint"",""coordinates"":[]}"
20190710T081611_20190710T084315_T34HCH,0.1842529098690151,0.07129146993314917,0.09304630756384341,0.14265977761260704,0.1316646603683726,0.2502958663296699,0.3997471116446482,-0.17228014867745917,2019-07-10,"{""type"":""MultiPoint"",""coordinates"":[]}"
20190710T081611_20190710T084315_T34HCJ,0.1982900977812656,0.07610265901082248,0.10148774423941888,0.16289066426640275,0.24964329104664645,0.2490598454635168,0.3967351162610608,-0.12904273623364812,2019-07-10,"{""type"":""MultiPoint"",""coordinates"":[]}"
20190715T081609_20190715T084629_T34HCH,0.18939720369945798,0.07879079515074902,0.0978552883413263,0.15042540681471808,0.1398913527989236,0.20140469090855193,0.3110646703959662,-0.10618136352654262,2019-07-15,"{""type"":""MultiPoint"",""coordinates"":[]}"
20190715T081609_20190715T084629_T34HCJ,0.20861089291524196,0.08285874046142003,0.10595483299897952,0.17337479111255677,0.17073142993125653,0.23802952798025073,0.3561336658694797,-0.10359701244889978,2019-07-15,"{""type"":""MultiPoint"",""coordinates"":[]}"
20190720T081611_20190720T084228_T34HCH,0.17684190309917922,0.09628281176496806,0.11811418598180833,0.16255629541767436,-1.0401054887164711,0.2036411074959019,0.33753561339390914,-0.06757721635628004,2019-07-20,"{""type"":""MultiPoint"",""coordinates"":[]}"
20190720T081611_20190720T084228_T34HCJ,0.1927804445440944,0.09092672566518997,0.11647509438396103,0.17642952163240672,-0.0771202988141384,0.21495479174426774,0.3510699459932935,-0.06525559893850111,2019-07-20,"{""type"":""MultiPoint"",""coordinates"":[]}"
20190725T081609_20190725T084622_T34HCJ,0.1825765841317378,0.09434612919034065,0.12012959995129621,0.17944749900914372,-4.914311049036748,0.2261200234531418,0.3671863522398401,-0.05234264607361371,2019-07-25,"{""type"":""MultiPoint"",""coordinates"":[]}"
20190804T081609_20190804T084646_T34HCH,0.1924577707959751,0.07371638388821232,0.09540128591982847,0.15414946156651468,0.15483383726394273,0.2502756954502658,0.3901878783774181,-0.13108285418268284,2019-08-04,"{""type"":""MultiPoint"",""coordinates"":[]}"
20190804T081609_20190804T084646_T34HCJ,0.20628666807955515,0.07978785532955025,0.10548316151688449,0.17872068285593212,0.18537328256696728,0.24875405031145092,0.38357738485441817,-0.09890819239126919,2019-08-04,"{""type"":""MultiPoint"",""coordinates"":[]}"
20190809T081611_20190809T084814_T34HCH,0.18486005348059525,0.0776581597181814,0.10120465794116945,0.154458194472457,-3.67650493565546,0.22735336397062303,0.37474701100582136,-0.1156612204897482,2019-08-09,"{""type"":""MultiPoint"",""coordinates"":[]}"
20190809T081611_20190809T084814_T34HCJ,0.19386162698795611,0.08438293047222954,0.11280216444176706,0.1814299445259024,0.716291775812435,0.23666342345244704,0.3869997445779025,-0.06725560785511961,2019-08-09,"{""type"":""MultiPoint"",""coordinates"":[]}"
20190814T081609_20190814T084512_T34HCJ,0.21341245336683679,0.09429282525257601,0.12119325149933818,0.18906870047303226,0.18439283392324385,0.2171209798187562,0.3472425068232341,-0.08287762973833268,2019-08-14,"{""type"":""MultiPoint"",""coordinates"":[]}"
20190819T081611_20190819T084530_T34HCJ,0.22484053419830974,0.09226697680570511,0.12068709402641853,0.1920829164862789,0.18193132592630418,0.21561767087376127,0.34766110325015664,-0.10328449304791508,2019-08-19,"{""type"":""MultiPoint"",""coordinates"":[]}"
20190824T081609_20190824T084828_T34HCH,0.22818397823724076,0.09351740785810707,0.11586594315881202,0.17736803007019844,0.1605639517130748,0.20935580122794187,0.3155722400086997,-0.13319790959060773,2019-08-24,"{""type"":""MultiPoint"",""coordinates"":[]}"
20190824T081609_20190824T084828_T34HCJ,0.23719385627576847,0.09667874038943752,0.12275961866521946,0.19968440786785868,0.1910656891299014,0.22372848002303808,0.3364933321560328,-0.10431959628558289,2019-08-24,"{""type"":""MultiPoint"",""coordinates"":[]}"
20190829T081601_20190829T084807_T34HCJ,0.23479432055188212,0.0972635997365002,0.12590131209821387,0.1987100998903177,0.18373923244756893,0.21227332017081532,0.3386290804268673,-0.10458474067730959,2019-08-29,"{""type"":""MultiPoint"",""coordinates"":[]}"
20190903T081609_20190903T084903_T34HCH,0.23064495844775468,0.09203260818588908,0.11499757080619565,0.17653907406237354,0.1594681059927753,0.21412684971105964,0.3303814948039269,-0.14526365739129765,2019-09-03,"{""type"":""MultiPoint"",""coordinates"":[]}"
20190903T081609_20190903T084903_T34HCJ,0.24369266451844862,0.09809364886580907,0.1251494505682359,0.2034596002879424,0.1910209827508969,0.22649955212554296,0.34506826781997585,-0.11437479803498249,2019-09-03,"{""type"":""MultiPoint"",""coordinates"":[]}"
20190908T081601_20190908T084150_T34HCH,0.24903675702081576,0.10253906406835328,0.12955800014209026,0.18370270592762672,0.14704537031153062,0.1696902641823565,0.28640775734419677,-0.15907299218585874,2019-09-08,"{""type"":""MultiPoint"",""coordinates"":[]}"
20190908T081601_20190908T084150_T34HCJ,0.25688551850472024,0.10270062756530215,0.13339104938457486,0.20299149569686983,0.17440600697336242,0.1941051139746981,0.32019064083597715,-0.13671205081918783,2019-09-08,"{""type"":""MultiPoint"",""coordinates"":[]}"
20190923T081639_20190923T084305_T34HCH,0.25413947412450527,0.10404759022461715,0.12862551313223752,0.18592850166332722,0.15397863745049017,0.18084787323039805,0.2882647176032808,-0.16555254974323225,2019-09-23,"{""type"":""MultiPoint"",""coordinates"":[]}"
20190923T081639_20190923T084305_T34HCJ,0.2633259233893984,0.10904633190379677,0.13704155290741724,0.20914782799767365,0.18272599900107894,0.19618638908639707,0.3067041546129312,-0.1314470032840125,2019-09-23,"{""type"":""MultiPoint"",""coordinates"":[]}"
20191003T081749_20191003T084903_T34HCH,0.2683486778868504,0.11518215000425645,0.14125958983919878,0.20005641984421407,0.9295705278341709,0.1751554529845433,0.28218513076202467,-0.16115127631605639,2019-10-03,"{""type"":""MultiPoint"",""coordinates"":[]}"
20191003T081749_20191003T084903_T34HCJ,0.27230281120423994,0.11224494271473427,0.1413395545674914,0.21203271611905192,0.17780706256258494,0.19295611126726625,0.3069826052683533,-0.14407610110893299,2019-10-03,"{""type"":""MultiPoint"",""coordinates"":[]}"
20191008T081831_20191008T084618_T34HCH,0.26577516709002114,0.11024341643829366,0.13813124700880852,0.19712891020916662,0.15542183340861107,0.17249839202416287,0.28760102904568774,-0.1637592929202504,2019-10-08,"{""type"":""MultiPoint"",""coordinates"":[]}"
20191008T081831_20191008T084618_T34HCJ,0.2769026923232351,0.1160154596426622,0.14728841699571835,0.2157221751788047,0.16908557565913368,0.18267988672735913,0.30495191811549927,-0.14672752499451566,2019-10-08,"{""type"":""MultiPoint"",""coordinates"":[]}"
20191013T081859_20191013T084339_T34HCJ,0.28607006485690567,0.12342054316020215,0.15261320221588529,0.22377536765931638,0.17663642346189598,0.18225353903005953,0.28747599022587433,-0.13696900512321408,2019-10-13,"{""type"":""MultiPoint"",""coordinates"":[]}"
20191018T081941_20191018T084056_T34HCJ,0.29214089551736344,0.12708052060834205,0.1590208862147243,0.21849176174871776,0.15681458217121355,0.1488238185570139,0.26110277017202305,-0.161236532805911,2019-10-18,"{""type"":""MultiPoint"",""coordinates"":[]}"
20191102T082009_20191102T084258_T34HCH,0.27436544548636194,0.11409179261609506,0.14265362618385424,0.21242732585350427,0.18028731026937153,0.18714841839522353,0.29691599556075365,-0.14330617984033509,2019-11-02,"{""type"":""MultiPoint"",""coordinates"":[]}"
20191102T082009_20191102T084258_T34HCJ,0.28482941474669976,0.12057802760876632,0.1512684787983135,0.22733334255458398,0.18609654931044795,0.1921090961180506,0.3068532504527086,-0.1311026515257788,2019-11-02,"{""type"":""MultiPoint"",""coordinates"":[]}"
20191117T082221_20191117T084136_T34HCJ,0.31060680847749805,0.14424109098917254,0.17538094492565942,0.24565276891758858,-0.685931797326509,0.1620805826214187,0.2642403210314711,-0.13406477533425804,2019-11-17,"{""type"":""MultiPoint"",""coordinates"":[]}"
20191122T082149_20191122T084830_T34HCH,0.2953043622869696,0.12461186418293964,0.15434303173991498,0.22431213266618208,0.17680960936405762,0.17306887045643093,0.2783604141086259,-0.15488586765081178,2019-11-22,"{""type"":""MultiPoint"",""coordinates"":[]}"
20191122T082149_20191122T084830_T34HCJ,0.30903644597232444,0.13748918539064542,0.16631463292531742,0.23489495341601066,0.17055658520902964,0.16323707117496092,0.25814244840017114,-0.14864304600202632,2019-11-22,"{""type"":""MultiPoint"",""coordinates"":[]}"
20191127T082301_20191127T084023_T34HCH,0.2880502667044454,0.12324405247024171,0.1527585824095281,0.2237923870282615,0.17378297697290324,0.17461121898801535,0.27925879876331106,-0.14504343349498575,2019-11-27,"{""type"":""MultiPoint"",""coordinates"":[]}"
20191127T082301_20191127T084023_T34HCJ,0.3084839677424481,0.13825541163841423,0.16763094806166817,0.24212743322424746,0.1704653042343943,0.17105570596824934,0.26904308086765444,-0.14033432206573107,2019-11-27,"{""type"":""MultiPoint"",""coordinates"":[]}"
20191202T082219_20191202T084611_T34HCH,0.29726872013165734,0.12553398897653187,0.15528000072561327,0.21786221181340434,0.16475996612383365,0.15598404608394703,0.2612975296960031,-0.17108211568401596,2019-12-02,"{""type"":""MultiPoint"",""coordinates"":[]}"
20191202T082219_20191202T084611_T34HCJ,0.31633055038504604,0.14014371648116705,0.1705167503570635,0.23257768808162776,0.15816009433623454,0.1473139277638225,0.24804317789917926,-0.16682685641664888,2019-12-02,"{""type"":""MultiPoint"",""coordinates"":[]}"
20191207T082331_20191207T083209_T34HCH,0.29689255955148336,0.12740456857914134,0.15929566915950102,0.22226722447646935,0.16312657842018866,0.1532075692130158,0.26419084413448235,-0.16167575192221514,2019-12-07,"{""type"":""MultiPoint"",""coordinates"":[]}"
20191207T082331_20191207T083209_T34HCJ,0.3158053372190944,0.14189676577090352,0.17303704923987842,0.23866266572798878,0.15980207625340628,0.15132187153433863,0.25315404358816435,-0.156452927530233,2019-12-07,"{""type"":""MultiPoint"",""coordinates"":[]}"
20191212T082239_20191212T084328_T34HCJ,0.3208539505574457,0.14228293082692572,0.17365788790065326,0.23228144450521662,1.1641753466948563,0.13808053145751664,0.24088639603451037,-0.1755950200337196,2019-12-12,"{""type"":""MultiPoint"",""coordinates"":[]}"
20191217T082341_20191217T084823_T34HCH,0.2949359814963158,0.12620154594103744,0.15560477516196783,0.22353000070513723,0.16685337752369578,0.16695471416133584,0.27053308707540713,-0.155842440536127,2019-12-17,"{""type"":""MultiPoint"",""coordinates"":[]}"
20191217T082341_20191217T084823_T34HCJ,0.3155806735219505,0.14168232304429004,0.1709272570293784,0.23869148815009736,0.16340327708876437,0.15823169508072332,0.25275028154584606,-0.1506109850233104,2019-12-17,"{""type"":""MultiPoint"",""coordinates"":[]}"
20191222T082249_20191222T084444_T34HCH,0.29164453904704696,0.12251277475267185,0.15155417466658047,0.2199451002995802,0.1721326599464973,0.17043850796069282,0.2746742092038577,-0.15882203297163158,2019-12-22,"{""type"":""MultiPoint"",""coordinates"":[]}"
20191222T082249_20191222T084444_T34HCJ,0.3118630284206419,0.13600748175622243,0.16517772642837383,0.23439563843557412,0.25149043954878547,0.16494193149557815,0.26489689825968216,-0.1588040745046045,2019-12-22,"{""type"":""MultiPoint"",""coordinates"":[]}"
20191227T082341_20191227T084017_T34HCJ,0.3119478940415363,0.15140640443414294,0.18193224334402372,0.24771168658997808,1.2111077377817348,0.15105275540908872,0.2499568808330403,-0.1326153996792452,2019-12-27,"{""type"":""MultiPoint"",""coordinates"":[]}"
20200101T082239_20200101T084429_T34HCH,0.2941630298671666,0.12273353165447536,0.15272409214133495,0.21526079411560065,0.16336237190529623,0.15729832668096974,0.2660076114838828,-0.1734514185338069,2020-01-01,"{""type"":""MultiPoint"",""coordinates"":[]}"
20200101T082239_20200101T084429_T34HCJ,0.31385885495106786,0.13959921292629873,0.16895091962570738,0.23139597439310788,0.16087077256325025,0.14882831484785009,0.24496817800962123,-0.16271375426836387,2020-01-01,"{""type"":""MultiPoint"",""coordinates"":[]}"
20200111T082219_20200111T084335_T34HCH,0.29803265942159646,0.12625970469186312,0.15560896942918606,0.22248782762303862,0.16873730575957097,0.1642497497675481,0.2677987872119956,-0.16372549476061884,2020-01-11,"{""type"":""MultiPoint"",""coordinates"":[]}"
20200111T082219_20200111T084335_T34HCJ,0.3122487360449382,0.1356571221007416,0.16414610831692186,0.22969306209609042,0.15946730878459495,0.1592076090053437,0.25788331490734623,-0.16868538274478093,2020-01-11,"{""type"":""MultiPoint"",""coordinates"":[]}"
20200116T082301_20200116T084553_T34HCH,0.29507639161986104,0.12335991049117678,0.15610252928570018,0.2094858552865078,0.14806707481222614,0.13383014033196816,0.2533278460612065,-0.18855962462453307,2020-01-16,"{""type"":""MultiPoint"",""coordinates"":[]}"
20200116T082301_20200116T084553_T34HCJ,0.3143054422831525,0.1386490650822799,0.17035774840376305,0.22221310898889102,0.14541296471894052,0.1259682735802009,0.23008935416654167,-0.1816226316443059,2020-01-16,"{""type"":""MultiPoint"",""coordinates"":[]}"
20200131T082059_20200131T084725_T34HCH,0.27786050715420935,0.11226971584072279,0.14072525952698126,0.201951419261859,0.16124135333448042,0.16770786633344614,0.28184762150474596,-0.1762767778259587,2020-01-31,"{""type"":""MultiPoint"",""coordinates"":[]}"
20200131T082059_20200131T084725_T34HCJ,0.2999792750959881,0.12784414317535603,0.1561233459565279,0.21668632372855948,0.15523485726558056,0.15623603171949052,0.259768915885402,-0.17433733778876473,2020-01-31,"{""type"":""MultiPoint"",""coordinates"":[]}"
20200205T082121_20200205T083129_T34HCH,0.27467196136058075,0.11525520800400263,0.14435864889678088,0.2005319990939215,0.1554509760201307,0.15153729733412125,0.2639675796571242,-0.1711686380486461,2020-02-05,"{""type"":""MultiPoint"",""coordinates"":[]}"
20200210T081959_20200210T084619_T34HCJ,0.2958368854888871,0.12854337563134552,0.1561415659666601,0.21818980625007076,0.16246963156272567,0.16038097349745123,0.25843742318132223,-0.1595573875726167,2020-02-10,"{""type"":""MultiPoint"",""coordinates"":[]}"
20200215T082021_20200215T084629_T34HCH,0.26809577740959567,0.10967018725572246,0.1392007340077363,0.19638987933812663,0.15571454440631494,0.16021492212145882,0.27955994521511324,-0.17135040017059108,2020-02-15,"{""type"":""MultiPoint"",""coordinates"":[]}"
20200215T082021_20200215T084629_T34HCJ,0.29382831836949164,0.12463581205776594,0.15524199169139288,0.2123795201973537,0.14964159769647314,0.15109874007630142,0.2670590124297239,-0.17558047487252343,2020-02-15,"{""type"":""MultiPoint"",""coordinates"":[]}"
20200220T081959_20200220T084421_T34HCJ,0.2917784642945829,0.13084063860202286,0.15984196628961048,0.21596386745143495,0.1845966628929031,0.14738844892578587,0.254280824916962,-0.164112591722339,2020-02-20,"{""type"":""MultiPoint"",""coordinates"":[]}"
20200225T081921_20200225T084445_T34HCH,0.26605580082234814,0.10854635097743418,0.13737592473096008,0.19983457394212922,0.1628688776652065,0.17548303844406268,0.2930167926093977,-0.15963538224575372,2020-02-25,"{""type"":""MultiPoint"",""coordinates"":[]}"
20200225T081921_20200225T084445_T34HCJ,0.2889766815110086,0.12556515148880315,0.15361538374008218,0.2143764384760742,0.15594778178718072,0.16072243400492175,0.26305212463755895,-0.15737985767853993,2020-02-25,"{""type"":""MultiPoint"",""coordinates"":[]}"
20200301T081749_20200301T084456_T34HCH,0.26684217703378743,0.10833264999401299,0.13638869042971197,0.19647569149391927,0.1625479050225645,0.1711431660587096,0.2858223619296877,-0.16774130454331088,2020-03-01,"{""type"":""MultiPoint"",""coordinates"":[]}"
20200301T081749_20200301T084456_T34HCJ,0.29095577618026663,0.12143336419560505,0.1500911648158624,0.20887370024284482,0.1520474590077532,0.16175882025466723,0.27595603387113193,-0.1793933913465294,2020-03-01,"{""type"":""MultiPoint"",""coordinates"":[]}"
20200306T081811_20200306T084005_T34HCJ,0.29279549429250085,0.12936465793223473,0.1598977452325171,0.20761440885628107,-1.327586680914092,0.12536469003714185,0.23391778496210078,-0.17751853648844051,2020-03-06,"{""type"":""MultiPoint"",""coordinates"":[]}"
20200316T081651_20200316T084714_T34HCJ,0.30518875885917596,0.1604364605875965,0.19104078504204788,0.24155547626618418,0.4676717380160098,0.12871335841848847,0.2309202428016483,-0.1334672180902403,2020-03-16,"{""type"":""MultiPoint"",""coordinates"":[]}"
20200321T081619_20200321T084843_T34HCH,0.26266368761557746,0.11683869781977577,0.14330768596783522,0.19653974774426722,0.2508100796154178,0.15846680464678453,0.2704415781830046,-0.16490152924841567,2020-03-21,"{""type"":""MultiPoint"",""coordinates"":[]}"
20200321T081619_20200321T084843_T34HCJ,0.2824646706596677,0.12559329410159653,0.15232463636247331,0.20882105133822573,0.15185631215672507,0.15599869632622912,0.25568435806563605,-0.1575523732429097,2020-03-21,"{""type"":""MultiPoint"",""coordinates"":[]}"
20200321T081619_20200321T084937_T34HCH,0.26837594953178245,0.1270154235814087,0.15473728790746605,0.20720320745695212,0.15915710855722023,0.16041790018442337,0.2762282083533153,-0.15166511043744813,2020-03-21,"{""type"":""MultiPoint"",""coordinates"":[]}"
20200321T081619_20200321T084937_T34HCJ,0.2767143690730591,0.1321048891444631,0.1610288392071133,0.20638391277002385,0.14000837823014692,0.13091401488613227,0.2488194499928845,-0.17006399983274445,2020-03-21,"{""type"":""MultiPoint"",""coordinates"":[]}"
20200326T081601_20200326T084559_T34HCJ,0.2834396034399583,0.14206227459529913,0.17056100076988398,0.22645669116938358,0.15399376686800825,0.1543103375345815,0.26234818244151,-0.127951334778603,2020-03-26,"{""type"":""MultiPoint"",""coordinates"":[]}"
20200420T081559_20200420T083826_T34HCJ,0.25452056369983167,0.10758480027285396,0.1319669011374343,0.18782622721628472,0.14576975717498877,0.1808305375232273,0.29163312483083287,-0.16798516537293867,2020-04-20,"{""type"":""MultiPoint"",""coordinates"":[]}"
20200425T081611_20200425T084558_T34HCJ,0.28206936160930307,0.13891018052499216,0.16561797975631154,0.21476598751895992,0.5516286371209551,0.14871994322965626,0.25518365252646197,-0.15234804378653088,2020-04-25,"{""type"":""MultiPoint"",""coordinates"":[]}"
20200430T081559_20200430T084520_T34HCH,0.21524916904044417,0.08574659281192677,0.10752293500052094,0.1613049366054883,0.14175498917951806,0.20949274538549836,0.3283555583958554,-0.16470167067572172,2020-04-30,"{""type"":""MultiPoint"",""coordinates"":[]}"
20200430T081559_20200430T084520_T34HCJ,0.24454457756654693,0.10203557833157897,0.12490240231790563,0.18219662772232953,0.14553899298995818,0.1909794004366035,0.3002493687707103,-0.1616454757079851,2020-04-30,"{""type"":""MultiPoint"",""coordinates"":[]}"
20200505T081611_20200505T084814_T34HCJ,0.24081393091549994,0.09997856788494398,0.12589551017714545,0.1797830760578859,0.14064491475941746,0.18215830056681945,0.31092176410982064,-0.1650547225116198,2020-05-05,"{""type"":""MultiPoint"",""coordinates"":[]}"
20200510T081559_20200510T084822_T34HCH,0.2099644259230201,0.0838815919257502,0.1052920958576324,0.1568406132125312,0.13754619520853154,0.203153052527793,0.32604402987078196,-0.16549104497278674,2020-05-10,"{""type"":""MultiPoint"",""coordinates"":[]}"
20200510T081559_20200510T084822_T34HCJ,0.24032768877524305,0.09993998776507702,0.12227315144144521,0.17779292314882122,0.14183536555574514,0.19184150608727402,0.29960401706624085,-0.16622375726687738,2020-05-10,"{""type"":""MultiPoint"",""coordinates"":[]}"
20200520T081609_20200520T084907_T34HCH,0.20810212370453904,0.08229972652646113,0.10466208391661594,0.15444959549546033,0.1361998290814311,0.1976667977587309,0.32577610919115824,-0.163031013920906,2020-05-20,"{""type"":""MultiPoint"",""coordinates"":[]}"
20200520T081609_20200520T084907_T34HCJ,0.2362051956869177,0.09748573729562773,0.1202394409166228,0.17098647728357713,0.13361827919870903,0.17866852326155802,0.2947331327043537,-0.1774194807839204,2020-05-20,"{""type"":""MultiPoint"",""coordinates"":[]}"
20200530T081609_20200530T084525_T34HCH,0.17885340862680876,0.07106862158570687,0.09386762557516667,0.13883994104254246,0.13002621998437866,0.22295477987386805,0.3826631100366643,-0.16131406404377574,2020-05-30,"{""type"":""MultiPoint"",""coordinates"":[]}"
20200530T081609_20200530T084525_T34HCJ,0.18295382023217693,0.07602060267287031,0.09888650253276803,0.14765353938383916,0.13571354695912638,0.2118809937659355,0.3516798646272367,-0.13296196586032302,2020-05-30,"{""type"":""MultiPoint"",""coordinates"":[]}"
20200614T081611_20200614T084131_T34HCJ,0.1904083718110175,0.1446198412090003,0.16744375107309548,0.20140126297562735,11.081410797280173,0.13523957097810815,0.2387016351201185,-0.028653554463354627,2020-06-14,"{""type"":""MultiPoint"",""coordinates"":[]}"
20200619T081609_20200619T083907_T34HCH,0.18237450265848984,0.07427248120232828,0.09401801680909347,0.13959321248172776,0.4797259275581942,0.2068545280590996,0.3259511195810987,-0.13944748928944878,2020-06-19,"{""type"":""MultiPoint"",""coordinates"":[]}"
20200619T081609_20200619T083907_T34HCJ,0.20332495298863723,0.08613253278911064,0.1098226561033679,0.16038111667067387,0.08120319247104223,0.18924447508361109,0.3151419306577172,-0.13205050616311917,2020-06-19,"{""type"":""MultiPoint"",""coordinates"":[]}"
20200624T081611_20200624T084735_T34HCH,0.18702144323436204,0.07058522476761836,0.09327169532716705,0.14313377053604479,0.13409578548092863,0.2522991782488114,0.409906582567705,-0.15676349446600116,2020-06-24,"{""type"":""MultiPoint"",""coordinates"":[]}"
20200624T081611_20200624T084735_T34HCJ,0.20866341054744056,0.08212016008635231,0.10821400485225974,0.16538238065667887,0.15076153980617482,0.2188454888266905,0.3617344566150645,-0.13698907830010992,2020-06-24,"{""type"":""MultiPoint"",""coordinates"":[]}"
20200719T081609_20200719T084901_T34HCH,0.17974030400561872,0.07960037427881295,0.10022514528529833,0.15247135023808536,-3.8162497715987977,0.25176674868847215,0.3883625249197368,-0.10832619595283711,2020-07-19,"{""type"":""MultiPoint"",""coordinates"":[]}"
20200719T081609_20200719T084901_T34HCJ,0.19318794497058606,0.08985848080061089,0.11410887298987277,0.17870455453371947,-2.1158141976648484,0.234293331939568,0.3630194621374423,-0.06577957879592047,2020-07-19,"{""type"":""MultiPoint"",""coordinates"":[]}"
20200724T081611_20200724T084742_T34HCH,0.19246215121779822,0.08547006843134304,0.10714816426509897,0.15892224756197523,-0.6184736421050164,0.19206827268198035,0.30877718254033987,-0.09450889409105075,2020-07-24,"{""type"":""MultiPoint"",""coordinates"":[]}"
20200724T081611_20200724T084742_T34HCJ,0.2058749336633878,0.09212794316008727,0.1180060845299706,0.18363071945219803,2.4626683062048973,0.2098725035912471,0.33172331660775023,-0.07091962188474604,2020-07-24,"{""type"":""MultiPoint"",""coordinates"":[]}"
20200729T081609_20200729T084533_T34HCH,0.1944976458042044,0.07692264333946491,0.09901883201767062,0.1539285687101821,-0.7002705387442829,0.23996813403791797,0.38199142517077966,-0.13095243599062423,2020-07-29,"{""type"":""MultiPoint"",""coordinates"":[]}"
20200729T081609_20200729T084533_T34HCJ,0.20774339776143738,0.08529227461324053,0.1114789189447885,0.1803862864104032,-1.2503533193036211,0.23676054870663524,0.37227611404566185,-0.09317357436343124,2020-07-29,"{""type"":""MultiPoint"",""coordinates"":[]}"
20200803T081611_20200803T084407_T34HCH,0.20435461115188072,0.08558233680751841,0.10878613804109029,0.16107321572828745,0.19116295172307285,0.1918822597876289,0.31546360054786077,-0.12486798240447204,2020-08-03,"{""type"":""MultiPoint"",""coordinates"":[]}"
20200803T081611_20200803T084407_T34HCJ,0.2179656079789981,0.09159260233780574,0.1191844189005719,0.18653615237071777,2.325928831895957,0.2073320800140039,0.33623836541043406,-0.09551015493070107,2020-08-03,"{""type"":""MultiPoint"",""coordinates"":[]}"
20200813T081611_20200813T084258_T34HCJ,0.20975412087985223,0.09848831141404046,0.1268230774072741,0.19242743817057606,-1.1081439698703959,0.20874578657695667,0.34038724742155313,-0.062111733183129146,2020-08-13,"{""type"":""MultiPoint"",""coordinates"":[]}"
20200823T081611_20200823T084655_T34HCH,0.20390692984669376,0.07947238946603437,0.10658866991206292,0.17870820649580196,0.18119572911642373,0.2612652092568497,0.4134818275763408,-0.08428349795050015,2020-08-23,"{""type"":""MultiPoint"",""coordinates"":[]}"
20200823T081611_20200823T084655_T34HCJ,0.20930157379897177,0.08273773224919448,0.11393020850734492,0.2051790551020718,0.21831493632780277,0.2681416078740494,0.416179408773062,-0.03925331341908947,2020-08-23,"{""type"":""MultiPoint"",""coordinates"":[]}"
20200907T081609_20200907T084431_T34HCH,0.2197784967232503,0.08718330253258796,0.11223558364214908,0.16964800318754963,0.15902222623088688,0.20340743894132024,0.33266645847412735,-0.13682969911283596,2020-09-07,"{""type"":""MultiPoint"",""coordinates"":[]}"
20200907T081609_20200907T084431_T34HCJ,0.22727217173475622,0.09180205598973232,0.12028628121936095,0.19236525177723002,0.1868155423780919,0.21438284195834578,0.34531425476151156,-0.10176432773793063,2020-09-07,"{""type"":""MultiPoint"",""coordinates"":[]}"
20200917T081609_20200917T084123_T34HCH,0.23720160171970434,0.1026573627120211,0.12840258720237602,0.18617702150777674,0.07626149060220457,0.18354942582849315,0.298355148999943,-0.12605058111298845,2020-09-17,"{""type"":""MultiPoint"",""coordinates"":[]}"
20200917T081609_20200917T084123_T34HCJ,0.22672038189991225,0.09411603663040398,0.12349546916945087,0.19711823261457645,0.19186098865825066,0.2131664810182596,0.3439783579472905,-0.08739449815114161,2020-09-17,"{""type"":""MultiPoint"",""coordinates"":[]}"
20200922T081641_20200922T084741_T34HCH,0.23161320276839942,0.09296013380896252,0.12265312801672772,0.20257355788040335,0.19977124578954264,0.24127439245692495,0.3754984545465299,-0.07880844607153116,2020-09-22,"{""type"":""MultiPoint"",""coordinates"":[]}"
20200927T081719_20200927T084734_T34HCJ,0.24290478019227157,0.11478211604208753,0.14416304090212506,0.2194215340908709,-0.016551158784954344,0.2046913222593108,0.323609322770816,-0.0668405752778493,2020-09-27,"{""type"":""MultiPoint"",""coordinates"":[]}"
20201007T081759_20201007T084507_T34HCJ,0.2608409158372689,0.10754020534383908,0.13820626823230592,0.21025224219410624,0.18611522774301203,0.1909353176840522,0.3128185282150601,-0.12485914754683514,2020-10-07,"{""type"":""MultiPoint"",""coordinates"":[]}"
20201012T081901_20201012T084535_T34HCH,0.2512084535180041,0.1065094281865367,0.13443247906074576,0.1922992108443634,0.15647126407201592,0.17338313573138603,0.28929951228480405,-0.14192262926847424,2020-10-12,"{""type"":""MultiPoint"",""coordinates"":[]}"
20201017T081839_20201017T083836_T34HCH,0.2673064000857436,0.10723625181806366,0.13469528211749135,0.203183585299833,0.17303362717064918,0.20065804699076636,0.3178975371665808,-0.15212040846771832,2020-10-17,"{""type"":""MultiPoint"",""coordinates"":[]}"
20201017T081839_20201017T083836_T34HCJ,0.2742701772845016,0.11530583608293019,0.1451416796027854,0.21997826568682352,0.18301159470591605,0.1944149977975106,0.30842667898652193,-0.12941111557716597,2020-10-17,"{""type"":""MultiPoint"",""coordinates"":[]}"
20201022T082011_20201022T084908_T34HCH,0.2646678057060843,0.10913863901541729,0.13964592240419427,0.21367632154970517,0.1832380431776634,0.2039354101452066,0.3253182380033124,-0.1215735815467997,2020-10-22,"{""type"":""MultiPoint"",""coordinates"":[]}"
20201022T082011_20201022T084908_T34HCJ,0.27406799581573227,0.11743466011998759,0.15017044372609512,0.23018346289888406,0.1886128102541814,0.19864998397973124,0.3184595848353507,-0.10820737609446404,2020-10-22,"{""type"":""MultiPoint"",""coordinates"":[]}"
20201101T082111_20201101T084621_T34HCH,0.27830096493022893,0.11515654434521758,0.14687388894506584,0.21326612572501516,0.17392277665620842,0.17708420819859708,0.2975507173557567,-0.14642125709899506,2020-11-01,"{""type"":""MultiPoint"",""coordinates"":[]}"
20201101T082111_20201101T084621_T34HCJ,0.28785073784706333,0.12557868132550726,0.1573523517020272,0.22415089357791812,0.17120061355184474,0.16804628794885856,0.27926605692883455,-0.13477919287553378,2020-11-01,"{""type"":""MultiPoint"",""coordinates"":[]}"
20201111T082201_20201111T084621_T34HCH,0.27707757043553544,0.1141311455894266,0.14655192704379377,0.21496211336627952,0.17814473940682862,0.17993011503700937,0.30256297550813377,-0.14220980293029908,2020-11-11,"{""type"":""MultiPoint"",""coordinates"":[]}"
20201111T082201_20201111T084621_T34HCJ,0.28542466098466757,0.12430044941557106,0.15525371686414818,0.22111005654510368,0.17018932192774294,0.16714426454092798,0.27719296746112393,-0.13647108504629288,2020-11-11,"{""type"":""MultiPoint"",""coordinates"":[]}"
20201121T082241_20201121T083800_T34HCJ,0.29650607013585806,0.13042874206194957,0.16167512841429393,0.22841059263100702,0.1701527796955329,0.16341877069821867,0.2701694356227056,-0.13973201219375822,2020-11-21,"{""type"":""MultiPoint"",""coordinates"":[]}"
20201126T082259_20201126T084029_T34HCJ,0.2930851195843757,0.12526258962741985,0.15593632451507816,0.22378486352931798,0.17130086756693633,0.16741208021444406,0.27808995696101574,-0.1522828364030771,2020-11-26,"{""type"":""MultiPoint"",""coordinates"":[]}"
20201206T082329_20201206T084055_T34HCH,0.28617591584559704,0.11792692308973661,0.150091741846392,0.21736526783849447,0.1777064378397572,0.17074915659610754,0.2886556142157468,-0.1534070130844374,2020-12-06,"{""type"":""MultiPoint"",""coordinates"":[]}"
20201206T082329_20201206T084055_T34HCJ,0.3031849917720342,0.13459995642545536,0.16589647130625101,0.23188424188036788,0.172097400117684,0.1573434852209022,0.2611847252719968,-0.14381542783548196,2020-12-06,"{""type"":""MultiPoint"",""coordinates"":[]}"
20201216T082249_20201216T084014_T34HCH,0.29019675164592784,0.12078011490497136,0.1522485054477332,0.22473489391897605,0.184874814720811,0.17862833335274295,0.29149955999154264,-0.14563255580750187,2020-12-16,"{""type"":""MultiPoint"",""coordinates"":[]}"
20201216T082249_20201216T084014_T34HCJ,0.3033566187194904,0.13118298051005015,0.16165915157664185,0.23089600838947283,0.1699315728403353,0.16599726920822166,0.2724701448893361,-0.15496206547905733,2020-12-16,"{""type"":""MultiPoint"",""coordinates"":[]}"
20201226T082249_20201226T084016_T34HCH,0.2916377092420177,0.12064469232698863,0.1524389573020785,0.22150888082992645,0.17911025072939613,0.17058908333931166,0.2853901360616691,-0.1560403071380583,2020-12-26,"{""type"":""MultiPoint"",""coordinates"":[]}"
20201226T082249_20201226T084016_T34HCJ,0.3070740954355505,0.13509457406992312,0.16555888624584575,0.23127000717158477,0.16808587358709173,0.1565312012947553,0.2582584396795068,-0.15396437582070108,2020-12-26,"{""type"":""MultiPoint"",""coordinates"":[]}"
20201231T082341_20201231T084656_T34HCH,0.2831309777189239,0.1200286476855381,0.15177188904821456,0.22098373764370566,0.17425805814499218,0.1716818031979083,0.2874120822757411,-0.1433224740985606,2020-12-31,"{""type"":""MultiPoint"",""coordinates"":[]}"
20201231T082341_20201231T084656_T34HCJ,0.30220738314724127,0.13488785525680294,0.1660076393873005,0.23536636289707547,0.025336673230239713,0.1630092687843975,0.2699956343673442,-0.14345930826123132,2020-12-31,"{""type"":""MultiPoint"",""coordinates"":[]}"
20210110T082321_20210110T084636_T34HCJ,0.31186910450009075,0.15257098783458894,0.1854637461418799,0.2504424655771527,0.10096426924410294,0.1480327523571185,0.25520189141368815,-0.13306338262602374,2021-01-10,"{""type"":""MultiPoint"",""coordinates"":[]}"
20210120T082251_20210120T083800_T34HCH,0.2765803347583651,0.11609635048428957,0.1470496875605614,0.21567283416925775,0.17349573882040556,0.17478170992872571,0.29097309684908246,-0.1435855619781491,2021-01-20,"{""type"":""MultiPoint"",""coordinates"":[]}"
20210120T082251_20210120T083800_T34HCJ,0.299283303120651,0.13128921804595578,0.16255960502049055,0.23076618142117475,0.16405983119380255,0.1646019757863411,0.2754793150750715,-0.14868174127304856,2021-01-20,"{""type"":""MultiPoint"",""coordinates"":[]}"
20210125T082129_20210125T084018_T34HCH,0.2845501768499336,0.11762854148777738,0.14803928727888638,0.2177645218400801,0.17797833667438617,0.17799449539848128,0.29197609717147954,-0.15220962895097515,2021-01-25,"{""type"":""MultiPoint"",""coordinates"":[]}"
20210125T082129_20210125T084018_T34HCJ,0.30208625263104755,0.1333276914573875,0.16270144347613852,0.2287681660303426,0.16671544236255212,0.16173026864825404,0.2621305987390479,-0.1502323767733088,2021-01-25,"{""type"":""MultiPoint"",""coordinates"":[]}"
20210130T082201_20210130T084617_T34HCH,0.2762524629564036,0.1165267371649844,0.14744791390589065,0.21264676542373445,0.16737732286420443,0.16842922229663604,0.2860182178116873,-0.14997646106288945,2021-01-30,"{""type"":""MultiPoint"",""coordinates"":[]}"
20210130T082201_20210130T084617_T34HCJ,0.29821665217596854,0.1318149929133275,0.16265125934564018,0.22795223858394015,0.15879126330577248,0.16040253036803268,0.27161132389435316,-0.15309554981213958,2021-01-30,"{""type"":""MultiPoint"",""coordinates"":[]}"
20210204T082039_20210204T084018_T34HCH,0.27649800153812887,0.11256651662720232,0.14239420013768522,0.20241475179250346,0.161721472662774,0.16257727745726983,0.28144817226156166,-0.17435580493414185,2021-02-04,"{""type"":""MultiPoint"",""coordinates"":[]}"
20210204T082039_20210204T084018_T34HCJ,0.2993658468471076,0.13177629054021495,0.16139197768392938,0.2210290020390313,0.15787887696040304,0.14937045674753494,0.2524499039668726,-0.16218084667878713,2021-02-04,"{""type"":""MultiPoint"",""coordinates"":[]}"
20210209T082101_20210209T084615_T34HCH,0.27714934399981483,0.11435165941725205,0.1459672361453957,0.2106546506151716,0.16781310972076427,0.16983345965942423,0.29222768446458425,-0.156104193693331,2021-02-09,"{""type"":""MultiPoint"",""coordinates"":[]}"
20210209T082101_20210209T084615_T34HCJ,0.2961487048249366,0.1309857542381423,0.16105082591289624,0.22378643627292738,0.15898458660724685,0.15698362858045684,0.2622332064911851,-0.15162419668341376,2021-02-09,"{""type"":""MultiPoint"",""coordinates"":[]}"
20210219T082001_20210219T084909_T34HCH,0.2702479659106263,0.1163409466161975,0.14741958599889016,0.20482507594120952,0.04286844181889122,0.15416938811827127,0.275318430379484,-0.15671136031398777,2021-02-19,"{""type"":""MultiPoint"",""coordinates"":[]}"
20210219T082001_20210219T084909_T34HCJ,0.29360920028128895,0.13201391989696537,0.16310123324932252,0.2201155559964688,0.15258586104912727,0.14463865494729689,0.25323461176607487,-0.1543811377465783,2021-02-19,"{""type"":""MultiPoint"",""coordinates"":[]}"
20210224T081829_20210224T084016_T34HCJ,0.29271474422462124,0.131043477050908,0.16034653135491256,0.22292191085124102,0.16079621188959825,0.15861471757127543,0.26385546953067,-0.14898785477477328,2021-02-24,"{""type"":""MultiPoint"",""coordinates"":[]}"
20210306T081749_20210306T084029_T34HCH,0.25976693518506283,0.10637872237120423,0.13397980642204746,0.19697579240303317,0.1643175924626703,0.1795507963868218,0.2964010257011841,-0.15650152189464897,2021-03-06,"{""type"":""MultiPoint"",""coordinates"":[]}"
20210306T081749_20210306T084029_T34HCJ,0.283889328945603,0.11910411006442984,0.14762839609046619,0.21209649913448084,0.15830280899843022,0.17868747464194437,0.2959214449419305,-0.1646056615523651,2021-03-06,"{""type"":""MultiPoint"",""coordinates"":[]}"
20210316T081649_20210316T084341_T34HCJ,0.2861618288629015,0.15143446780358405,0.179461077887053,0.2319504940253868,0.7092151812546366,0.13927727060266523,0.2383624749858739,-0.1219849105604376,2021-03-16,"{""type"":""MultiPoint"",""coordinates"":[]}"
20210321T081631_20210321T083804_T34HCH,0.2414531335661226,0.09923361374906457,0.12719076293191436,0.18363133387197575,0.153634196925755,0.17435524294403376,0.30320951152165654,-0.15681400864331035,2021-03-21,"{""type"":""MultiPoint"",""coordinates"":[]}"
20210321T081631_20210321T083804_T34HCJ,0.2626310263158363,0.1090601041700589,0.1375424393837357,0.1965620581790469,0.15591811571965916,0.17143929920551385,0.2912752453401494,-0.15664246320018485,2021-03-21,"{""type"":""MultiPoint"",""coordinates"":[]}"
20210405T081559_20210405T083938_T34HCJ,0.26247079887245955,0.10825452162137189,0.13600210732738294,0.19004753045344752,0.15162695968608786,0.16671318355534853,0.28816835067015795,-0.17553578022808602,2021-04-05,"{""type"":""MultiPoint"",""coordinates"":[]}"
20210420T081601_20210420T084906_T34HCH,0.2212048282442255,0.09461100252486715,0.12069348251062918,0.1647672965615716,0.13463866267875182,0.14394696254247136,0.26631381706357743,-0.15060336765458238,2021-04-20,"{""type"":""MultiPoint"",""coordinates"":[]}"
20210420T081601_20210420T084906_T34HCJ,0.24917372203360322,0.10425408514704596,0.13273075768044149,0.18020128926243012,-5.0880765287420715,0.15223698633775107,0.28588974623885594,-0.17400063916586864,2021-04-20,"{""type"":""MultiPoint"",""coordinates"":[]}"
20210430T081601_20210430T084615_T34HCH,0.19630990081468444,0.0774881148456246,0.10187028413041281,0.15380786742883748,0.14060621977027768,0.21166406292000342,0.3601972515537182,-0.15174843398883997,2021-04-30,"{""type"":""MultiPoint"",""coordinates"":[]}"
20210430T081601_20210430T084615_T34HCJ,0.23170898133344314,0.09397979052313121,0.11913572887831814,0.176463605490098,0.14830115026579235,0.1972045316778346,0.3236578974176685,-0.1521852408140892,2021-04-30,"{""type"":""MultiPoint"",""coordinates"":[]}"
20210505T081559_20210505T083909_T34HCJ,0.23576796518434526,0.09006025526269808,0.11648409855299947,0.17219147075245403,0.14695509608595034,0.21376245032406604,0.3556246351017786,-0.19128057010940028,2021-05-05,"{""type"":""MultiPoint"",""coordinates"":[]}"
20210510T081601_20210510T084617_T34HCH,0.1961049946668793,0.07667168559024409,0.1012942982734187,0.14694563278208242,0.1313685543587376,0.18618430931927307,0.3370397740795033,-0.1682542461591227,2021-05-10,"{""type"":""MultiPoint"",""coordinates"":[]}"
20210510T081601_20210510T084617_T34HCJ,0.22833622031043202,0.09158124283962614,0.1171831858989756,0.16831980061522928,0.14017459049187012,0.17979479669996049,0.3090814881631872,-0.16468808639240587,2021-05-10,"{""type"":""MultiPoint"",""coordinates"":[]}"
20210530T081601_20210530T084615_T34HCH,0.1793020471033866,0.06907047510331987,0.09330025207905537,0.1435704097786473,0.13706279045501427,0.2443232589810357,0.40503401955497476,-0.14625613542432456,2021-05-30,"{""type"":""MultiPoint"",""coordinates"":[]}"
20210530T081601_20210530T084615_T34HCJ,0.19259216568895612,0.07137873943329806,0.09757527685339516,0.1519048681472617,0.14209359352758463,0.2471128531691178,0.4013907733025958,-0.17353540515034288,2021-05-30,"{""type"":""MultiPoint"",""coordinates"":[]}"
20210604T081609_20210604T084112_T34HCH,0.18112726463701298,0.06856286658067931,0.09034912803346248,0.1425264491948336,0.1404333292271507,0.2604183251445191,0.40926256546040113,-0.15231910015636604,2021-06-04,"{""type"":""MultiPoint"",""coordinates"":[]}"
20210604T081609_20210604T084112_T34HCJ,0.20863232023779374,0.07561326607463055,0.09951581696266688,0.1583365090955286,0.14707052991098174,0.2589456628654592,0.3946835535106911,-0.19856884747872558,2021-06-04,"{""type"":""MultiPoint"",""coordinates"":[]}"
20210609T081601_20210609T084615_T34HCH,0.17552450292188485,0.06861552811593338,0.09288659525189884,0.1357844813046763,0.12530457061862496,0.1927014730411793,0.35629705812353535,-0.14485299014016367,2021-06-09,"{""type"":""MultiPoint"",""coordinates"":[]}"
20210609T081601_20210609T084615_T34HCJ,0.20779359172438558,0.08259584616298833,0.1094188966509805,0.15710381842203547,0.13654828859969853,0.17800534022629663,0.32078351734344124,-0.149139956861576,2021-06-09,"{""type"":""MultiPoint"",""coordinates"":[]}"
20210614T081609_20210614T084333_T34HCH,0.18179144718482643,0.07672553843255676,0.09723273321849597,0.14417591936506874,0.131669156289658,0.21848874605045593,0.35702016242533746,-0.1262762881855135,2021-06-14,"{""type"":""MultiPoint"",""coordinates"":[]}"
20210619T081601_20210619T084911_T34HCH,0.17895928839542133,0.06779554948909758,0.08923443263488012,0.14146072782038227,0.13647442579579658,0.2684866602066462,0.4185272171639986,-0.14158072750755477,2021-06-19,"{""type"":""MultiPoint"",""coordinates"":[]}"
20210619T081601_20210619T084911_T34HCJ,0.2056043004702663,0.08016534940270091,0.10381061917371395,0.16053447617005437,0.14663988916853657,0.22853470436040454,0.3586801072046221,-0.13985515352081132,2021-06-19,"{""type"":""MultiPoint"",""coordinates"":[]}"
20210624T081609_20210624T083807_T34HCH,0.2170873697080586,0.13272099223950887,0.1530317341045355,0.19166106398879523,-0.21696047931805307,0.16434503285645213,0.2716867061657756,-0.08555746553585472,2021-06-24,"{""type"":""MultiPoint"",""coordinates"":[]}"
20210624T081609_20210624T083807_T34HCJ,0.23656708646923053,0.13655662402503235,0.16021567356784897,0.20090048440377112,0.40407505994392234,0.19992454338262172,0.3190160864634825,-0.136795741211315,2021-06-24,"{""type"":""MultiPoint"",""coordinates"":[]}"
20210709T081611_20210709T084621_T34HCJ,0.1716413046716506,0.08313855123324972,0.11108162813690682,0.1668231645736994,-1.3739426069787672,0.2555645676028663,0.42909420311223395,-0.0887197329264219,2021-07-09,"{""type"":""MultiPoint"",""coordinates"":[]}"
20210714T081609_20210714T083805_T34HCH,0.1439731075184008,0.10381883949945701,0.12648166274719796,0.16562262664387462,2.91675386756576,0.22166620836855166,0.37025782478996555,-0.011434196796223576,2021-07-14,"{""type"":""MultiPoint"",""coordinates"":[]}"
20210714T081609_20210714T083805_T34HCJ,0.1584484917354704,0.11364028378045753,0.1388052539007253,0.18708572566346565,-1.7382573943931845,0.21250941683153338,0.35327386253146054,0.007019482004465949,2021-07-14,"{""type"":""MultiPoint"",""coordinates"":[]}"
20210719T081611_20210719T083810_T34HCJ,0.19755963313641922,0.09092486198915131,0.11646553418956604,0.17206537196186897,-0.4785648041376232,0.19559780699196214,0.3244700212760097,-0.08345502699008436,2021-07-19,"{""type"":""MultiPoint"",""coordinates"":[]}"
20210724T081609_20210724T083856_T34HCJ,0.1706264282380371,0.12435676266846198,0.14904948148525723,0.20633935044528137,1.162890436011445,0.21179888688992302,0.33730444312163604,0.028485521162374367,2021-07-24,"{""type"":""MultiPoint"",""coordinates"":[]}"
20210803T081609_20210803T084112_T34HCH,0.19692743834483767,0.07779409391046098,0.09888093106816007,0.15239926236734241,0.2435600458164485,0.21724835257096803,0.3429737552453563,-0.13884917971545746,2021-08-03,"{""type"":""MultiPoint"",""coordinates"":[]}"
20210803T081609_20210803T084112_T34HCJ,0.21262090519232713,0.08404263065887627,0.10927926059524445,0.17387325148402952,-0.24922164237084704,0.21927321967478133,0.34751145622091495,-0.11709471963111218,2021-08-03,"{""type"":""MultiPoint"",""coordinates"":[]}"
20210813T081609_20210813T084324_T34HCH,0.2005637257835115,0.11690403098388988,0.13881059653331593,0.1834559059812862,-0.09372277118558617,0.18219599694044888,0.29951343171231,-0.06448323061586966,2021-08-13,"{""type"":""MultiPoint"",""coordinates"":[]}"
20210813T081609_20210813T084324_T34HCJ,0.20192145497471495,0.10421334130446863,0.12865108624049676,0.1894048652325766,-2.9850764657950863,0.1998866545640384,0.31739525204579366,-0.05123963603715345,2021-08-13,"{""type"":""MultiPoint"",""coordinates"":[]}"
20210823T081559_20210823T083834_T34HCH,0.21093566202916778,0.07854429898039737,0.10212285434665162,0.16534833095408266,0.44567056776585945,0.24670170294807664,0.38634647504006114,-0.13166893673936939,2021-08-23,"{""type"":""MultiPoint"",""coordinates"":[]}"
20210823T081559_20210823T083834_T34HCJ,0.22091876822975196,0.08713675107962679,0.11277156567617155,0.18703984213378683,0.18773236841306554,0.23178875367814172,0.3520964605432817,-0.10184443019619462,2021-08-23,"{""type"":""MultiPoint"",""coordinates"":[]}"
20210902T081559_20210902T084255_T34HCJ,0.22021987965591952,0.09269651562804164,0.12069532817672153,0.19150332197506684,0.5271988196007614,0.2199189242122252,0.35138342681965934,-0.0947668072882961,2021-09-02,"{""type"":""MultiPoint"",""coordinates"":[]}"
20210907T081601_20210907T084618_T34HCH,0.21900835407456432,0.0869689579830217,0.11223345297654384,0.1712621131434483,0.15644615578069845,0.21127674690567477,0.3464727346900971,-0.13894885546083158,2021-09-07,"{""type"":""MultiPoint"",""coordinates"":[]}"
20210907T081601_20210907T084618_T34HCJ,0.2244660833370139,0.09041909403770096,0.11899024913854485,0.19060034901551046,-0.03820220071694552,0.21758679297986552,0.3510919566859619,-0.10560020036735315,2021-09-07,"{""type"":""MultiPoint"",""coordinates"":[]}"
20210917T081611_20210917T084757_T34HCJ,0.24199978374999684,0.09886300850129201,0.1288306904575984,0.20079200054061666,0.1833303519872675,0.20350609229491318,0.33221393718915254,-0.11559947023671506,2021-09-17,"{""type"":""MultiPoint"",""coordinates"":[]}"
20210922T081639_20210922T084155_T34HCH,0.2426998041707558,0.09634860407965326,0.12056636755263042,0.18249006042079202,0.16229921724273905,0.20506777573040244,0.3214945787848431,-0.15425905023507736,2021-09-22,"{""type"":""MultiPoint"",""coordinates"":[]}"
20210922T081639_20210922T084155_T34HCJ,0.25101023306678544,0.10112937383773622,0.1290324934953082,0.20600346423907,0.19041904287111888,0.216825946712669,0.3346190290237513,-0.12000350696556847,2021-09-22,"{""type"":""MultiPoint"",""coordinates"":[]}"
20211027T082041_20211027T084621_T34HCH,0.2672885319086201,0.12240181501787137,0.15299826629739138,0.20216965075409268,-0.24515121206966192,0.137344611836139,0.25315292239878523,-0.14914327223121945,2021-10-27,"{""type"":""MultiPoint"",""coordinates"":[]}"
20211106T082131_20211106T084619_T34HCH,0.27970352426904926,0.12353816376607749,0.1546797209383473,0.21703662847413221,0.12239007012076952,0.16618944415474848,0.28284111245031224,-0.14402737005315833,2021-11-06,"{""type"":""MultiPoint"",""coordinates"":[]}"
20211106T082131_20211106T084619_T34HCJ,0.283151055427711,0.12017605940725516,0.1522848184218434,0.2180536994885275,0.16855512397939068,0.16834422810355099,0.28800195640467824,-0.14885996474085453,2021-11-06,"{""type"":""MultiPoint"",""coordinates"":[]}"
20211111T082059_20211111T084019_T34HCH,0.2797154765645952,0.11348213817777035,0.14403331324106183,0.2074144508104788,0.17111581056180372,0.17074294787485877,0.28875654705295517,-0.16408256527682674,2021-11-11,"{""type"":""MultiPoint"",""coordinates"":[]}"
20211111T082059_20211111T084019_T34HCJ,0.2889592140906087,0.12021503705859765,0.15108411298210048,0.2151050595052076,0.16764590632111448,0.1648552763343377,0.27876605398300347,-0.164176262458952,2021-11-11,"{""type"":""MultiPoint"",""coordinates"":[]}"
20211121T082149_20211121T084015_T34HCJ,0.29525296624184566,0.12435814119697956,0.15584793090119944,0.2202603704094085,0.16886188964257,0.15978539967057298,0.2731634336397323,-0.1636373292150812,2021-11-21,"{""type"":""MultiPoint"",""coordinates"":[]}"
20211201T082219_20211201T084003_T34HCJ,0.29866745465598615,0.14430761013699595,0.17437550673135602,0.23906450652812306,7.076130827044619,0.15740792872859202,0.2620327236048975,-0.13678044035417386,2021-12-01,"{""type"":""MultiPoint"",""coordinates"":[]}"
20211211T082239_20211211T084013_T34HCJ,0.30137849843393005,0.13591623692438914,0.16631201181470895,0.23023537094668842,0.13181083573394253,0.15840566460151162,0.26674537876310583,-0.15350637959594832,2021-12-11,"{""type"":""MultiPoint"",""coordinates"":[]}"
20211221T082249_20211221T084014_T34HCH,0.2806612721489522,0.11112131549096835,0.14312302427655474,0.205233838777779,0.1716372545534419,0.16410811088468483,0.2887297173348568,-0.17370909698769552,2021-12-21,"{""type"":""MultiPoint"",""coordinates"":[]}"
20211221T082249_20211221T084014_T34HCJ,0.2957016408099549,0.12064018322906439,0.1521251846688623,0.21217674430962688,0.1622805973992809,0.15229417005979567,0.2687996637490664,-0.18221838294410897,2021-12-21,"{""type"":""MultiPoint"",""coordinates"":[]}"
20211226T082351_20211226T084701_T34HCJ,0.3040227028134612,0.13869756242893017,0.17256863608526496,0.22864046918867992,0.06743935696538332,0.13352921946117055,0.2499921946881009,-0.1634617194299613,2021-12-26,"{""type"":""MultiPoint"",""coordinates"":[]}"
20211231T082239_20211231T084014_T34HCH,0.2810114732157791,0.11525246191861171,0.14678009692922428,0.21865112359694358,0.18685813686701513,0.18243007315864265,0.3001680890225257,-0.1436790321887135,2021-12-31,"{""type"":""MultiPoint"",""coordinates"":[]}"
20211231T082239_20211231T084014_T34HCJ,0.29290824185680236,0.1242988624074178,0.15421892438248339,0.2218755886499318,0.17526925799920254,0.16851519179335062,0.2744902318902643,-0.1496876949400365,2021-12-31,"{""type"":""MultiPoint"",""coordinates"":[]}"
20220105T082331_20220105T084650_T34HCH,0.2749421007495973,0.11279413173830728,0.1453329077386654,0.2117275058105334,0.1743098702962052,0.1718413295921608,0.297471222947591,-0.15018055753453097,2022-01-05,"{""type"":""MultiPoint"",""coordinates"":[]}"
20220105T082331_20220105T084650_T34HCJ,0.2900312148682862,0.12241109005649915,0.15355835162667852,0.2201500691264599,0.16753066232919447,0.16527376652271963,0.27906128805563213,-0.15541404629631064,2022-01-05,"{""type"":""MultiPoint"",""coordinates"":[]}"
20220115T082311_20220115T083812_T34HCH,0.28053051111690785,0.11832713188082586,0.1503957793772808,0.2042137406020436,0.2881543274206756,0.14025380491262993,0.259938422074105,-0.1720651136300358,2022-01-15,"{""type"":""MultiPoint"",""coordinates"":[]}"
20220115T082311_20220115T083812_T34HCJ,0.2951896552878792,0.12476147364609803,0.1570261399146683,0.20985701841427867,0.1509807892678199,0.13424636990012484,0.25222617008437176,-0.18385210530668183,2022-01-15,"{""type"":""MultiPoint"",""coordinates"":[]}"
20220120T082149_20220120T084014_T34HCH,0.2734171728127702,0.11214883019015431,0.1399251452710891,0.21243123937865355,0.1809967509012301,0.19203897761904068,0.3014770708422573,-0.14476505066604933,2022-01-20,"{""type"":""MultiPoint"",""coordinates"":[]}"
20220120T082149_20220120T084014_T34HCJ,0.28677368813902643,0.11830212950030508,0.14548445848298683,0.21845277707184246,0.17339495931932628,0.18788269213305045,0.29377463689819233,-0.15586806698210098,2022-01-20,"{""type"":""MultiPoint"",""coordinates"":[]}"
20220125T082231_20220125T083850_T34HCJ,0.29213757867324214,0.1261753302264594,0.15745922057939646,0.21649871027818945,0.16061925706625166,0.15016708480429164,0.2627169430818305,-0.16144181698038568,2022-01-25,"{""type"":""MultiPoint"",""coordinates"":[]}"
20220130T082059_20220130T084012_T34HCH,0.27482241053290235,0.11096594532170749,0.14156137273456057,0.20573850764463228,0.17205268624441572,0.17283752198779598,0.2943336251141287,-0.1630101358365837,2022-01-30,"{""type"":""MultiPoint"",""coordinates"":[]}"
20220130T082059_20220130T084012_T34HCJ,0.2921896823103005,0.12145210959888526,0.15115525664652715,0.21259483643904722,0.1618276462901808,0.15935218526325626,0.27027437219604716,-0.17240698723312323,2022-01-30,"{""type"":""MultiPoint"",""coordinates"":[]}"
20220204T082131_20220204T083849_T34HCJ,0.28136722330945807,0.11815155673087127,0.14814812329558058,0.21246438452819638,0.16660409947174856,0.1680499971963569,0.2817124497154857,-0.151519015296745,2022-02-04,"{""type"":""MultiPoint"",""coordinates"":[]}"
20220209T082009_20220209T084008_T34HCH,0.26711066711366677,0.10910775531619857,0.137917164210808,0.20741877225071617,0.17834885995092536,0.18946294999403812,0.3072307642029967,-0.14577470689900593,2022-02-09,"{""type"":""MultiPoint"",""coordinates"":[]}"
20220209T082009_20220209T084008_T34HCJ,0.28289107805422686,0.12009850324452728,0.146736542213252,0.21402901675486477,0.168706599269247,0.1781533594812309,0.27920201375204823,-0.15038773205398645,2022-02-09,"{""type"":""MultiPoint"",""coordinates"":[]}"
20220214T082031_20220214T083850_T34HCH,0.2691678934869543,0.10768557278154504,0.14091678717093023,0.19726916373735287,0.1613960601932353,0.15623516379943633,0.29239675710267254,-0.1733783875537627,2022-02-14,"{""type"":""MultiPoint"",""coordinates"":[]}"
20220214T082031_20220214T083850_T34HCJ,0.28549231984443174,0.11662350616884166,0.1487712578937098,0.20166487146517725,0.15143357124570853,0.14225001395598813,0.2661538669802856,-0.1830566052981332,2022-02-14,"{""type"":""MultiPoint"",""coordinates"":[]}"
20220219T081959_20220219T084013_T34HCH,0.2642257044188481,0.10733928975084785,0.1353999835439981,0.20475235930802602,0.1776780807958349,0.19253443642466933,0.30870378284309424,-0.14568476758930352,2022-02-19,"{""type"":""MultiPoint"",""coordinates"":[]}"
20220219T081959_20220219T084013_T34HCJ,0.2820590705629345,0.11697082521721544,0.14400069181553482,0.21084115920125981,0.16736374776241664,0.1805351448726582,0.2867768423741973,-0.15798230810333813,2022-02-19,"{""type"":""MultiPoint"",""coordinates"":[]}"
20220224T081931_20220224T084619_T34HCH,0.26161364539190385,0.10576972364430547,0.13737423017545858,0.19628886685811375,0.16237270069288412,0.16586495284134897,0.2975404064123541,-0.16101880197071483,2022-02-24,"{""type"":""MultiPoint"",""coordinates"":[]}"
20220224T081931_20220224T084619_T34HCJ,0.2823366165324016,0.11766116939409224,0.14823383887945116,0.20561422573791432,0.8955924394632512,0.1547066210751663,0.2725955732109924,-0.16878663939226962,2022-02-24,"{""type"":""MultiPoint"",""coordinates"":[]}"
20220301T081749_20220301T084513_T34HCJ,0.28567913845637605,0.13171634810312494,0.16069998970688687,0.2124331614359623,1.475568453685664,0.14305613922360672,0.25119174916617787,-0.16590729734953302,2022-03-01,"{""type"":""MultiPoint"",""coordinates"":[]}"
20220306T081821_20220306T084620_T34HCH,0.25743061323952515,0.103658119714014,0.134998646443329,0.1900017099708945,0.15584583221761705,0.15963868307990858,0.2935348643525227,-0.16811533442217247,2022-03-06,"{""type"":""MultiPoint"",""coordinates"":[]}"
20220306T081821_20220306T084620_T34HCJ,0.27976702361574174,0.1158161275485416,0.14646184639563795,0.20009137512611191,0.14844927647590064,0.14843946152932763,0.26963772168633476,-0.17808914896959463,2022-03-06,"{""type"":""MultiPoint"",""coordinates"":[]}"
20220316T081701_20220316T083808_T34HCH,0.27578033672525176,0.13864991801083149,0.17018580435280126,0.22178719523077212,-1.1697052248251436,0.15169238896732276,0.27752300173573413,-0.13958970001753065,2022-03-16,"{""type"":""MultiPoint"",""coordinates"":[]}"
20220316T081701_20220316T083808_T34HCJ,0.2744947932311733,0.11870765461837676,0.14862698954636952,0.20397590838863025,-0.8788476700985824,0.15955432426623184,0.282069671202136,-0.16310849954289813,2022-03-16,"{""type"":""MultiPoint"",""coordinates"":[]}"
20220321T081629_20220321T084636_T34HCH,0.24531829418941226,0.09835054352710325,0.12782851062690015,0.18303145784152505,0.15925712194937594,0.16962195020805862,0.3036511260120352,-0.1637468055230551,2022-03-21,"{""type"":""MultiPoint"",""coordinates"":[]}"
20220321T081629_20220321T084636_T34HCJ,0.2635991948025736,0.10604366729560627,0.134850238904962,0.18900035711626514,0.15205481008854072,0.16250621303421162,0.286533764459516,-0.17695693990781344,2022-03-21,"{""type"":""MultiPoint"",""coordinates"":[]}"
20220326T081611_20220326T084617_T34HCH,0.264174123151328,0.14130974648342484,0.17240095546158987,0.22197094970969142,2.358859825353004,0.15309860497552108,0.2787114776696228,-0.11736836506872118,2022-03-26,"{""type"":""MultiPoint"",""coordinates"":[]}"
20220326T081611_20220326T084617_T34HCJ,0.28149868677066286,0.1468686154426116,0.1768093504648553,0.22681705656047843,0.15056706427700367,0.1458353744551007,0.26119348303189366,-0.13295364947283628,2022-03-26,"{""type"":""MultiPoint"",""coordinates"":[]}"
20220410T081559_20220410T084842_T34HCH,0.22587734291068637,0.09019481335865655,0.11720211913544214,0.1740593090208664,0.15858910702957232,0.19566303841444702,0.3337507069088952,-0.14679849825023925,2022-04-10,"{""type"":""MultiPoint"",""coordinates"":[]}"
20220410T081559_20220410T084842_T34HCJ,0.24957832461185847,0.10345775444359818,0.13054113728639297,0.18603506427982006,0.15333708144483493,0.17700854751003725,0.30241776926641734,-0.1597703843918808,2022-04-10,"{""type"":""MultiPoint"",""coordinates"":[]}"
20220425T081611_20220425T084623_T34HCJ,0.2549985720981827,0.13004434504226617,0.15744749462913465,0.21141571535311857,0.15539778691713563,0.1647226799782113,0.27885559973837465,-0.11285630713101336,2022-04-25,"{""type"":""MultiPoint"",""coordinates"":[]}"
20220430T081559_20220430T084506_T34HCH,0.21315707772526857,0.08363232482477194,0.10912267857137256,0.16348748537681324,0.1500750518193202,0.20876667320498482,0.3516026582098692,-0.15049768639482636,2022-04-30,"{""type"":""MultiPoint"",""coordinates"":[]}"
20220430T081559_20220430T084506_T34HCJ,0.23629233201527755,0.09442502439205525,0.12031883575228192,0.17494218188910962,0.1480720143057887,0.18924877526051143,0.31785600553324966,-0.164374265485078,2022-04-30,"{""type"":""MultiPoint"",""coordinates"":[]}"
20220505T081611_20220505T084619_T34HCH,0.20919971861621725,0.08303492495887053,0.10829796990320834,0.16405300479630425,0.1465270575568124,0.2154454409836861,0.35980808556062277,-0.14175725973735037,2022-05-05,"{""type"":""MultiPoint"",""coordinates"":[]}"
20220505T081611_20220505T084619_T34HCJ,0.23456692811126112,0.09652023577544461,0.12209584950937886,0.17768812793165603,0.14534134375411198,0.18552137353113532,0.30832231727441134,-0.15086341537246384,2022-05-05,"{""type"":""MultiPoint"",""coordinates"":[]}"
20220515T081611_20220515T083854_T34HCH,0.19924750477384695,0.07860871140517534,0.1041298363341664,0.15633700823996835,0.14160433055575034,0.21369408845344653,0.3675820874724654,-0.13853417032012513,2022-05-15,"{""type"":""MultiPoint"",""coordinates"":[]}"
20220515T081611_20220515T083854_T34HCJ,0.22420499773848143,0.0905352824469161,0.11609931434504409,0.16905956815209483,0.1407114070203928,0.18966597825338088,0.3218756117020546,-0.1548163056084208,2022-05-15,"{""type"":""MultiPoint"",""coordinates"":[]}"
20220520T081559_20220520T084020_T34HCH,0.18137863982243874,0.0720538523184271,0.09602675452705117,0.15034850452893966,0.14755585367910493,0.23791095508883547,0.39532001154290913,-0.10293997477549612,2022-05-20,"{""type"":""MultiPoint"",""coordinates"":[]}"
20220520T081559_20220520T084020_T34HCJ,0.2101110360771735,0.08622442109799337,0.11022368889998274,0.16499804943708266,0.14593543519400443,0.20217721641013492,0.3304120029155122,-0.1271768082823694,2022-05-20,"{""type"":""MultiPoint"",""coordinates"":[]}"
20220530T081609_20220530T084017_T34HCH,0.17238914941268568,0.06637377689127137,0.08835372252808418,0.1406462379404747,0.14060237092639477,0.2724361949311226,0.4222520854363035,-0.13179286723151426,2022-05-30,"{""type"":""MultiPoint"",""coordinates"":[]}"
20220530T081609_20220530T084017_T34HCJ,0.1928209706153077,0.07675704330290302,0.09914271752206358,0.15177449335939086,0.1398555110898356,0.23119370718875698,0.3648863480341931,-0.14472824474492293,2022-05-30,"{""type"":""MultiPoint"",""coordinates"":[]}"
20220604T081611_20220604T083858_T34HCH,0.19109018260359872,0.07831103963230852,0.10193489649029114,0.15330704603654194,0.13733797849475407,0.2078297717609949,0.35087736134461683,-0.11301119346347085,2022-06-04,"{""type"":""MultiPoint"",""coordinates"":[]}"
20220604T081611_20220604T083858_T34HCJ,0.21517878419172373,0.08909141042087977,0.11227212028871207,0.16363287008500488,0.13455966405359931,0.18766740541593877,0.3082788720730257,-0.14017712926111559,2022-06-04,"{""type"":""MultiPoint"",""coordinates"":[]}"
20220609T081609_20220609T084019_T34HCH,0.19182991961179655,0.0757410974708877,0.09780674718732857,0.14992719613344185,0.1397320038375379,0.2377999181046358,0.38430789504517965,-0.13192452693641402,2022-06-09,"{""type"":""MultiPoint"",""coordinates"":[]}"
20220609T081609_20220609T084019_T34HCJ,0.21875559253828333,0.08949300906702116,0.11154525483081533,0.16367847073449565,0.13769005386656658,0.19854551426965905,0.316497754532038,-0.1511754820973718,2022-06-09,"{""type"":""MultiPoint"",""coordinates"":[]}"
20220619T081609_20220619T084025_T34HCJ,0.15471797556752273,0.07771423467600154,0.09938576449670532,0.14560440183090376,0.42279560696908103,0.21939801515629795,0.36561348134416116,-0.05923131630819424,2022-06-19,"{""type"":""MultiPoint"",""coordinates"":[]}"
20220624T081621_20220624T083902_T34HCH,0.14416801067313254,0.060465021311641824,0.08206276628084656,0.12810364076347985,0.13008848783055613,0.2461001493893163,0.41993658407655854,-0.07463840800094627,2022-06-24,"{""type"":""MultiPoint"",""coordinates"":[]}"
20220624T081621_20220624T083902_T34HCJ,0.16508624054123147,0.07061563293569367,0.09292273593114533,0.14026432426879432,-0.247250927596996,0.21486423536187532,0.36236053600111984,-0.09849702076088417,2022-06-24,"{""type"":""MultiPoint"",""coordinates"":[]}"
20220629T081609_20220629T084026_T34HCH,0.1785904806634531,0.06858834802994257,0.08957705321103274,0.14027096218580853,0.14044478805134636,0.24680812823553452,0.39451902852383613,-0.11774203568399802,2022-06-29,"{""type"":""MultiPoint"",""coordinates"":[]}"
20220629T081609_20220629T084026_T34HCJ,0.20104351576666538,0.07971653711821977,0.10211701303075167,0.15347520083473573,0.142673084067214,0.20440670510695055,0.3316167730176586,-0.13700284029730492,2022-06-29,"{""type"":""MultiPoint"",""coordinates"":[]}"
20220704T081621_20220704T083903_T34HCH,0.17039954477884459,0.07259780487787192,0.09530241970174363,0.1454027057839151,0.13814570038856389,0.23822623733305037,0.40170076267239224,-0.07611547832266588,2022-07-04,"{""type"":""MultiPoint"",""coordinates"":[]}"
20220704T081621_20220704T083903_T34HCJ,0.20086951230459363,0.10116302205083973,0.12436579370276218,0.17400193442374587,1.7184363246067467,0.20181054727112305,0.3343123972387224,-0.08487893210227583,2022-07-04,"{""type"":""MultiPoint"",""coordinates"":[]}"
20220724T081611_20220724T083900_T34HCH,0.20881081734602558,0.10835582482827551,0.13212388161608027,0.1814260048607309,0.14208182852895662,0.20299776496600733,0.33581600312423626,-0.08563558076836673,2022-07-24,"{""type"":""MultiPoint"",""coordinates"":[]}"
20220724T081611_20220724T083900_T34HCJ,0.21908961067126498,0.10659261943968994,0.13190743682681358,0.1882096833688442,0.1548080458568159,0.19787619081151778,0.32485757368222457,-0.0971624580628303,2022-07-24,"{""type"":""MultiPoint"",""coordinates"":[]}"
20220808T081609_20220808T084024_T34HCH,0.20464229033651612,0.08008664701201276,0.10348539848797103,0.1598734918426538,0.1532759097253554,0.22749431618862181,0.3695975718764603,-0.12616460017164133,2022-08-08,"{""type"":""MultiPoint"",""coordinates"":[]}"
20220808T081609_20220808T084024_T34HCJ,0.2206961560230626,0.08616709157396295,0.11185044848957999,0.1754691949841823,0.1681883820039715,0.2166143226671364,0.34809925663463315,-0.128546228503388,2022-08-08,"{""type"":""MultiPoint"",""coordinates"":[]}"
20220813T081621_20220813T083902_T34HCH,0.20941641652980839,0.10660838185488304,0.13140617829953516,0.18369754526836704,-3.509131016108436,0.19963391043616033,0.33177229138143155,-0.08001578683580238,2022-08-13,"{""type"":""MultiPoint"",""coordinates"":[]}"
20220813T081621_20220813T083902_T34HCJ,0.2278560289809054,0.12051781506077769,0.14748507377399994,0.20657845886677215,0.8766071846096105,0.19502849177937856,0.32050621620251485,-0.07542158958581091,2022-08-13,"{""type"":""MultiPoint"",""coordinates"":[]}"
20220823T081621_20220823T083900_T34HCH,0.20838766023899413,0.08146160147288606,0.10647598580490258,0.16087350236298031,0.14853155997603643,0.21137722154256264,0.35420441121277013,-0.1369082173187817,2022-08-23,"{""type"":""MultiPoint"",""coordinates"":[]}"
20220823T081621_20220823T083900_T34HCJ,0.21938996790309925,0.0860593239499926,0.1134493217383304,0.176051016502129,0.16565355211256177,0.20736414115625412,0.34366683747278626,-0.12637947006164668,2022-08-23,"{""type"":""MultiPoint"",""coordinates"":[]}"
20220828T081609_20220828T084020_T34HCJ,0.23263317004150383,0.0996105731673692,0.12551006503665527,0.19456989745276126,0.3416304571535509,0.2154534446429621,0.33566123579761215,-0.1076775967035065,2022-08-28,"{""type"":""MultiPoint"",""coordinates"":[]}"
20220907T081609_20220907T083833_T34HCH,0.2158511670920338,0.09602078854139745,0.12008364196375604,0.18001485640601148,2.1130791538751734,0.21411403318661457,0.3362650389747861,-0.10324775661086442,2022-09-07,"{""type"":""MultiPoint"",""coordinates"":[]}"
20220907T081609_20220907T083833_T34HCJ,0.22289622606224735,0.10045460013835195,0.12688933311528924,0.19586519023921004,2.681573069428993,0.2119585541733989,0.3328365917774066,-0.0856438745142261,2022-09-07,"{""type"":""MultiPoint"",""coordinates"":[]}"
20220912T081611_20220912T083900_T34HCJ,0.23585293363312462,0.09719920261298172,0.12488151675051005,0.19422246399898577,0.03405414648727165,0.20548349221148376,0.326765769073371,-0.11170375614070106,2022-09-12,"{""type"":""MultiPoint"",""coordinates"":[]}"
20220922T081641_20220922T084008_T34HCH,0.24163351254336224,0.09955000598783455,0.12579903156051755,0.18665906813069846,0.15912868973626063,0.19577441082175426,0.3160944743394464,-0.13833997838192574,2022-09-22,"{""type"":""MultiPoint"",""coordinates"":[]}"
20220922T081641_20220922T084008_T34HCJ,0.25024663670079333,0.10355066344468541,0.13157729712671792,0.1993737851692131,0.17107524629394155,0.1954655721749651,0.3129709248897127,-0.12890430039896109,2022-09-22,"{""type"":""MultiPoint"",""coordinates"":[]}"
20220927T081709_20220927T084319_T34HCH,0.25946254184186385,0.1194015997239623,0.1460344254433004,0.20422204852683995,-82.33076769508233,0.18367862698845688,0.2986103830577651,-0.13685468807522216,2022-09-27,"{""type"":""MultiPoint"",""coordinates"":[]}"
20220927T081709_20220927T084319_T34HCJ,0.2655735484517311,0.12280463468298577,0.15069347328321944,0.21605483697659353,3.482839677298098,0.18507983211564566,0.2956697399794241,-0.12376707658278562,2022-09-27,"{""type"":""MultiPoint"",""coordinates"":[]}"
20221002T081751_20221002T083856_T34HCH,0.25342808990784155,0.10387201365241402,0.13219481728206006,0.1895054065286323,0.15725225843470308,0.17646087209095154,0.29910927781745505,-0.15442670205874187,2022-10-02,"{""type"":""MultiPoint"",""coordinates"":[]}"
20221002T081751_20221002T083856_T34HCJ,0.26202537297527334,0.10827798241769945,0.13779685247037712,0.19969255986658946,0.16392355064384365,0.17491717826392525,0.2941472039710028,-0.14889496765887567,2022-10-02,"{""type"":""MultiPoint"",""coordinates"":[]}"
20221007T081749_20221007T084414_T34HCH,0.2594972230030709,0.10975249289472344,0.13664127015753408,0.20088177562096296,0.17065290218666312,0.1899410218783291,0.30141295630749493,-0.13706664563202678,2022-10-07,"{""type"":""MultiPoint"",""coordinates"":[]}"
20221007T081749_20221007T084414_T34HCJ,0.26645544378069197,0.11215134294285349,0.14013522983042478,0.20882254919356272,0.17565784500849863,0.1899610262824924,0.2995233737948311,-0.1326596367730308,2022-10-07,"{""type"":""MultiPoint"",""coordinates"":[]}"
20221017T081839_20221017T084646_T34HCJ,0.2782865891373231,0.13348144785688362,0.1647842470256409,0.22417952271495656,3.152941676627603,0.17369236490476037,0.29622735034115716,-0.14629254825212817,2022-10-17,"{""type"":""MultiPoint"",""coordinates"":[]}"
20221022T082001_20221022T083851_T34HCH,0.2698808193192007,0.11153053841727602,0.14218095794474758,0.20269152218180708,0.16437556680366514,0.17012033941112978,0.29157850145237185,-0.1543415199994504,2022-10-22,"{""type"":""MultiPoint"",""coordinates"":[]}"
20221022T082001_20221022T083851_T34HCJ,0.2825235593199154,0.11988237145331958,0.1509309493844959,0.2105341294858549,0.1593281695184787,0.15887609010958612,0.2733507244947735,-0.15807907704876578,2022-10-22,"{""type"":""MultiPoint"",""coordinates"":[]}"
20221027T082009_20221027T084000_T34HCJ,0.2879662689737689,0.1241640214432491,0.15218210904410984,0.21769305045513276,0.1665906280986617,0.17055197478595996,0.27216906181445216,-0.1515784369790878,2022-10-27,"{""type"":""MultiPoint"",""coordinates"":[]}"
20221101T082111_20221101T083853_T34HCH,0.2767615741073376,0.11599879995913384,0.14700073024805882,0.20983142779076142,0.16735327061472463,0.1683128844556692,0.2860526406827803,-0.1506583117323618,2022-11-01,"{""type"":""MultiPoint"",""coordinates"":[]}"
20221101T082111_20221101T083853_T34HCJ,0.29139231645927965,0.12650524077688743,0.15726556101579917,0.21862230040856132,0.1603556782759877,0.15670935046360973,0.26554231750073337,-0.15428391882743744,2022-11-01,"{""type"":""MultiPoint"",""coordinates"":[]}"
20221106T082039_20221106T084903_T34HCJ,0.3101879371336662,0.16587138791849187,0.1966299576323021,0.24776026942789806,-12.357007784928882,0.13108733095593447,0.22906324915927073,-0.13590559558959558,2022-11-06,"{""type"":""MultiPoint"",""coordinates"":[]}"
20221111T082201_20221111T083852_T34HCJ,0.2920440660442801,0.13204561206029725,0.16147401394057684,0.2213502554949513,0.16058165951398948,0.1505705170636263,0.2507721648614414,-0.14704286776448164,2022-11-11,"{""type"":""MultiPoint"",""coordinates"":[]}"
20221121T082241_20221121T083849_T34HCH,0.2828987317496743,0.11802202090053988,0.14919704584004043,0.21613895216060872,0.17228493375513856,0.17233960953760857,0.2882107753089573,-0.15059076848459604,2022-11-21,"{""type"":""MultiPoint"",""coordinates"":[]}"
20221121T082241_20221121T083849_T34HCJ,0.2984229821158685,0.13003587689433266,0.15913757335297565,0.22317682644211514,0.16149882760862277,0.15967449062085332,0.2612550956642744,-0.1568567150440584,2022-11-21,"{""type"":""MultiPoint"",""coordinates"":[]}"
20221126T082159_20221126T084019_T34HCH,0.2860607790582143,0.11922826059682785,0.1498648707211545,0.21708081156550021,0.1763798409153674,0.17218830037688582,0.2854375140938377,-0.15293771200307468,2022-11-26,"{""type"":""MultiPoint"",""coordinates"":[]}"
20221126T082159_20221126T084019_T34HCJ,0.3007791978958916,0.13149890641429468,0.1600038609467967,0.22300265212060827,0.1638189645967666,0.15767111834267147,0.25627282286616504,-0.1593004357810295,2022-11-26,"{""type"":""MultiPoint"",""coordinates"":[]}"
20221201T082311_20221201T083903_T34HCH,0.28898985877029487,0.1206335314032604,0.1524146536430852,0.21902048302219396,0.17019546025139387,0.1683809082655832,0.2853211849081499,-0.15448818696115732,2022-12-01,"{""type"":""MultiPoint"",""coordinates"":[]}"
20221201T082311_20221201T083903_T34HCJ,0.3037719066094975,0.13419986107720341,0.16376507234662732,0.2249051099587726,0.15746414098224823,0.15062417404898246,0.2514231413787778,-0.16077859252649906,2022-12-01,"{""type"":""MultiPoint"",""coordinates"":[]}"
20221206T082229_20221206T084016_T34HCH,0.28968089609887737,0.12168002308133334,0.15231945093218327,0.2184368749127664,0.17358619736752898,0.16754200971945732,0.27883574889041474,-0.1556056632442091,2022-12-06,"{""type"":""MultiPoint"",""coordinates"":[]}"
20221206T082229_20221206T084016_T34HCJ,0.30586977745914534,0.13493821725386587,0.16375199253517467,0.22522540337792096,0.16075691027594424,0.1519735428316806,0.24968143392755196,-0.16224650707820515,2022-12-06,"{""type"":""MultiPoint"",""coordinates"":[]}"
20221221T082341_20221221T083931_T34HCH,0.275750162641442,0.1126748102979595,0.1452081521538093,0.20741999667756564,0.17026527937254218,0.16557617634904107,0.2913226042422371,-0.15588307028440224,2022-12-21,"{""type"":""MultiPoint"",""coordinates"":[]}"
20221221T082341_20221221T083931_T34HCJ,0.28967193880084896,0.12253340669089224,0.15346670163222026,0.2128561439848561,0.16088404448772134,0.1534205070557525,0.2657470456643105,-0.16212122067058884,2022-12-21,"{""type"":""MultiPoint"",""coordinates"":[]}"
20221226T082249_20221226T084018_T34HCH,0.2788513687999699,0.11545021691718604,0.14559017936248272,0.21539381452376546,0.08789113016489927,0.1827625841366902,0.29724568266566004,-0.14235230690223521,2022-12-26,"{""type"":""MultiPoint"",""coordinates"":[]}"
20221226T082249_20221226T084018_T34HCJ,0.29234351247494333,0.12499509101940824,0.15376511555077046,0.22057915521251556,0.17291526849723232,0.16975022616053184,0.2725946857151903,-0.1487187665378897,2022-12-26,"{""type"":""MultiPoint"",""coordinates"":[]}"
20221231T082341_20221231T083928_T34HCH,0.27755535422414884,0.11479668897858722,0.1471486531390099,0.21509501071098175,0.1781076069166133,0.17673831956677064,0.2996511652607602,-0.1416811860695017,2022-12-31,"{""type"":""MultiPoint"",""coordinates"":[]}"
20221231T082341_20221231T083928_T34HCJ,0.2909006728728659,0.1249123743753886,0.155185583835149,0.22155476549827627,0.1705718479121501,0.167470183785488,0.27527479385308257,-0.1442986280596593,2022-12-31,"{""type"":""MultiPoint"",""coordinates"":[]}"
20230110T082321_20230110T083948_T34HCH,0.27361391744356467,0.11417149026234692,0.14520082757624916,0.21729634915483642,0.18230090762418946,0.18814123044402392,0.30745012594990817,-0.1305797365836869,2023-01-10,"{""type"":""MultiPoint"",""coordinates"":[]}"
20230110T082321_20230110T083948_T34HCJ,0.28936617467594067,0.12512972345195394,0.15450733733884767,0.2253549422021961,0.17409761003001215,0.17790654835883365,0.28352169390658555,-0.13497301293113068,2023-01-10,"{""type"":""MultiPoint"",""coordinates"":[]}"
20230115T082209_20230115T084016_T34HCJ,0.2953989959502058,0.1298096499062892,0.15956447603055482,0.22235106150995138,0.17084264579459837,0.158022749822725,0.2614763425893412,-0.1489116465945682,2023-01-15,"{""type"":""MultiPoint"",""coordinates"":[]}"
20230120T082241_20230120T083844_T34HCH,0.27526722205065735,0.11157507619505716,0.1443013801041379,0.20818097331854113,0.17229168814563273,0.17112426273560616,0.29947518472680484,-0.15385141265119215,2023-01-20,"{""type"":""MultiPoint"",""coordinates"":[]}"
20230120T082241_20230120T083844_T34HCJ,0.2923203002808015,0.12239126209351185,0.15406881501373518,0.21546995849425854,0.16275597828688873,0.15862520670254604,0.2749197219394432,-0.16131406294127945,2023-01-20,"{""type"":""MultiPoint"",""coordinates"":[]}"
20230125T082129_20230125T084017_T34HCH,0.27271987063413217,0.11396687824355702,0.1438334669505392,0.21589450833931112,0.18502952136389042,0.19058913742401337,0.30613243597449896,-0.13074941400212065,2023-01-25,"{""type"":""MultiPoint"",""coordinates"":[]}"
20230125T082129_20230125T084017_T34HCJ,0.29059266361786695,0.12395630070767942,0.15281864446765114,0.22393373704731323,0.17588629684574425,0.18198563338224333,0.2877460854310154,-0.1405528428405972,2023-01-25,"{""type"":""MultiPoint"",""coordinates"":[]}"
20230130T082201_20230130T083848_T34HCH,0.2727790705418314,0.12160053270123007,0.15451306655117525,0.21749272260435645,0.6885960070653799,0.1631899453092719,0.2853091055331418,-0.12838114419731134,2023-01-30,"{""type"":""MultiPoint"",""coordinates"":[]}"
20230130T082201_20230130T083848_T34HCJ,0.2896879039952443,0.12648564478209118,0.15765943513602762,0.2191852202405574,0.16436354183827623,0.15713315843050643,0.2677473566222934,-0.1464811558940127,2023-01-30,"{""type"":""MultiPoint"",""coordinates"":[]}"
20230204T082039_20230204T084016_T34HCH,0.2738948343166297,0.11202556876362764,0.14350121221843343,0.20536455986839303,0.1699788272414226,0.16853599374995568,0.29351149518847536,-0.15783956171015634,2023-02-04,"{""type"":""MultiPoint"",""coordinates"":[]}"
20230204T082039_20230204T084016_T34HCJ,0.29187685700477,0.12505751615481592,0.15500976535807307,0.21206841345370214,0.15772050026470374,0.15036426590460375,0.25902533375196773,-0.16563142848848028,2023-02-04,"{""type"":""MultiPoint"",""coordinates"":[]}"
20230209T082111_20230209T083846_T34HCH,0.27263530205241227,0.11142783973278292,0.14404566322121784,0.20703831130084396,0.1690167172139407,0.1701357944193849,0.2991112667687998,-0.1521598377510409,2023-02-09,"{""type"":""MultiPoint"",""coordinates"":[]}"
20230209T082111_20230209T083846_T34HCJ,0.28814802944635365,0.12244854185336426,0.1537767731197005,0.21238514832664437,0.15679136529182292,0.15440486858714234,0.2709131051863207,-0.1611208940690945,2023-02-09,"{""type"":""MultiPoint"",""coordinates"":[]}"
20230214T082009_20230214T084746_T34HCJ,0.2928574232984027,0.12763952061702757,0.15742308173693229,0.21780680722466358,0.16120742890308393,0.15959131044814634,0.26831502558931675,-0.15817204839007531,2023-02-14,"{""type"":""MultiPoint"",""coordinates"":[]}"
20230219T082001_20230219T083846_T34HCH,0.25786876004964115,0.1083870313150829,0.14020131726197357,0.19520481513119653,0.3750485024612408,0.1605327412936824,0.2959802918295159,-0.1585009810974956,2023-02-19,"{""type"":""MultiPoint"",""coordinates"":[]}"
20230219T082001_20230219T083846_T34HCJ,0.29032788504529733,0.13864023837960043,0.1707206063819974,0.2207184191284352,4.165629066612763,0.13830862863309568,0.25657811147796306,-0.15765549659090028,2023-02-19,"{""type"":""MultiPoint"",""coordinates"":[]}"
20230224T081829_20230224T084159_T34HCJ,0.27985845434044165,0.11854642951571727,0.14781597714897715,0.2071917451360858,0.1602659975317603,0.16270274952562433,0.2768394071772644,-0.15977536052438066,2023-02-24,"{""type"":""MultiPoint"",""coordinates"":[]}"
20230301T081851_20230301T083845_T34HCH,0.25524078826533403,0.1020145336151936,0.13348406086730388,0.19170570713879626,0.16162413486736588,0.17159319669919318,0.3089712008991394,-0.15897586950630782,2023-03-01,"{""type"":""MultiPoint"",""coordinates"":[]}"
20230301T081851_20230301T083845_T34HCJ,0.27748538348030427,0.11605065482704695,0.14691411860670398,0.2032249505793563,0.15405538665126586,0.15611874684077648,0.27812276445504536,-0.16458905263675247,2023-03-01,"{""type"":""MultiPoint"",""coordinates"":[]}"
20230326T081609_20230326T084605_T34HCJ,0.2735655163064174,0.21518322698062145,0.24396184718660432,0.2910120033244657,-1.2518965549503622,0.14081030164288075,0.234904592533286,-0.014171229134705846,2023-03-26,"{""type"":""MultiPoint"",""coordinates"":[]}"
20230331T081601_20230331T083848_T34HCH,0.21895951841757705,0.08598393963100885,0.11517175296470239,0.1790732274655059,0.17140140666065343,0.2144432767747316,0.36402387959065885,-0.11651618528440578,2023-03-31,"{""type"":""MultiPoint"",""coordinates"":[]}"
20230331T081601_20230331T083848_T34HCJ,0.2375503015785876,0.09565052652403236,0.12504455174164103,0.19068961758258143,0.17181695390107843,0.20348547798268923,0.3389408478412904,-0.1215234404033255,2023-03-31,"{""type"":""MultiPoint"",""coordinates"":[]}"
20230405T081609_20230405T083842_T34HCH,0.22145357880925945,0.08652947592053375,0.11375707433365898,0.17862403850561948,0.17488570853009502,0.22230684311550322,0.36157869250076713,-0.12164506709262578,2023-04-05,"{""type"":""MultiPoint"",""coordinates"":[]}"
20230405T081609_20230405T083842_T34HCJ,0.2428186286803048,0.0961338846968898,0.12448852205766209,0.19311256417639594,0.17925657276022994,0.21378222452219947,0.3439935529428725,-0.1261840785965483,2023-04-05,"{""type"":""MultiPoint"",""coordinates"":[]}"
20230415T081609_20230415T084018_T34HCH,0.21271183441292688,0.08327788206726502,0.10980062527014611,0.17512378297350623,0.17450691006980296,0.2336087852310275,0.37552497143041946,-0.11133377429058357,2023-04-15,"{""type"":""MultiPoint"",""coordinates"":[]}"
20230415T081609_20230415T084018_T34HCJ,0.23312413005801041,0.09288441960194453,0.1202337808916155,0.1889280531270737,0.17729223460942106,0.22214254691923654,0.3528801008303111,-0.11846217135944269,2023-04-15,"{""type"":""MultiPoint"",""coordinates"":[]}"
20230430T081601_20230430T084749_T34HCH,0.19807728024862117,0.07632942890526995,0.1034774754072913,0.16530478156695802,0.16504538510857406,0.24248138809646652,0.4006644543440002,-0.10426646342154838,2023-04-30,"{""type"":""MultiPoint"",""coordinates"":[]}"
20230430T081601_20230430T084749_T34HCJ,0.2108206814408257,0.08262822405539469,0.11111101383637494,0.17474415178962396,0.1691630872266722,0.2230408568102532,0.3716743291063151,-0.10816547110609348,2023-04-30,"{""type"":""MultiPoint"",""coordinates"":[]}"
20230505T081609_20230505T084721_T34HCH,0.19470750837529668,0.07475026885972261,0.0999352410486665,0.16325249426735133,0.1691333776305563,0.25708448823937674,0.40968250881635254,-0.10047660398665993,2023-05-05,"{""type"":""MultiPoint"",""coordinates"":[]}"
20230505T081609_20230505T084721_T34HCJ,0.2128800248018644,0.08292026380250961,0.1098916473949084,0.1770707609489246,0.17662711208886453,0.2377780973253148,0.3795313651420801,-0.10688639611126001,2023-05-05,"{""type"":""MultiPoint"",""coordinates"":[]}"
20230510T081601_20230510T083839_T34HCH,0.19983600296188575,0.08280717478126641,0.10747056744272723,0.16412025026175764,-10.50288363701735,0.22713594205084867,0.37128850589511814,-0.09743341259983097,2023-05-10,"{""type"":""MultiPoint"",""coordinates"":[]}"
20230510T081601_20230510T083839_T34HCJ,0.2298667411857309,0.0963656707334715,0.12401568405298839,0.1877946669440644,0.17167647678749828,0.21521868002305028,0.3502143086088089,-0.10272323559799199,2023-05-10,"{""type"":""MultiPoint"",""coordinates"":[]}"
20230515T081609_20230515T084021_T34HCH,0.18071679286308384,0.06738772524402449,0.09231097811561247,0.14814395436059408,0.1561388324997306,0.25836051159953444,0.42425088134764166,-0.11236601428672824,2023-05-15,"{""type"":""MultiPoint"",""coordinates"":[]}"
20230515T081609_20230515T084021_T34HCJ,0.2111379220786875,0.08131933335693069,0.10852243130612185,0.1687983074620599,0.1639745772709376,0.22593469923685822,0.3734251124490978,-0.12699432552806136,2023-05-15,"{""type"":""MultiPoint"",""coordinates"":[]}"
20230520T081611_20230520T083842_T34HCH,0.18140989613887123,0.06789223609143866,0.09470469109088478,0.14665073571905485,0.1475732481151916,0.23829124234452229,0.4186013132921671,-0.11792162281845171,2023-05-20,"{""type"":""MultiPoint"",""coordinates"":[]}"
20230520T081611_20230520T083842_T34HCJ,0.2072555859389568,0.07987773181641589,0.10875465923077059,0.1642218212526908,0.15409742804897156,0.21015300758761518,0.369495060975589,-0.13003220953378017,2023-05-20,"{""type"":""MultiPoint"",""coordinates"":[]}"
20230704T081609_20230704T084016_T34HCJ,0.1987572808383401,0.10124294097703095,0.12770017824007107,0.1894229336496516,-2.0967352981672667,0.19731019235828193,0.31883478375075,-0.03192141153263259,2023-07-04,"{""type"":""MultiPoint"",""coordinates"":[]}"
20230724T081609_20230724T084016_T34HCH,0.18065404438675026,0.07461269012691867,0.09801171027125508,0.1596579286288705,-7.1647445598089226,0.2692595935411959,0.4241055575633257,-0.06684334559475144,2023-07-24,"{""type"":""MultiPoint"",""coordinates"":[]}"
20230724T081609_20230724T084016_T34HCJ,0.18541509428572941,0.07259814886276977,0.09882370996115254,0.1713528257326195,0.18812544270185275,0.27054199629727693,0.4223842704359939,-0.054569339616778456,2023-07-24,"{""type"":""MultiPoint"",""coordinates"":[]}"
20230803T081609_20230803T084923_T34HCH,0.1809636964320596,0.07342128663116115,0.09667479223196798,0.1566518752694505,0.1648263104094771,0.24717377368146481,0.38923711403162475,-0.07624792238406419,2023-08-03,"{""type"":""MultiPoint"",""coordinates"":[]}"
20230803T081609_20230803T084923_T34HCJ,0.1893572181450752,0.0785463230921333,0.10492184164765105,0.17247935773891374,0.7340965464779814,0.2358653465260523,0.3762856237250623,-0.062284078782423626,2023-08-03,"{""type"":""MultiPoint"",""coordinates"":[]}"
20230808T081611_20230808T083946_T34HCJ,0.23461894719958107,0.13326405863623356,0.163223694831014,0.22377092156876974,1.1183204581601367,0.1917549959152242,0.325905603890445,-0.053272198010559914,2023-08-08,"{""type"":""MultiPoint"",""coordinates"":[]}"
20230828T081611_20230828T084030_T34HCH,0.19832395073372402,0.07750982425083454,0.10401215552500838,0.16634505882689768,0.16736765612358404,0.23510015606172174,0.38556712243148117,-0.09624075279580903,2023-08-28,"{""type"":""MultiPoint"",""coordinates"":[]}"
20230828T081611_20230828T084030_T34HCJ,0.20166299411708377,0.07898021057259516,0.10818149792147766,0.18041190603198246,0.1861043870060115,0.2368031370708409,0.3877692655433872,-0.0770056550581016,2023-08-28,"{""type"":""MultiPoint"",""coordinates"":[]}"
20230902T081609_20230902T084608_T34HCJ,0.23101296344580416,0.10319785519174637,0.1330136931857696,0.20962606624229876,0.6219318615530947,0.22075978524867096,0.3501740841244136,-0.06606337464854796,2023-09-02,"{""type"":""MultiPoint"",""coordinates"":[]}"
20230907T081611_20230907T084439_T34HCH,0.21599330574076805,0.0844246669932811,0.11214189818430115,0.17687147606225695,0.1703153682287302,0.23317689334005115,0.3797918329221825,-0.11162771825865238,2023-09-07,"{""type"":""MultiPoint"",""coordinates"":[]}"
20230907T081611_20230907T084439_T34HCJ,0.21762844893676767,0.08694624821512552,0.11715314557894407,0.19059773771777705,0.18725352064357506,0.22583260452212778,0.3697457251536945,-0.08724936403679862,2023-09-07,"{""type"":""MultiPoint"",""coordinates"":[]}"
20230912T081609_20230912T084035_T34HCJ,0.18616577730063724,0.12563760521458264,0.15404796643374832,0.22515629505305176,-0.7650229150282283,0.22311571531017246,0.3526282944934792,0.032687513288338944,2023-09-12,"{""type"":""MultiPoint"",""coordinates"":[]}"
20230917T081611_20230917T084028_T34HCJ,0.2073415565551668,0.09068869814392172,0.12266603215685702,0.19231689919459763,0.8049561568714686,0.21556339022135437,0.36651931337714433,-0.06072655583096995,2023-09-17,"{""type"":""MultiPoint"",""coordinates"":[]}"
20230927T081711_20230927T083843_T34HCH,0.20641415765881127,0.08083349330204435,0.1101253084750031,0.17085742693905193,0.16772213700446223,0.22056083096024276,0.377040170104324,-0.10794044440510675,2023-09-27,"{""type"":""MultiPoint"",""coordinates"":[]}"
20230927T081711_20230927T083843_T34HCJ,0.2049599683940447,0.08198743056703302,0.11332830341477887,0.1824462911883707,0.18435066027247604,0.21906777359912943,0.37253685727299396,-0.07760941201423287,2023-09-27,"{""type"":""MultiPoint"",""coordinates"":[]}"
20231002T081749_20231002T084439_T34HCH,0.2315210279062854,0.0907769660506926,0.11964807742437626,0.18426291403261233,0.17599584007129115,0.21561273967046787,0.3556655405419121,-0.12524904763974765,2023-10-02,"{""type"":""MultiPoint"",""coordinates"":[]}"
20231002T081749_20231002T084439_T34HCJ,0.22889677850888504,0.09069292893578176,0.12177771016339276,0.19469376680811365,0.1925363608235556,0.21726933922885058,0.35846271039296873,-0.09759965132350218,2023-10-02,"{""type"":""MultiPoint"",""coordinates"":[]}"
20231017T081931_20231017T083837_T34HCH,0.2467249303252987,0.09850418338245974,0.1317176176674,0.19952522355568672,0.18359134704877494,0.2008273039950739,0.3446528565891456,-0.11848244855595916,2023-10-17,"{""type"":""MultiPoint"",""coordinates"":[]}"
20231017T081931_20231017T083837_T34HCJ,0.25149883069201845,0.10188048540336345,0.13735859180511562,0.21078250900571452,0.19071985738431443,0.19774514796506304,0.34195350764982496,-0.1074389322537757,2023-10-17,"{""type"":""MultiPoint"",""coordinates"":[]}"
20231022T081959_20231022T083842_T34HCH,0.31427288639609857,0.24649022232312587,0.2771536848904093,0.3240226183105705,4.11402639909287,0.12800024415546282,0.22112145393296348,-0.01970934539603194,2023-10-22,"{""type"":""MultiPoint"",""coordinates"":[]}"
20231022T081959_20231022T083842_T34HCJ,0.30571733164359766,0.21426299034519602,0.2476538864198739,0.30740579809001,-13.289194551608496,0.14516891865699322,0.24409282653195535,-0.031033903819949245,2023-10-22,"{""type"":""MultiPoint"",""coordinates"":[]}"
20231126T082251_20231126T083835_T34HCH,0.2751685999681343,0.11177597410662608,0.147057073470168,0.2172518324691701,0.18560505806907,0.17908801088709986,0.31183460292236587,-0.1360284893311581,2023-11-26,"{""type"":""MultiPoint"",""coordinates"":[]}"
20231126T082251_20231126T083835_T34HCJ,0.2879298149186301,0.12451747125411013,0.15817820070920616,0.22516856932768403,0.17424249319877036,0.16418111438677457,0.28233156010532284,-0.1368662192479834,2023-11-26,"{""type"":""MultiPoint"",""coordinates"":[]}"
20231206T082321_20231206T084033_T34HCH,0.2762173110110749,0.11575209057342202,0.1505239736443589,0.2248345171405251,0.1909771642950457,0.18572634563081045,0.31235991366783,-0.11830871201699446,2023-12-06,"{""type"":""MultiPoint"",""coordinates"":[]}"
20231206T082321_20231206T084033_T34HCJ,0.2912969282158175,0.12952098420878305,0.16323880424705506,0.2338902480944504,0.1790648506922669,0.17067063402272425,0.28502483994231953,-0.12208674477381717,2023-12-06,"{""type"":""MultiPoint"",""coordinates"":[]}"
20231211T082239_20231211T084008_T34HCH,0.2744857621135142,0.11187032335025958,0.1447222665969541,0.22061750165130495,0.19428210120770678,0.1935503248037066,0.3176551753055938,-0.12744557981248483,2023-12-11,"{""type"":""MultiPoint"",""coordinates"":[]}"
20231211T082239_20231211T084008_T34HCJ,0.2899988708177696,0.1262671670128456,0.15750351082419403,0.23054641794323064,0.18255195398316754,0.17852063897500825,0.28775054476044504,-0.12847339614078712,2023-12-11,"{""type"":""MultiPoint"",""coordinates"":[]}"
20231216T082341_20231216T084050_T34HCH,0.2781884194628726,0.11501625746225776,0.1500017139175944,0.22392142002856705,0.19005772779874222,0.18417007115267062,0.3121694285337651,-0.12560341631691044,2023-12-16,"{""type"":""MultiPoint"",""coordinates"":[]}"
20231216T082341_20231216T084050_T34HCJ,0.2935283836891995,0.12931142152882724,0.16287831070516878,0.2330310204512945,0.17765517591519542,0.16866357030932136,0.2829470982875941,-0.12826462261244037,2023-12-16,"{""type"":""MultiPoint"",""coordinates"":[]}"
20231221T082249_20231221T084004_T34HCH,0.28138044368259235,0.11653559563731317,0.14977221776842795,0.2272068360386904,0.19585999626843906,0.1920051414290566,0.31353156730464055,-0.12449058955549971,2023-12-21,"{""type"":""MultiPoint"",""coordinates"":[]}"
20231221T082249_20231221T084004_T34HCJ,0.29566126701506423,0.13132200332798752,0.16261802755924862,0.2365513801329549,0.1834900050797883,0.1775040847731226,0.2834665780674343,-0.12399362364793196,2023-12-21,"{""type"":""MultiPoint"",""coordinates"":[]}"
20231226T082341_20231226T084055_T34HCJ,0.30713175900492384,0.16636173352160358,0.1994271534725197,0.26401075470823604,0.1804501879526495,0.14739385100989819,0.24689172401588583,-0.09295418582545582,2023-12-26,"{""type"":""MultiPoint"",""coordinates"":[]}"
20240105T082331_20240105T084901_T34HCH,0.27462357381280844,0.11076180857811879,0.14515904878472471,0.21636194965342898,0.18487066209481387,0.18346593546179282,0.3155488869469678,-0.13731680467790888,2024-01-05,"{""type"":""MultiPoint"",""coordinates"":[]}"
20240105T082331_20240105T084901_T34HCJ,0.28977911392691247,0.12567759843065146,0.15848647377947786,0.22531025689932063,0.17281296875278024,0.16645257613455705,0.28255743378192866,-0.13805525953670003,2024-01-05,"{""type"":""MultiPoint"",""coordinates"":[]}"
20240115T082301_20240115T084012_T34HCH,0.27309008333874524,0.11016883136739998,0.14477367692460438,0.21253739250231066,0.18097482070788995,0.175956980288184,0.30931010387129176,-0.14274267196181942,2024-01-15,"{""type"":""MultiPoint"",""coordinates"":[]}"
20240115T082301_20240115T084012_T34HCJ,0.291021081802091,0.12454777225902716,0.15829898131904765,0.22432773636379688,0.17056358780534306,0.1635130140393224,0.28464838541149184,-0.14595006079252276,2024-01-15,"{""type"":""MultiPoint"",""coordinates"":[]}"
20240120T082159_20240120T084010_T34HCH,0.2750397370697486,0.11106625168189985,0.14303528760700113,0.21224368703467025,0.18257164551568783,0.18150432731724522,0.3055179130317669,-0.1471385546895693,2024-01-20,"{""type"":""MultiPoint"",""coordinates"":[]}"
20240120T082159_20240120T084010_T34HCJ,0.2914266620000752,0.12698549119925504,0.15770425712750924,0.22273569325284495,0.17025859824139628,0.16339573204162344,0.2725970978517496,-0.14606354066655278,2024-01-20,"{""type"":""MultiPoint"",""coordinates"":[]}"
20240125T082221_20240125T084005_T34HCH,0.2713161363645888,0.11057895848096415,0.14270067633690656,0.21601704260522728,0.18426295419171645,0.19169701211164125,0.316609358880095,-0.13219065684025244,2024-01-25,"{""type"":""MultiPoint"",""coordinates"":[]}"
20240125T082221_20240125T084005_T34HCJ,0.2872011897502588,0.12633527231345806,0.15671604058527155,0.22461413253510523,0.17130256168520747,0.1705825739701371,0.27806385762656904,-0.13335205654794718,2024-01-25,"{""type"":""MultiPoint"",""coordinates"":[]}"
20240204T082131_20240204T084008_T34HCH,0.2664381191028257,0.1057490426116703,0.13961965008999752,0.2002815500460788,0.1946258998008698,0.16573836401499586,0.30290495645620463,-0.1599957705760476,2024-02-04,"{""type"":""MultiPoint"",""coordinates"":[]}"
20240204T082131_20240204T084008_T34HCJ,0.27851161521527656,0.11756451365075626,0.15079296606232342,0.20990761845580613,0.16236422882654714,0.15567100409745213,0.2813339894852588,-0.15423322138882326,2024-02-04,"{""type"":""MultiPoint"",""coordinates"":[]}"
20240209T082019_20240209T084011_T34HCJ,0.2883634016213779,0.14387838861361804,0.17178529039340643,0.23404333133503988,-0.6369729512142012,0.1533062124881725,0.24633301780283912,-0.11619100805047698,2024-02-09,"{""type"":""MultiPoint"",""coordinates"":[]}"
20240214T082041_20240214T084008_T34HCJ,0.2808728132062832,0.1305870235103434,0.16060923758200418,0.2134183919566177,0.14813319724956478,0.13438663509620088,0.23788024463796498,-0.1457890387002661,2024-02-14,"{""type"":""MultiPoint"",""coordinates"":[]}"
20240219T082009_20240219T084413_T34HCH,0.26218672604254306,0.10521577099440924,0.13544170526834987,0.20225399635198735,0.17580669078308858,0.18660439007405,0.3113356872893867,-0.1483861033447883,2024-02-19,"{""type"":""MultiPoint"",""coordinates"":[]}"
20240219T082009_20240219T084413_T34HCJ,0.27912836626115256,0.11913607342723238,0.14851061467336404,0.21328896506366557,0.16601101427697795,0.17151031591207863,0.28370471475863723,-0.1498584750460848,2024-02-19,"{""type"":""MultiPoint"",""coordinates"":[]}"
20240224T081931_20240224T083944_T34HCJ,0.27733266766087133,0.1209585932627325,0.1521642952291499,0.20651039550854347,0.15100431806121326,0.1450015143690302,0.26147442382852976,-0.15969119148014288,2024-02-24,"{""type"":""MultiPoint"",""coordinates"":[]}"
20240229T081759_20240229T084924_T34HCH,0.2612666585168673,0.10694372098652953,0.13757173340696954,0.19562673118476726,0.16195489325623577,0.16309709229897,0.28851593287213284,-0.16076671613854562,2024-02-29,"{""type"":""MultiPoint"",""coordinates"":[]}"
20240310T081739_20240310T084046_T34HCJ,0.26706963899769326,0.11192219009581472,0.1398705047550941,0.20369983658505295,0.16513851855040443,0.17982408105467682,0.2945416330053667,-0.14969676621970382,2024-03-10,"{""type"":""MultiPoint"",""coordinates"":[]}"
20240315T081711_20240315T084011_T34HCJ,0.26418377202476956,0.11807489997244133,0.1440125506541424,0.19160306238718913,0.13474808733907967,0.1384256966803666,0.23832925161665186,-0.1640262411017634,2024-03-15,"{""type"":""MultiPoint"",""coordinates"":[]}"
20240330T081609_20240330T084701_T34HCH,0.23504064503887717,0.08896963031292279,0.11739371257063061,0.17374947833838483,0.15842471629923255,0.19477771996848214,0.3392789487307796,-0.16966436443389593,2024-03-30,"{""type"":""MultiPoint"",""coordinates"":[]}"
20240330T081609_20240330T084701_T34HCJ,0.25768413475922924,0.10382231903753567,0.13179734874017524,0.18626631484929115,0.15044018158363998,0.17109207225784218,0.29647914054901126,-0.17546972300269612,2024-03-30,"{""type"":""MultiPoint"",""coordinates"":[]}"
