YEAR,DOY,ALLSKY_SFC_SW_DWN,T2M_MAX,T2M_MIN,RH2M,PRECTOTCORR,WS2M,GWETROOT
2010,1,30.12,33.23,16.05,61.12,0.85,3.69,0.4
2010,2,31.27,35.49,16.53,55.22,0.49,2.58,0.4
2010,3,29.27,25.96,14.11,62.82,0.4,3.61,0.4
2010,4,34.34,32.32,12.06,49.28,0.07,3.29,0.4
2010,5,34.22,38.24,14.78,33.81,0.0,2.0,0.39
2010,6,33.76,29.64,16.16,48.93,0.11,3.18,0.39
2010,7,33.96,31.08,13.18,54.48,0.2,3.1,0.39
2010,8,33.37,30.15,11.42,52.76,0.01,3.54,0.39
2010,9,34.23,36.76,11.85,43.33,0.0,2.19,0.39
2010,10,32.02,30.76,14.55,51.32,0.01,3.09,0.38
2010,11,32.38,31.85,13.0,55.22,0.16,3.11,0.38
2010,12,31.74,33.38,15.62,58.54,1.1,3.42,0.38
2010,13,31.17,39.24,16.94,46.2,0.02,3.22,0.38
2010,14,32.04,28.05,14.45,58.42,0.59,4.67,0.38
2010,15,30.35,26.29,11.72,50.23,0.3,3.46,0.38
2010,16,33.0,31.07,9.35,47.54,0.0,3.01,0.38
2010,17,32.97,37.64,11.06,39.7,0.0,2.39,0.38
2010,18,30.84,30.02,15.3,49.56,0.02,3.29,0.38
2010,19,28.5,25.66,13.22,62.36,0.42,3.64,0.38
2010,20,32.81,32.25,12.03,50.45,0.01,3.3,0.38
2010,21,33.15,36.51,12.43,43.82,0.0,2.52,0.37
2010,22,31.13,31.01,14.33,51.31,0.0,2.61,0.37
2010,23,33.49,31.77,12.8,46.88,0.0,2.32,0.37
2010,24,32.73,28.53,11.24,53.71,0.03,2.82,0.37
2010,25,28.29,31.72,16.01,57.52,0.04,2.73,0.37
2010,26,28.72,33.58,16.02,53.71,0.03,2.46,0.37
2010,27,25.85,28.57,13.57,63.37,0.25,3.71,0.37
2010,28,28.72,27.25,12.68,54.49,0.18,4.58,0.37
2010,29,32.83,30.72,10.7,47.84,0.01,4.03,0.37
2010,30,32.03,32.79,11.84,53.75,0.02,3.1,0.37
2010,31,29.41,27.62,11.75,58.77,0.27,3.2,0.37
2010,32,30.39,25.04,10.21,62.16,0.0,2.94,0.37
2010,33,31.3,31.81,11.89,47.26,0.0,1.99,0.37
2010,34,25.01,25.24,10.72,63.0,0.29,2.81,0.37
2010,35,31.12,31.89,13.28,52.09,0.16,1.98,0.37
2010,36,31.54,29.5,12.41,50.63,0.0,3.3,0.37
2010,37,30.91,28.07,9.81,54.92,0.01,3.99,0.37
2010,38,29.07,28.15,11.24,60.86,0.0,4.1,0.37
2010,39,29.29,35.6,14.06,49.8,0.01,1.64,0.37
2010,40,29.11,37.37,18.43,36.29,0.0,2.89,0.37
2010,41,23.49,31.07,15.71,48.89,0.12,3.33,0.37
2010,42,30.85,33.73,13.62,46.48,0.06,2.73,0.37
2010,43,28.26,24.55,12.3,61.53,0.02,3.8,0.37
2010,44,27.53,27.08,13.24,59.62,0.5,3.02,0.37
2010,45,30.32,35.41,12.52,49.74,0.04,2.64,0.37
2010,46,27.53,27.42,13.08,62.28,0.0,4.04,0.37
2010,47,14.11,20.59,9.95,67.25,0.0,3.85,0.37
2010,48,28.68,26.39,9.46,51.04,0.0,1.98,0.37
2010,49,28.28,29.93,10.1,50.77,0.0,1.9,0.37
2010,50,28.48,35.65,12.71,47.42,0.0,2.93,0.37
2010,51,28.97,41.05,16.1,36.69,0.0,3.04,0.37
2010,52,26.19,34.23,17.02,57.92,2.1,3.59,0.37
2010,53,21.75,33.93,16.97,67.38,16.75,3.69,0.38
2010,54,10.25,26.03,17.35,80.37,3.06,3.86,0.41
2010,55,19.98,27.53,16.66,75.39,7.73,2.84,0.41
2010,56,18.61,27.66,15.51,70.3,2.94,2.84,0.42
2010,57,27.84,31.51,13.54,60.79,0.17,3.07,0.41
2010,58,26.52,33.91,13.61,50.82,0.0,3.32,0.4
2010,59,27.48,37.03,15.25,40.62,0.0,1.74,0.4
2010,60,26.9,36.4,17.52,43.24,0.0,3.31,0.39
2010,61,25.44,33.34,16.89,59.21,0.89,4.05,0.39
2010,62,26.89,36.37,14.59,48.44,0.0,2.32,0.39
2010,63,25.64,35.49,18.12,42.39,0.02,2.22,0.39
2010,64,27.06,33.81,16.96,41.02,0.01,2.28,0.39
2010,65,26.75,37.38,14.67,42.64,0.01,1.91,0.38
2010,66,24.87,39.91,19.03,42.29,0.24,1.95,0.38
2010,67,22.54,38.49,23.15,36.61,0.01,2.65,0.38
2010,68,17.01,33.54,19.36,48.35,0.49,2.43,0.38
2010,69,8.04,27.62,17.91,73.38,11.08,2.03,0.39
2010,70,19.78,30.43,15.39,67.08,2.47,2.32,0.4
2010,71,24.52,26.81,12.81,63.31,0.13,2.17,0.4
2010,72,24.27,24.71,10.46,65.04,0.14,2.6,0.39
2010,73,23.93,27.97,11.9,59.32,0.09,3.74,0.39
2010,74,24.98,34.01,12.07,50.5,0.0,2.65,0.39
2010,75,21.42,28.16,13.6,67.04,0.07,4.11,0.39
2010,76,22.67,27.51,12.69,63.52,0.07,3.91,0.39
2010,77,24.12,31.34,11.37,52.68,0.0,2.56,0.39
2010,78,24.01,34.08,14.92,40.47,0.0,1.74,0.38
2010,79,22.71,30.46,14.45,52.89,0.0,1.36,0.38
2010,80,21.81,28.04,11.77,64.59,0.0,2.18,0.38
2010,81,22.67,27.42,12.25,70.32,1.39,3.05,0.38
2010,82,23.16,32.44,12.49,55.62,0.53,1.64,0.38
2010,83,20.35,24.17,14.2,69.37,4.13,3.84,0.38
2010,84,21.24,24.55,13.09,70.94,3.04,1.54,0.39
2010,85,14.78,19.51,11.12,76.78,1.33,3.46,0.39
2010,86,13.86,19.27,10.41,76.3,0.59,4.43,0.39
2010,87,22.53,24.46,9.77,61.96,0.01,1.49,0.39
2010,88,22.24,25.59,9.04,66.51,0.04,1.9,0.39
2010,89,21.72,23.42,10.65,70.47,0.09,3.17,0.39
2010,90,21.11,26.98,10.63,67.03,0.09,2.11,0.39
2010,91,21.97,31.2,12.14,51.98,0.02,1.98,0.38
2010,92,21.17,31.33,13.94,32.94,0.0,1.47,0.38
2010,93,18.48,25.03,11.5,66.78,0.31,2.85,0.38
2010,94,18.75,21.85,10.1,60.09,0.08,4.18,0.38
2010,95,17.01,22.98,8.89,71.52,0.12,3.45,0.38
2010,96,19.8,24.64,11.06,71.52,0.27,1.68,0.38
2010,97,18.67,23.94,9.24,71.37,0.07,1.77,0.38
2010,98,20.42,30.06,11.93,55.97,0.01,2.09,0.38
2010,99,10.81,17.35,7.9,81.45,1.95,3.95,0.38
2010,100,19.84,22.61,7.81,56.58,0.11,1.5,0.38
2010,101,19.65,30.59,11.02,35.52,0.0,1.33,0.38
2010,102,19.79,35.07,13.63,23.75,0.0,1.83,0.38
2010,103,19.18,33.33,17.85,24.07,0.0,2.26,0.38
2010,104,17.24,31.6,14.03,38.97,0.15,2.19,0.37
2010,105,12.63,20.76,11.61,78.39,2.69,3.34,0.38
2010,106,16.86,26.02,10.35,67.13,0.13,2.03,0.38
2010,107,14.98,21.65,10.36,71.42,0.04,1.68,0.38
2010,108,17.89,21.2,10.41,58.35,0.0,1.34,0.38
2010,109,7.25,14.66,9.19,78.62,0.39,2.5,0.38
2010,110,15.67,18.3,8.67,68.24,0.08,1.45,0.38
2010,111,16.7,18.41,7.66,64.2,0.78,3.07,0.38
2010,112,16.48,15.39,5.82,74.88,1.48,3.04,0.38
2010,113,18.04,19.4,3.69,62.31,0.03,3.01,0.38
2010,114,17.85,24.22,4.07,47.83,0.0,1.8,0.38
2010,115,17.63,27.15,8.26,24.71,0.0,1.55,0.38
2010,116,15.97,27.39,10.23,46.56,0.0,2.28,0.38
2010,117,15.27,26.56,11.9,57.98,0.01,1.39,0.38
2010,118,10.86,25.46,12.24,76.08,1.06,2.19,0.38
2010,119,13.37,27.01,12.82,71.96,0.85,1.62,0.38
2010,120,15.57,28.23,11.39,66.58,0.09,1.87,0.38
2010,121,14.29,27.96,11.44,65.31,0.13,1.99,0.38
2010,122,15.28,27.56,9.86,59.65,0.02,1.59,0.37
2010,123,13.01,22.31,10.33,69.72,0.26,2.0,0.37
2010,124,7.36,14.86,11.23,84.73,8.82,5.07,0.38
2010,125,9.02,16.37,10.75,84.32,5.72,5.09,0.4
2010,126,5.39,14.8,8.26,85.67,12.48,5.89,0.41
2010,127,13.46,15.65,5.1,69.54,0.32,2.07,0.42
2010,128,14.48,24.82,3.92,55.3,0.05,3.02,0.41
2010,129,8.73,12.48,8.65,84.87,14.43,7.16,0.43
2010,130,7.15,10.35,8.56,90.55,15.16,5.96,0.45
2010,131,7.97,13.33,6.97,88.9,4.63,3.41,0.46
2010,132,11.58,19.36,7.9,66.71,0.33,3.05,0.46
2010,133,6.46,13.69,9.61,74.55,6.11,5.44,0.46
2010,134,7.38,13.45,8.08,88.71,5.19,3.78,0.47
2010,135,14.2,18.31,6.58,72.44,0.14,1.17,0.46
2010,136,11.96,24.09,6.76,60.57,0.0,1.68,0.46
2010,137,12.62,23.75,11.04,68.16,0.0,2.27,0.46
2010,138,10.4,18.97,8.69,73.66,0.02,1.26,0.45
2010,139,13.2,23.62,7.54,70.91,0.03,1.19,0.45
2010,140,13.19,26.0,9.83,49.82,0.0,1.3,0.45
2010,141,12.97,26.11,14.5,43.64,0.0,1.46,0.45
2010,142,12.88,26.18,11.68,42.57,0.0,1.76,0.44
2010,143,10.7,24.32,9.82,54.03,0.07,2.38,0.44
2010,144,10.2,18.04,8.62,85.38,1.64,1.43,0.44
2010,145,9.69,16.5,7.39,78.41,0.35,1.12,0.44
2010,146,9.64,15.54,7.33,77.05,0.14,1.26,0.44
2010,147,8.66,13.52,4.55,75.2,24.21,4.15,0.45
2010,148,9.11,10.63,4.34,79.41,3.42,2.16,0.5
2010,149,12.9,14.62,1.41,75.91,0.0,1.33,0.49
2010,150,13.12,18.79,1.84,64.79,0.0,1.8,0.48
2010,151,12.81,20.68,3.24,53.59,0.0,1.82,0.48
2010,152,11.67,24.14,9.22,52.7,0.0,1.44,0.47
2010,153,9.7,24.77,8.55,55.56,0.0,1.64,0.47
2010,154,9.07,17.15,9.41,70.28,0.37,3.01,0.47
2010,155,7.08,14.39,9.38,92.34,1.17,2.09,0.47
2010,156,11.51,20.13,8.34,74.02,0.16,0.93,0.47
2010,157,11.15,16.05,5.91,74.83,0.16,3.2,0.47
2010,158,9.02,15.27,6.43,88.2,3.91,3.24,0.47
2010,159,6.9,10.48,5.85,90.33,9.84,2.77,0.48
2010,160,10.2,11.92,2.07,84.95,3.09,1.91,0.49
2010,161,12.42,14.24,0.91,73.01,0.06,2.28,0.49
2010,162,12.5,17.46,1.5,66.47,0.02,1.23,0.49
2010,163,10.9,12.77,2.96,64.55,0.19,2.36,0.48
2010,164,6.3,11.05,5.37,89.5,11.69,3.67,0.49
2010,165,3.05,7.56,2.1,93.56,34.66,3.87,0.54
2010,166,8.24,7.52,0.63,87.66,2.44,1.39,0.56
2010,167,8.51,10.29,4.06,91.22,4.46,1.36,0.55
2010,168,12.34,14.54,1.1,71.27,0.08,1.64,0.55
2010,169,10.28,15.35,0.6,51.09,0.0,3.29,0.54
2010,170,11.46,13.61,2.3,70.17,0.09,2.49,0.53
2010,171,11.79,17.54,2.7,67.49,0.32,1.58,0.53
2010,172,8.42,13.12,3.99,82.41,2.86,1.79,0.53
2010,173,11.95,14.91,4.29,81.48,0.56,1.36,0.53
2010,174,11.05,18.12,1.75,65.56,0.0,1.74,0.53
2010,175,11.08,18.43,4.46,51.84,0.0,1.75,0.53
2010,176,11.92,20.25,5.95,49.8,0.02,1.5,0.53
2010,177,11.2,16.17,4.64,74.63,1.3,2.99,0.53
2010,178,11.59,20.97,7.0,72.48,0.35,2.88,0.53
2010,179,11.58,21.03,5.86,59.6,0.01,2.51,0.52
2010,180,5.48,11.57,5.0,93.47,5.97,4.18,0.52
2010,181,11.82,11.67,1.87,83.74,0.07,1.37,0.53
2010,182,12.0,18.49,0.89,66.65,0.0,1.62,0.53
2010,183,11.66,21.69,5.93,63.99,0.0,2.05,0.53
2010,184,11.33,18.68,5.55,68.06,0.0,1.5,0.52
2010,185,10.31,22.45,4.81,69.37,0.0,1.68,0.52
2010,186,10.41,21.5,8.59,68.0,0.04,2.24,0.52
2010,187,9.15,10.26,2.6,83.93,4.27,3.01,0.52
2010,188,10.8,11.8,-0.18,75.14,0.1,1.8,0.52
2010,189,10.26,19.32,3.48,66.76,0.0,1.66,0.52
2010,190,10.23,16.84,5.67,72.8,0.03,2.7,0.52
2010,191,3.34,8.73,4.39,94.52,33.56,2.37,0.55
2010,192,9.46,8.04,2.45,85.95,6.47,1.56,0.58
2010,193,12.85,10.14,-0.34,75.52,0.27,1.23,0.57
2010,194,13.09,13.32,-0.9,60.93,0.0,2.27,0.57
2010,195,6.83,6.7,-0.62,86.84,11.25,2.59,0.57
2010,196,8.43,8.85,1.38,90.43,0.85,1.64,0.58
2010,197,11.13,11.99,0.78,87.81,0.05,2.29,0.57
2010,198,12.95,15.78,3.59,67.95,0.0,1.2,0.57
2010,199,13.25,18.46,1.91,55.71,0.0,1.98,0.57
2010,200,13.27,20.33,2.98,50.03,0.0,2.03,0.56
2010,201,13.01,20.7,5.11,47.04,0.0,1.27,0.56
2010,202,13.47,20.13,4.65,51.93,0.0,1.81,0.56
2010,203,13.04,19.41,5.56,61.26,0.35,3.13,0.55
2010,204,8.33,12.86,6.81,93.38,1.58,1.58,0.55
2010,205,11.93,13.29,4.44,88.72,0.4,1.28,0.55
2010,206,13.85,17.06,2.84,69.29,0.02,1.16,0.55
2010,207,13.89,20.23,6.38,58.52,0.0,0.93,0.55
2010,208,11.75,13.8,4.55,90.91,0.41,2.07,0.55
2010,209,11.26,15.52,6.59,88.65,0.26,3.01,0.55
2010,210,12.92,18.58,6.45,81.2,0.06,3.35,0.55
2010,211,8.78,23.69,8.69,57.25,0.0,1.69,0.54
2010,212,12.78,16.88,7.51,78.29,0.01,3.0,0.54
2010,213,13.65,22.15,5.74,64.04,0.0,1.54,0.54
2010,214,13.42,22.45,7.12,61.1,0.0,1.34,0.54
2010,215,13.56,23.29,9.63,56.61,0.0,1.38,0.53
2010,216,13.93,23.86,8.96,51.57,0.0,1.55,0.53
2010,217,7.15,22.22,10.39,63.3,0.12,1.1,0.53
2010,218,14.57,25.14,8.31,69.36,0.03,2.16,0.53
2010,219,13.75,18.08,7.11,81.54,0.3,2.02,0.52
2010,220,7.66,10.11,2.88,91.12,16.87,4.14,0.54
2010,221,11.25,9.43,1.26,87.84,1.19,1.98,0.55
2010,222,14.74,13.65,1.13,78.13,0.24,2.29,0.55
2010,223,15.37,18.66,1.13,55.04,0.0,1.95,0.54
2010,224,14.2,21.38,3.59,53.47,0.0,2.17,0.54
2010,225,16.31,22.13,5.52,49.58,0.0,1.47,0.54
2010,226,15.67,22.19,6.92,60.94,0.15,2.52,0.53
2010,227,15.88,14.81,5.05,86.54,1.13,1.88,0.53
2010,228,17.18,22.8,3.85,62.14,0.01,1.84,0.53
2010,229,17.1,24.66,6.57,50.01,0.16,1.59,0.52
2010,230,11.6,12.98,3.76,90.28,5.37,2.62,0.53
2010,231,17.4,13.24,1.7,70.18,0.51,3.27,0.53
2010,232,17.59,20.41,0.56,59.05,0.09,3.15,0.53
2010,233,8.7,13.84,7.73,88.43,7.59,5.27,0.53
2010,234,11.04,9.63,5.87,91.77,19.48,4.76,0.56
2010,235,12.53,10.72,4.22,85.18,4.75,2.27,0.57
2010,236,18.07,15.17,2.52,80.41,0.11,1.42,0.56
2010,237,18.61,21.04,1.31,59.64,0.1,1.73,0.56
2010,238,10.43,11.82,6.57,89.2,2.93,4.53,0.55
2010,239,16.57,18.29,3.46,74.32,0.1,1.88,0.55
2010,240,10.84,12.74,5.43,91.28,0.83,2.67,0.55
2010,241,17.76,22.9,5.97,62.25,0.09,1.55,0.55
2010,242,11.07,20.85,7.21,60.77,0.0,2.02,0.54
2010,243,17.16,15.02,5.88,83.44,0.19,3.99,0.54
2010,244,16.44,14.33,5.86,85.23,0.31,3.34,0.54
2010,245,18.43,17.14,5.67,81.59,0.5,1.31,0.54
2010,246,18.21,23.23,4.55,58.23,0.03,1.92,0.53
2010,247,18.31,18.53,6.46,64.73,0.02,2.45,0.53
2010,248,17.4,21.34,4.67,72.72,0.42,2.3,0.53
2010,249,16.24,14.38,3.06,79.85,2.29,2.62,0.53
2010,250,20.85,20.03,1.23,69.43,0.02,2.82,0.53
2010,251,16.92,22.36,7.05,69.04,0.51,1.42,0.52
2010,252,18.26,17.82,5.62,82.88,0.31,2.2,0.52
2010,253,19.34,17.07,5.51,75.63,0.27,2.09,0.52
2010,254,21.78,24.44,4.18,55.88,0.0,2.06,0.52
2010,255,21.79,25.66,8.59,52.18,0.0,1.11,0.51
2010,256,22.3,26.37,8.92,41.96,0.0,2.37,0.51
2010,257,18.98,21.69,10.58,57.28,0.52,4.0,0.5
2010,258,9.02,13.97,6.4,85.07,5.71,3.86,0.51
2010,259,20.19,14.58,4.52,70.77,0.6,2.89,0.51
2010,260,11.52,21.55,5.92,61.14,0.09,1.93,0.51
2010,261,18.94,22.1,8.93,58.63,0.24,1.51,0.51
2010,262,19.09,17.77,6.78,75.53,0.15,3.41,0.5
2010,263,20.26,16.03,6.94,77.52,0.22,3.89,0.5
2010,264,11.7,14.55,6.7,86.48,3.66,3.28,0.5
2010,265,18.94,19.22,8.48,77.72,0.94,1.88,0.5
2010,266,18.87,16.38,7.35,82.9,0.6,3.05,0.5
2010,267,23.17,16.87,4.32,67.77,0.18,2.0,0.5
2010,268,19.06,20.52,2.97,73.74,0.07,1.78,0.5
2010,269,15.49,14.9,6.71,83.28,2.74,3.16,0.49
2010,270,24.14,16.59,3.53,70.93,0.26,1.92,0.5
2010,271,25.11,24.25,1.96,56.13,0.0,1.72,0.49
2010,272,25.31,28.24,6.88,48.64,0.0,1.9,0.49
2010,273,21.4,26.18,7.94,64.43,0.0,1.42,0.48
2010,274,21.25,21.97,8.16,63.32,0.0,2.27,0.48
2010,275,20.92,22.4,10.81,74.09,0.04,2.86,0.48
2010,276,22.64,22.51,10.28,76.67,0.93,3.02,0.47
2010,277,16.61,26.71,11.62,68.04,0.17,2.71,0.47
2010,278,23.65,27.38,11.79,56.84,0.0,1.65,0.47
2010,279,18.91,31.0,15.11,47.33,0.0,1.25,0.47
2010,280,15.32,19.09,10.98,67.55,0.25,5.19,0.47
2010,281,20.26,19.7,9.14,71.93,2.09,2.52,0.47
2010,282,25.98,25.51,6.41,59.45,0.01,2.37,0.46
2010,283,14.19,15.05,9.17,81.02,6.65,6.57,0.46
2010,284,12.63,12.5,4.89,77.25,4.81,5.14,0.48
2010,285,25.59,16.56,5.18,68.43,0.99,2.52,0.48
2010,286,22.9,17.73,5.83,73.83,4.71,4.65,0.48
2010,287,12.76,16.15,5.62,77.17,4.47,2.13,0.49
2010,288,22.18,18.09,5.47,72.59,2.15,1.96,0.49
2010,289,27.75,24.32,4.09,54.87,0.0,1.53,0.48
2010,290,27.92,30.5,9.52,39.62,0.0,2.36,0.47
2010,291,24.44,21.88,8.7,64.74,0.09,2.84,0.47
2010,292,20.5,19.7,8.41,70.37,0.7,2.64,0.47
2010,293,28.96,23.01,5.82,65.24,0.13,4.14,0.46
2010,294,12.67,13.61,7.82,80.28,5.22,4.78,0.47
2010,295,15.02,15.4,6.28,72.95,2.52,3.9,0.47
2010,296,24.62,18.31,6.04,68.2,2.22,1.45,0.47
2010,297,15.67,13.95,6.85,82.76,9.63,1.81,0.48
2010,298,24.0,18.87,7.05,76.09,1.13,2.59,0.49
2010,299,27.7,24.33,5.42,63.29,0.07,2.34,0.48
2010,300,25.53,21.54,7.33,76.52,3.4,3.4,0.48
2010,301,29.38,23.61,9.42,68.37,0.1,1.94,0.47
2010,302,29.08,24.45,8.96,61.99,0.04,2.01,0.47
2010,303,25.5,24.11,9.93,70.44,0.36,2.14,0.47
2010,304,29.84,28.13,9.53,65.31,0.1,2.84,0.46
2010,305,29.53,31.22,11.86,61.35,0.07,2.68,0.46
2010,306,25.8,27.38,12.99,66.14,0.17,2.24,0.45
2010,307,15.06,19.16,10.92,78.9,1.53,4.01,0.45
2010,308,15.74,17.47,8.07,76.15,10.56,4.19,0.47
2010,309,26.21,17.63,6.97,66.95,0.34,2.78,0.47
2010,310,28.84,20.63,7.3,65.66,1.06,1.77,0.47
2010,311,31.45,27.66,5.76,55.07,0.01,2.18,0.46
2010,312,19.4,19.42,8.14,71.62,1.85,3.42,0.46
2010,313,20.96,17.09,8.6,77.98,4.32,2.11,0.47
2010,314,31.55,25.81,7.95,62.76,0.06,2.17,0.46
2010,315,24.44,18.78,7.28,75.43,1.54,4.13,0.46
2010,316,23.76,19.69,9.16,71.79,0.16,3.29,0.46
2010,317,30.68,22.39,8.8,69.26,0.07,2.75,0.46
2010,318,32.86,31.87,6.49,50.14,0.0,3.04,0.45
2010,319,32.16,37.16,12.12,39.99,0.01,2.42,0.45
2010,320,28.11,28.41,13.35,64.42,0.06,4.79,0.44
2010,321,31.87,31.12,11.79,57.01,0.09,3.5,0.44
2010,322,32.73,31.66,11.43,47.23,0.0,3.01,0.43
2010,323,30.13,25.98,10.46,58.07,0.1,4.04,0.43
2010,324,26.36,23.09,11.09,69.59,1.66,4.18,0.43
2010,325,17.18,20.74,10.42,72.57,4.88,3.15,0.44
2010,326,28.92,21.44,7.45,60.19,0.16,2.49,0.44
2010,327,33.43,22.35,7.52,59.23,0.04,3.77,0.44
2010,328,33.65,27.7,7.53,54.24,0.03,5.09,0.43
2010,329,33.0,33.58,8.93,57.2,0.13,3.25,0.43
2010,330,31.55,32.09,13.01,55.36,0.48,1.97,0.42
2010,331,29.28,28.2,12.33,57.83,1.85,2.22,0.42
2010,332,27.4,22.48,8.31,62.46,2.11,3.24,0.43
2010,333,32.83,27.77,7.01,54.37,0.04,2.35,0.42
2010,334,33.56,28.51,9.91,54.5,0.1,2.3,0.42
2010,335,28.85,26.45,10.09,60.43,0.15,2.86,0.42
2010,336,25.5,26.29,12.47,65.34,2.67,1.99,0.42
2010,337,23.01,20.46,11.85,73.8,4.6,3.48,0.43
2010,338,30.1,23.43,10.51,62.42,0.82,2.12,0.43
2010,339,33.79,23.82,9.9,58.46,0.19,3.55,0.42
2010,340,32.94,28.15,8.41,49.82,0.0,4.71,0.42
2010,341,34.45,33.56,8.77,42.97,0.0,3.2,0.42
2010,342,34.41,34.96,11.41,36.67,0.0,2.24,0.41
2010,343,33.72,33.8,14.61,40.99,0.0,1.86,0.41
2010,344,28.12,29.29,13.63,63.47,0.22,3.23,0.41
2010,345,30.96,26.45,12.21,60.71,0.18,6.13,0.4
2010,346,34.13,31.52,10.99,50.24,0.07,3.89,0.4
2010,347,33.92,32.04,10.83,53.61,0.15,3.38,0.4
2010,348,32.07,30.59,12.9,57.9,0.17,5.98,0.4
2010,349,9.71,27.4,15.17,67.17,9.78,2.77,0.41
2010,350,12.46,19.64,11.48,76.41,7.89,3.22,0.43
2010,351,26.97,28.02,10.58,63.04,0.03,1.17,0.43
2010,352,30.29,30.51,12.86,57.95,0.39,2.46,0.42
2010,353,31.62,30.5,12.89,61.09,0.07,3.23,0.41
2010,354,30.37,32.23,15.53,59.59,0.62,3.59,0.41
2010,355,31.57,33.45,15.73,57.39,0.74,2.29,0.41
2010,356,12.27,26.7,14.78,65.73,0.21,2.91,0.41
2010,357,25.76,25.56,13.25,61.9,0.07,2.54,0.41
2010,358,24.73,25.86,13.48,68.15,0.1,3.12,0.4
2010,359,29.41,29.71,14.06,63.68,0.29,3.54,0.4
2010,360,33.36,34.14,14.43,54.96,0.02,2.78,0.4
2010,361,31.97,33.54,13.78,60.95,0.49,4.05,0.4
2010,362,31.67,33.21,14.35,62.65,1.21,3.74,0.4
2010,363,29.26,27.59,14.29,69.91,4.23,3.92,0.4
2010,364,25.57,26.2,13.63,69.09,1.21,5.17,0.4
2010,365,31.96,33.51,13.53,55.85,1.08,2.81,0.4
2011,1,17.93,30.13,15.98,55.95,3.58,1.67,0.4
2011,2,25.44,27.17,12.91,65.25,1.27,3.11,0.4
2011,3,31.44,33.5,13.17,54.5,0.5,4.45,0.4
2011,4,30.37,35.49,18.74,48.66,2.6,1.91,0.4
2011,5,30.68,38.65,21.33,41.98,0.02,2.23,0.4
2011,6,33.79,38.19,19.0,32.58,0.0,2.23,0.39
2011,7,34.38,38.43,20.32,27.26,0.0,2.23,0.39
2011,8,33.03,36.52,18.1,37.49,0.0,2.18,0.39
2011,9,25.73,28.69,14.49,58.44,0.04,3.26,0.39
2011,10,32.83,26.93,11.84,52.66,0.03,3.32,0.38
2011,11,33.56,31.94,11.18,52.22,0.12,3.67,0.38
2011,12,32.33,34.96,13.71,53.31,0.33,3.89,0.38
2011,13,31.98,33.95,15.77,58.71,1.11,3.49,0.38
2011,14,27.51,28.67,13.5,63.54,0.87,3.77,0.38
2011,15,33.75,33.29,11.57,47.29,0.0,2.69,0.38
2011,16,32.75,27.75,12.79,56.46,0.18,3.08,0.38
2011,17,32.77,33.19,13.52,51.7,0.1,2.61,0.38
2011,18,33.21,34.73,13.2,45.56,0.0,2.3,0.38
2011,19,33.05,32.38,14.61,52.53,0.04,2.89,0.38
2011,20,31.81,29.59,13.52,59.13,0.37,4.71,0.38
2011,21,32.21,35.92,12.38,51.44,0.17,3.39,0.37
2011,22,27.26,26.66,13.1,65.39,0.92,4.48,0.37
2011,23,31.62,31.74,12.52,55.24,0.17,4.73,0.37
2011,24,30.78,35.48,13.28,51.76,0.23,2.62,0.37
2011,25,29.61,36.13,16.51,50.71,0.21,1.87,0.37
2011,26,31.61,30.13,15.91,52.73,0.16,3.18,0.37
2011,27,31.85,35.12,14.97,55.62,0.27,3.68,0.37
2011,28,32.47,37.57,13.75,52.12,0.0,3.32,0.37
2011,29,32.37,36.8,14.26,45.72,0.01,2.72,0.37
2011,30,31.43,33.21,15.32,54.73,0.04,2.89,0.37
2011,31,31.47,34.22,12.26,51.85,0.11,3.23,0.37
2011,32,27.98,35.15,14.89,61.46,0.83,3.51,0.37
2011,33,26.59,36.29,18.05,61.26,3.3,3.85,0.37
2011,34,19.27,28.59,21.33,58.65,0.2,2.22,0.38
2011,35,27.08,32.47,18.78,57.77,4.0,2.74,0.38
2011,36,29.49,29.75,15.54,55.68,0.01,3.36,0.38
2011,37,31.28,29.52,14.26,53.08,0.01,2.78,0.38
2011,38,31.22,30.82,13.47,49.75,0.02,2.11,0.38
2011,39,25.2,32.7,14.58,56.08,0.19,2.19,0.37
2011,40,26.79,34.87,17.12,55.63,4.33,1.75,0.38
2011,41,18.06,33.59,19.58,60.28,12.18,2.44,0.39
2011,42,30.49,30.18,15.69,55.61,0.01,2.44,0.4
2011,43,30.65,33.21,14.25,50.48,0.01,1.84,0.39
2011,44,30.85,32.64,13.85,51.93,0.01,2.15,0.39
2011,45,29.68,36.79,14.62,45.79,0.02,2.44,0.38
2011,46,28.08,36.73,18.74,41.12,0.01,2.75,0.38
2011,47,20.97,31.48,16.48,63.02,1.7,3.59,0.38
2011,48,19.2,26.53,16.09,75.23,8.02,4.89,0.39
2011,49,24.94,29.6,16.29,68.38,4.38,2.6,0.4
2011,50,26.94,30.59,15.7,63.97,0.55,2.74,0.4
2011,51,28.09,32.6,14.88,59.29,0.1,2.46,0.39
2011,52,26.17,33.28,15.49,58.35,0.14,2.81,0.39
2011,53,27.97,33.33,15.59,56.47,0.04,2.08,0.39
2011,54,28.69,30.15,15.37,59.27,0.01,2.4,0.38
2011,55,27.35,31.33,14.97,61.87,0.07,2.15,0.38
2011,56,26.61,31.89,17.2,64.87,0.01,3.06,0.38
2011,57,26.72,34.76,16.33,57.43,0.0,2.93,0.38
2011,58,27.22,37.92,16.65,52.62,0.0,2.58,0.38
2011,59,27.25,35.42,16.17,55.5,0.0,4.36,0.38
2011,60,27.45,38.64,17.41,40.73,0.0,2.98,0.37
2011,61,20.24,28.16,17.77,45.43,0.01,1.95,0.37
2011,62,16.61,32.24,15.47,51.29,2.23,1.68,0.38
2011,63,22.64,34.09,16.35,46.57,0.4,1.43,0.38
2011,64,23.64,34.52,18.67,37.58,0.03,2.16,0.37
2011,65,25.39,30.42,14.4,57.1,0.28,2.32,0.37
2011,66,25.07,33.13,16.1,56.57,0.05,2.05,0.37
2011,67,24.97,26.79,14.35,63.01,0.04,3.29,0.37
2011,68,25.51,29.41,11.28,53.53,0.0,1.87,0.37
2011,69,18.95,27.99,15.14,64.13,0.15,2.8,0.37
2011,70,25.5,29.49,14.01,59.43,0.15,2.41,0.37
2011,71,23.04,26.67,13.58,56.83,0.1,1.82,0.37
2011,72,22.8,21.41,11.59,66.39,0.09,2.72,0.37
2011,73,24.85,26.13,10.75,58.53,0.09,1.74,0.37
2011,74,23.85,31.15,11.13,54.07,0.0,2.99,0.37
2011,75,22.97,35.55,11.35,47.7,1.04,1.75,0.37
2011,76,18.34,28.68,17.43,67.0,1.5,3.01,0.37
2011,77,23.79,32.35,15.26,57.18,0.04,3.26,0.37
2011,78,23.57,34.94,15.71,42.75,0.0,1.93,0.37
2011,79,23.04,32.54,15.64,45.61,0.0,2.57,0.37
2011,80,21.72,33.24,13.43,52.05,0.01,1.42,0.37
2011,81,16.0,27.15,14.74,57.65,0.01,3.56,0.37
2011,82,15.58,23.35,12.51,71.47,0.02,4.69,0.37
2011,83,21.17,25.34,12.83,71.12,0.09,2.67,0.37
2011,84,23.47,24.29,9.47,58.51,0.04,2.06,0.37
2011,85,23.09,25.93,8.87,60.83,0.0,2.1,0.37
2011,86,22.2,34.08,10.34,44.79,0.0,2.6,0.37
2011,87,22.75,29.78,13.59,38.22,0.02,2.22,0.37
2011,88,22.23,31.56,13.7,49.46,0.12,1.75,0.37
2011,89,8.19,27.24,15.72,45.27,3.69,1.36,0.37
2011,90,6.67,22.31,14.17,79.3,3.78,2.38,0.38
2011,91,17.52,20.44,11.98,74.25,0.3,3.66,0.38
2011,92,20.18,21.46,10.8,73.62,0.59,1.83,0.38
2011,93,20.42,20.67,10.26,70.6,0.39,2.03,0.38
2011,94,20.81,22.98,7.98,66.23,0.22,2.81,0.38
2011,95,21.06,29.08,8.52,45.91,0.02,2.05,0.38
2011,96,20.17,27.42,12.96,40.32,0.61,2.96,0.38
2011,97,16.17,21.56,10.95,69.27,1.66,5.54,0.38
2011,98,19.75,32.73,10.81,47.8,0.0,2.25,0.38
2011,99,19.47,32.72,15.8,48.92,0.01,1.95,0.38
2011,100,19.32,33.48,13.58,52.38,0.01,1.76,0.37
2011,101,14.59,28.86,18.41,44.88,0.53,2.0,0.37
2011,102,13.71,24.62,15.31,73.42,3.79,2.0,0.38
2011,103,15.31,26.41,13.52,73.67,1.43,1.75,0.38
2011,104,17.9,28.65,12.18,68.66,0.44,2.34,0.38
2011,105,16.78,27.6,13.16,66.9,0.41,3.83,0.38
2011,106,17.38,23.16,12.33,70.57,0.77,5.3,0.38
2011,107,18.55,26.94,9.97,56.67,0.01,1.96,0.38
2011,108,18.45,28.33,11.16,47.94,0.0,1.51,0.38
2011,109,17.78,27.96,11.06,52.75,0.0,2.23,0.38
2011,110,11.73,16.83,8.99,77.83,2.19,3.88,0.38
2011,111,18.01,17.67,5.72,64.95,0.51,1.56,0.38
2011,112,18.24,24.56,4.19,45.93,0.0,1.45,0.38
2011,113,17.2,26.23,7.97,39.2,0.09,2.53,0.38
2011,114,12.53,17.26,5.12,83.87,5.99,2.99,0.38
2011,115,11.74,14.78,7.08,75.19,2.85,3.74,0.39
2011,116,8.76,11.03,6.13,80.51,10.3,5.31,0.4
2011,117,14.75,12.22,3.77,73.09,1.36,2.48,0.41
2011,118,15.79,15.26,5.92,77.34,1.0,1.02,0.41
2011,119,15.89,17.46,5.09,79.81,0.32,1.56,0.4
2011,120,16.98,23.82,4.54,60.06,0.01,2.4,0.4
2011,121,16.27,28.38,6.45,40.77,0.0,2.05,0.4
2011,122,4.1,20.35,12.57,83.94,13.34,1.98,0.41
2011,123,12.44,21.53,11.21,81.72,2.28,1.88,0.43
2011,124,14.21,27.61,10.97,67.36,0.49,2.22,0.42
2011,125,5.62,17.35,11.15,82.71,4.18,2.77,0.43
2011,126,8.7,16.48,10.81,88.7,5.48,1.5,0.43
2011,127,10.85,15.35,10.99,87.03,3.63,3.9,0.44
2011,128,9.01,19.24,10.55,75.06,0.65,4.29,0.44
2011,129,13.74,22.57,9.11,63.96,0.02,2.51,0.43
2011,130,12.33,17.26,7.99,82.35,0.7,2.6,0.43
2011,131,13.39,18.42,7.68,76.9,0.03,1.39,0.43
2011,132,14.29,20.45,6.42,72.55,0.03,1.07,0.43
2011,133,12.27,19.35,6.63,75.12,0.01,1.35,0.42
2011,134,11.73,19.9,7.63,75.83,0.02,1.0,0.42
2011,135,13.31,20.08,7.91,75.33,0.02,1.16,0.42
2011,136,9.46,17.7,9.13,79.9,0.14,1.11,0.42
2011,137,12.69,17.86,8.64,76.38,0.09,0.89,0.42
2011,138,12.38,15.45,6.42,83.4,0.04,1.15,0.42
2011,139,13.23,19.56,7.89,67.08,0.07,1.42,0.42
2011,140,12.39,25.43,8.98,36.66,0.0,1.4,0.42
2011,141,6.18,20.06,11.68,43.35,0.0,1.28,0.42
2011,142,6.54,18.96,12.24,50.58,0.12,1.3,0.42
2011,143,7.04,14.35,10.12,82.49,23.04,6.09,0.44
2011,144,4.08,11.44,7.25,93.05,11.51,2.23,0.47
2011,145,8.95,11.54,6.48,89.06,5.76,2.06,0.48
2011,146,11.12,15.56,5.04,80.65,1.16,1.31,0.48
2011,147,13.23,17.46,3.88,66.54,0.0,1.82,0.47
2011,148,8.1,11.16,3.7,80.29,6.59,2.34,0.47
2011,149,8.8,11.0,2.61,85.74,5.13,4.2,0.48
2011,150,6.77,10.68,6.26,90.83,27.17,6.31,0.51
2011,151,7.59,10.62,4.13,88.05,1.99,2.17,0.53
2011,152,11.09,12.57,3.31,84.81,0.06,2.59,0.52
2011,153,12.36,15.16,2.92,69.68,0.0,1.43,0.51
2011,154,11.79,14.17,3.94,76.82,0.0,1.33,0.51
2011,155,8.07,14.64,7.69,90.25,1.79,1.16,0.51
2011,156,9.41,11.38,3.81,87.24,2.22,1.52,0.51
2011,157,8.03,10.0,2.35,90.93,1.57,1.15,0.51
2011,158,9.3,13.87,1.57,88.68,2.24,3.52,0.51
2011,159,3.96,12.7,9.07,94.82,18.92,4.88,0.53
2011,160,5.32,16.05,8.62,94.69,4.38,2.54,0.55
2011,161,11.09,18.28,6.25,81.88,0.02,1.13,0.54
2011,162,7.49,17.99,8.19,82.38,0.09,1.49,0.53
2011,163,11.35,18.94,7.82,82.06,0.02,1.34,0.53
2011,164,11.43,20.07,6.64,71.79,0.0,1.29,0.53
2011,165,10.55,22.69,6.85,61.84,0.01,2.4,0.52
2011,166,3.38,11.92,8.45,89.37,19.03,6.16,0.53
2011,167,5.78,11.13,8.05,93.05,37.45,5.62,0.59
2011,168,7.61,13.0,4.56,85.52,1.45,1.05,0.61
2011,169,11.98,15.11,1.81,83.06,0.22,2.45,0.59
2011,170,5.39,11.55,6.14,94.18,18.18,4.31,0.6
2011,171,11.69,13.14,3.63,86.19,1.14,1.07,0.61
2011,172,11.72,19.57,2.87,69.5,0.0,1.86,0.6
2011,173,8.21,14.56,4.47,77.72,7.72,4.23,0.6
2011,174,5.68,8.16,5.57,91.85,19.49,4.92,0.63
2011,175,5.61,8.9,5.01,91.72,12.29,3.85,0.64
2011,176,5.97,11.2,6.51,91.7,3.21,1.54,0.65
2011,177,9.29,11.19,4.03,89.12,1.65,1.35,0.64
2011,178,10.91,15.48,0.73,79.62,0.01,1.4,0.64
2011,179,9.77,11.81,3.28,82.2,0.45,1.81,0.63
2011,180,5.31,9.74,5.57,95.14,4.49,3.16,0.63
2011,181,8.8,9.13,3.8,91.49,4.71,1.36,0.64
2011,182,11.88,11.02,3.28,85.81,2.21,0.8,0.64
2011,183,6.05,9.68,5.07,93.91,12.9,2.29,0.65
2011,184,9.03,9.34,4.68,90.99,5.6,1.16,0.66
2011,185,8.01,10.68,5.0,92.89,5.03,2.17,0.66
2011,186,11.82,11.63,4.41,88.93,0.21,1.87,0.66
2011,187,12.29,13.05,3.24,90.96,0.07,1.57,0.66
2011,188,11.95,16.63,3.3,80.45,0.01,1.76,0.66
2011,189,12.52,18.19,3.21,71.75,0.0,1.58,0.65
2011,190,12.0,19.01,4.38,65.51,0.0,1.76,0.65
2011,191,11.96,18.53,4.31,72.08,0.0,1.86,0.65
2011,192,10.06,17.45,5.4,73.62,0.0,1.92,0.65
2011,193,12.1,19.31,5.3,66.22,0.0,1.41,0.64
2011,194,12.34,18.16,5.81,65.52,0.0,1.46,0.64
2011,195,12.46,19.27,3.94,66.91,0.0,1.41,0.64
2011,196,12.21,20.32,5.65,59.75,0.0,1.49,0.64
2011,197,11.13,19.83,5.52,58.3,0.0,1.62,0.63
2011,198,11.38,17.94,5.54,64.21,0.0,1.67,0.63
2011,199,12.35,14.3,6.07,83.88,0.01,1.03,0.63
2011,200,12.4,14.34,4.32,88.26,0.01,1.11,0.63
2011,201,13.32,16.24,4.78,73.86,0.12,1.26,0.63
2011,202,12.73,13.37,4.04,82.12,0.1,1.2,0.63
2011,203,11.44,14.34,6.02,91.14,2.24,2.06,0.63
2011,204,9.69,14.95,7.72,89.72,4.83,4.49,0.63
2011,205,7.58,10.5,5.04,93.93,13.24,5.19,0.64
2011,206,9.48,10.2,3.49,86.5,2.59,4.41,0.65
2011,207,13.83,14.17,1.2,80.43,0.01,2.28,0.65
2011,208,10.67,15.4,3.28,75.65,0.14,2.68,0.64
2011,209,5.12,8.16,4.51,94.83,10.22,2.85,0.65
2011,210,11.51,10.95,3.82,89.61,1.2,1.88,0.65
2011,211,14.28,15.2,3.01,84.06,0.0,1.03,0.65
2011,212,14.74,18.49,3.19,67.15,0.0,1.2,0.65
2011,213,14.04,20.91,4.67,53.95,0.0,1.6,0.64
2011,214,13.38,20.7,4.94,61.67,0.0,2.12,0.64
2011,215,13.34,18.21,5.2,72.09,0.0,2.43,0.64
2011,216,7.09,10.95,5.98,91.55,18.25,4.54,0.64
2011,217,11.39,8.24,1.2,86.78,7.51,1.87,0.67
2011,218,15.73,13.21,-1.19,73.12,0.21,1.8,0.66
2011,219,13.7,17.13,1.16,57.47,0.0,1.54,0.66
2011,220,15.6,16.45,4.04,65.38,0.0,1.44,0.65
2011,221,15.93,17.96,4.39,80.54,0.08,2.44,0.65
2011,222,15.89,21.14,3.86,59.76,0.0,1.48,0.65
2011,223,15.03,16.85,5.59,67.78,0.0,1.63,0.64
2011,224,5.67,10.31,3.76,94.69,8.31,3.78,0.65
2011,225,12.73,9.46,2.19,86.72,1.17,1.76,0.65
2011,226,16.08,12.13,1.44,84.83,0.22,2.32,0.65
2011,227,17.06,17.31,0.32,70.41,0.0,1.98,0.65
2011,228,17.1,19.27,3.41,61.04,0.0,2.12,0.64
2011,229,15.96,21.38,4.08,67.53,0.0,2.55,0.64
2011,230,9.22,16.4,5.84,76.43,0.8,3.51,0.63
2011,231,11.96,10.34,3.76,91.58,1.39,2.14,0.64
2011,232,17.63,16.66,1.71,76.41,0.0,2.17,0.63
2011,233,6.74,9.41,4.73,94.52,7.36,3.34,0.64
2011,234,11.36,13.79,5.78,87.96,3.78,1.27,0.64
2011,235,5.61,11.08,6.75,95.46,25.99,2.05,0.68
2011,236,15.76,13.94,4.58,78.32,0.58,1.43,0.68
2011,237,17.88,18.85,4.72,73.21,0.65,2.02,0.67
2011,238,10.37,12.28,1.81,88.21,5.41,1.79,0.67
2011,239,19.09,13.26,0.41,82.05,0.01,2.42,0.67
2011,240,17.23,18.55,3.11,76.62,0.0,2.63,0.66
2011,241,15.19,22.93,5.82,63.49,0.0,1.92,0.66
2011,242,14.22,18.32,6.64,76.8,2.08,4.97,0.65
2011,243,14.03,14.4,7.34,82.22,2.42,2.74,0.65
2011,244,17.23,13.57,4.64,85.36,8.38,4.98,0.65
2011,245,11.37,9.27,4.25,88.37,11.32,4.91,0.68
2011,246,19.62,13.56,3.3,84.62,0.13,1.77,0.67
2011,247,19.1,16.7,4.3,88.18,0.2,1.34,0.67
2011,248,19.59,23.07,5.44,65.47,0.01,1.3,0.66
2011,249,20.18,25.75,7.14,59.19,0.01,1.24,0.65
2011,250,19.4,28.91,11.27,47.78,0.0,1.48,0.65
2011,251,10.62,15.9,8.44,75.46,0.51,4.59,0.64
2011,252,17.31,14.67,7.47,85.08,0.58,3.76,0.64
2011,253,18.83,14.78,6.23,85.29,0.25,1.55,0.64
2011,254,18.09,18.2,6.2,79.21,0.01,1.63,0.64
2011,255,11.34,13.29,6.27,83.18,0.11,1.97,0.64
2011,256,13.62,14.14,7.44,90.22,0.62,2.96,0.63
2011,257,20.88,15.8,6.67,85.58,0.19,1.34,0.63
2011,258,17.24,14.91,4.03,87.28,0.63,2.25,0.63
2011,259,22.91,21.21,3.02,64.31,0.03,1.54,0.63
2011,260,22.09,24.55,7.77,53.81,0.0,1.97,0.62
2011,261,14.19,14.15,3.79,87.09,5.55,4.12,0.62
2011,262,20.15,13.87,3.63,78.09,0.61,1.67,0.62
2011,263,19.62,12.97,3.86,85.59,1.27,1.5,0.62
2011,264,21.99,17.01,5.44,81.15,0.43,1.53,0.62
2011,265,23.38,16.99,4.56,78.42,0.03,1.7,0.61
2011,266,24.08,17.4,4.37,79.99,0.02,2.21,0.61
2011,267,22.99,23.71,4.93,68.06,0.0,1.94,0.6
2011,268,24.39,28.2,9.22,46.99,0.0,1.5,0.6
2011,269,23.01,19.65,7.99,70.12,0.01,1.73,0.59
2011,270,22.99,20.03,7.13,74.41,0.02,1.78,0.59
2011,271,21.73,25.0,7.56,69.34,0.0,1.8,0.58
2011,272,22.62,16.8,5.32,79.93,0.32,2.24,0.58
2011,273,25.62,19.52,3.84,75.07,0.11,1.63,0.57
2011,274,16.26,17.35,4.47,81.36,0.19,2.47,0.57
2011,275,17.72,14.1,5.57,87.29,5.03,3.0,0.58
2011,276,22.77,19.17,3.2,76.98,0.03,2.0,0.58
2011,277,22.09,15.12,2.89,81.15,0.6,2.15,0.57
2011,278,26.86,20.16,1.96,68.12,0.06,1.9,0.57
2011,279,27.05,25.71,6.21,43.07,0.0,1.63,0.56
2011,280,26.43,23.92,6.01,62.98,0.03,2.14,0.55
2011,281,25.8,27.49,8.2,54.18,0.0,1.78,0.55
2011,282,25.31,30.88,12.57,50.21,0.0,2.16,0.54
2011,283,24.86,25.65,12.39,58.09,0.0,2.88,0.53
2011,284,25.36,25.45,8.74,72.03,0.01,1.67,0.53
2011,285,23.84,27.01,9.71,68.7,0.01,1.85,0.53
2011,286,15.88,22.83,12.71,69.81,0.21,1.48,0.52
2011,287,18.31,16.64,9.52,76.57,0.63,4.35,0.52
2011,288,22.77,19.18,9.52,78.17,2.35,2.79,0.52
2011,289,25.98,23.09,9.44,70.08,0.19,2.92,0.52
2011,290,27.69,25.84,7.8,65.3,0.01,1.75,0.51
2011,291,13.16,17.31,9.31,78.75,2.25,3.43,0.51
2011,292,14.68,15.61,7.62,84.83,11.34,3.52,0.53
2011,293,23.19,18.1,7.64,76.2,0.37,1.74,0.53
2011,294,16.2,22.67,7.38,60.71,0.02,1.6,0.53
2011,295,25.95,21.13,8.12,61.03,1.14,4.02,0.52
2011,296,27.1,20.07,8.28,76.05,0.51,3.74,0.52
2011,297,27.3,18.41,8.5,72.14,0.2,3.51,0.51
2011,298,22.58,18.63,7.49,70.24,0.29,2.31,0.51
2011,299,19.38,17.38,6.5,74.36,0.33,2.71,0.51
2011,300,22.67,16.33,5.23,70.69,0.16,3.09,0.5
2011,301,23.43,15.56,5.03,69.33,0.16,2.16,0.5
2011,302,24.5,17.55,5.59,65.86,0.14,2.22,0.5
2011,303,23.16,14.95,4.01,75.67,0.72,2.4,0.49
2011,304,19.81,15.77,5.66,74.31,0.76,2.28,0.49
2011,305,28.55,21.0,6.89,72.32,0.24,2.14,0.49
2011,306,30.7,27.31,9.02,61.31,0.01,2.0,0.49
2011,307,31.06,26.15,8.37,58.99,0.01,2.15,0.48
2011,308,16.99,17.31,7.98,72.49,0.35,3.88,0.48
2011,309,20.43,14.18,7.29,73.41,0.28,3.54,0.48
2011,310,30.77,23.58,7.38,56.46,0.02,1.51,0.48
2011,311,31.57,29.92,8.45,42.9,0.0,3.37,0.47
2011,312,24.49,20.12,6.74,77.49,1.71,4.46,0.47
2011,313,21.25,17.87,8.33,74.58,1.89,4.27,0.47
2011,314,26.65,18.66,4.78,62.01,0.23,2.58,0.47
2011,315,27.13,19.2,5.13,67.13,0.29,2.53,0.47
2011,316,29.32,19.73,7.42,61.9,0.1,2.59,0.46
2011,317,15.51,13.33,6.18,74.73,12.34,2.79,0.48
2011,318,31.01,22.08,4.81,65.07,0.33,1.48,0.48
2011,319,32.18,26.2,6.97,62.37,0.13,2.18,0.47
2011,320,31.72,26.08,10.71,64.45,0.6,2.5,0.47
2011,321,32.37,28.64,9.49,66.09,0.84,2.44,0.46
2011,322,31.28,30.1,12.76,62.71,0.54,2.67,0.46
2011,323,30.4,35.67,13.28,50.12,0.01,2.2,0.46
2011,324,10.73,20.65,11.19,74.46,3.32,5.31,0.45
2011,325,26.88,19.23,7.5,61.15,2.35,3.12,0.46
2011,326,33.04,22.15,6.15,61.11,0.34,2.54,0.46
2011,327,20.62,16.25,6.24,71.33,3.44,3.36,0.46
2011,328,30.6,21.76,5.07,63.91,0.53,3.2,0.46
2011,329,33.39,25.95,6.37,56.35,0.0,2.75,0.45
2011,330,32.69,26.5,9.07,64.96,2.4,3.53,0.45
2011,331,25.53,20.25,9.73,75.36,2.26,4.38,0.45
2011,332,33.78,29.23,8.17,52.51,0.0,1.89,0.45
2011,333,33.67,32.44,12.55,41.8,0.06,2.27,0.45
2011,334,29.86,26.99,12.75,64.49,0.7,2.16,0.44
2011,335,28.81,23.94,13.24,71.81,4.05,3.22,0.44
2011,336,31.21,26.4,11.82,66.68,0.36,3.25,0.44
2011,337,33.21,26.58,9.28,57.9,0.06,4.47,0.44
2011,338,33.87,35.02,10.6,44.83,0.0,2.79,0.44
2011,339,33.27,28.98,13.7,49.61,0.01,3.87,0.43
2011,340,33.58,27.85,12.76,57.76,0.01,3.27,0.43
2011,341,22.96,21.08,9.99,69.91,1.18,4.56,0.43
2011,342,34.14,19.78,6.86,54.37,0.06,3.99,0.43
2011,343,35.03,26.94,5.65,52.01,0.02,2.63,0.42
2011,344,29.86,22.24,9.24,64.36,0.11,3.24,0.42
2011,345,22.6,21.81,10.4,71.87,1.22,3.73,0.42
2011,346,32.96,27.4,11.95,59.63,0.31,1.78,0.42
2011,347,19.14,17.91,10.49,72.82,2.79,4.16,0.42
2011,348,16.43,13.1,6.58,70.46,3.77,5.25,0.43
2011,349,30.65,22.02,6.44,59.51,0.01,3.09,0.43
2011,350,34.08,28.15,7.26,50.85,0.0,1.77,0.42
2011,351,33.63,31.56,10.56,46.41,0.0,2.23,0.42
2011,352,29.7,33.31,11.1,57.9,0.15,2.95,0.42
2011,353,31.44,26.65,11.87,58.43,0.32,3.14,0.41
2011,354,34.64,30.68,9.54,54.96,0.04,2.69,0.41
2011,355,32.87,26.36,11.95,57.92,0.03,2.82,0.41
2011,356,21.02,22.01,10.97,68.98,1.59,4.11,0.41
2011,357,34.39,26.88,10.32,56.22,0.07,3.09,0.41
2011,358,34.09,31.46,11.17,53.27,0.05,2.76,0.41
2011,359,32.83,33.01,14.03,57.19,0.35,2.55,0.4
2011,360,31.52,31.12,15.1,53.64,0.11,2.37,0.4
2011,361,28.51,28.84,14.57,64.66,0.95,2.5,0.4
2011,362,33.45,31.13,14.46,56.1,0.06,2.91,0.4
2011,363,34.16,33.12,14.17,52.36,0.01,2.36,0.4
2011,364,33.72,29.18,13.11,56.56,0.01,3.13,0.39
2011,365,34.46,30.55,11.98,51.24,0.06,2.48,0.39
2012,1,34.05,26.1,10.92,60.46,0.01,3.13,0.39
2012,2,30.69,26.05,12.37,67.89,0.06,4.08,0.39
2012,3,30.69,27.22,13.74,58.79,0.07,2.86,0.39
2012,4,33.44,27.12,11.59,52.78,0.0,2.54,0.39
2012,5,32.2,30.54,11.95,53.36,0.0,2.26,0.39
2012,6,33.31,32.29,12.2,45.22,0.0,2.52,0.38
2012,7,33.84,37.25,12.64,48.2,0.0,3.0,0.38
2012,8,33.7,36.88,14.87,54.78,0.01,2.9,0.38
2012,9,32.43,34.46,16.16,58.0,0.04,3.71,0.38
2012,10,33.56,35.75,14.53,51.73,0.02,2.5,0.38
2012,11,33.28,33.06,15.86,49.74,0.0,2.64,0.38
2012,12,32.58,27.8,12.65,54.94,0.01,4.21,0.38
2012,13,21.25,24.43,13.87,65.42,0.34,4.0,0.38
2012,14,32.81,32.05,12.95,50.8,0.0,2.5,0.38
2012,15,33.16,37.68,13.34,46.71,0.0,3.35,0.37
2012,16,31.96,40.95,17.98,43.44,0.02,2.95,0.37
2012,17,29.03,38.49,19.17,47.51,0.24,2.23,0.37
2012,18,25.93,37.07,21.07,42.34,0.08,1.58,0.37
2012,19,24.6,34.16,21.16,53.52,0.75,1.46,0.37
2012,20,25.75,33.55,19.12,57.81,1.08,2.38,0.37
2012,21,27.36,32.67,18.79,57.44,2.3,2.5,0.38
2012,22,24.34,28.39,15.56,61.01,0.39,3.21,0.38
2012,23,28.28,25.14,14.43,66.92,1.19,3.73,0.38
2012,24,28.94,29.05,13.83,61.12,0.63,3.43,0.38
2012,25,32.98,32.6,12.9,48.88,0.0,2.45,0.38
2012,26,32.08,33.1,12.28,53.06,0.27,3.01,0.37
2012,27,32.6,35.53,13.59,51.54,0.08,3.08,0.37
2012,28,32.67,37.22,15.01,50.61,0.0,2.76,0.37
2012,29,32.64,36.68,15.77,33.85,0.0,2.81,0.37
2012,30,27.89,28.58,14.02,55.95,0.12,3.26,0.37
2012,31,26.66,33.79,14.77,54.14,0.78,3.16,0.37
2012,32,24.85,28.03,14.75,63.12,1.34,3.67,0.37
2012,33,23.81,25.7,13.94,69.73,3.15,4.61,0.38
2012,34,24.58,29.35,15.09,63.72,1.73,3.3,0.38
2012,35,31.62,34.02,13.74,48.67,0.0,2.37,0.38
2012,36,31.21,37.74,15.4,38.21,0.0,2.28,0.37
2012,37,26.86,39.43,19.69,33.48,2.62,2.54,0.37
2012,38,25.92,31.58,16.72,55.27,0.5,3.15,0.38
2012,39,31.13,31.38,14.91,52.77,0.02,2.68,0.37
2012,40,29.61,30.51,13.1,58.47,0.12,3.23,0.37
2012,41,28.58,21.86,11.06,58.51,0.97,4.28,0.37
2012,42,19.48,19.02,10.5,71.76,1.54,3.5,0.38
2012,43,28.29,23.91,11.34,62.58,0.33,2.76,0.38
2012,44,30.49,29.36,10.53,53.91,0.03,2.36,0.37
2012,45,29.91,27.46,11.61,57.09,0.19,2.71,0.37
2012,46,30.55,30.6,9.64,49.02,0.0,2.24,0.37
2012,47,30.19,30.19,10.32,52.3,0.0,2.42,0.37
2012,48,29.97,30.9,10.93,54.85,0.0,2.82,0.37
2012,49,29.8,33.94,12.09,54.63,0.03,2.26,0.37
2012,50,29.31,36.6,13.98,45.06,0.0,2.91,0.37
2012,51,28.77,29.02,12.04,53.5,0.02,2.62,0.37
2012,52,28.8,29.31,13.8,55.84,0.0,2.1,0.37
2012,53,20.22,24.35,12.45,71.65,0.32,4.62,0.37
2012,54,28.91,30.27,12.89,48.73,0.05,2.02,0.37
2012,55,28.01,33.4,11.07,47.06,0.0,2.18,0.37
2012,56,28.19,32.91,12.37,50.47,0.0,2.12,0.37
2012,57,28.33,32.17,13.72,52.91,0.0,2.07,0.37
2012,58,27.68,35.1,12.64,42.55,0.0,2.1,0.37
2012,59,26.62,26.81,14.43,52.46,0.54,3.18,0.37
2012,60,25.9,30.07,13.26,55.97,0.43,2.6,0.37
2012,61,27.92,30.13,12.65,46.61,0.0,1.95,0.37
2012,62,27.22,37.69,13.12,35.86,0.0,1.83,0.37
2012,63,25.84,30.88,14.56,54.09,0.25,3.4,0.37
2012,64,18.84,24.12,10.47,63.06,2.11,3.33,0.37
2012,65,27.31,25.36,9.76,53.52,0.07,3.11,0.37
2012,66,25.89,32.3,9.68,48.81,0.0,2.11,0.37
2012,67,25.94,31.84,12.3,51.8,0.0,2.74,0.37
2012,68,25.25,34.36,11.89,57.31,0.0,2.21,0.37
2012,69,24.73,31.02,15.29,61.09,0.0,2.43,0.37
2012,70,25.1,30.67,14.2,62.86,0.0,3.66,0.37
2012,71,25.42,35.65,15.23,45.49,0.0,1.88,0.37
2012,72,25.51,35.43,16.86,37.78,0.03,2.15,0.37
2012,73,25.23,33.38,15.47,59.79,0.28,2.15,0.37
2012,74,23.8,34.26,15.1,44.95,0.02,2.05,0.37
2012,75,20.63,31.39,17.67,47.55,3.69,2.2,0.37
2012,76,16.19,23.74,12.69,75.0,8.71,2.9,0.38
2012,77,21.67,20.83,9.55,59.9,0.35,2.48,0.39
2012,78,24.19,25.76,7.47,55.22,0.0,1.88,0.39
2012,79,23.49,27.24,11.09,69.19,0.12,1.87,0.38
2012,80,24.09,33.16,12.39,52.31,0.02,2.29,0.38
2012,81,23.25,28.17,12.6,54.23,0.07,2.15,0.38
2012,82,19.66,25.91,13.68,65.48,0.07,2.05,0.38
2012,83,21.12,29.0,14.15,69.51,0.88,2.76,0.38
2012,84,16.44,30.25,15.37,64.24,1.23,3.07,0.38
2012,85,20.75,31.22,13.92,65.64,0.13,2.15,0.38
2012,86,23.11,32.57,13.51,51.76,0.0,2.09,0.38
2012,87,18.28,26.86,13.69,63.03,0.43,1.96,0.38
2012,88,20.74,28.81,14.33,59.29,0.37,2.46,0.38
2012,89,16.35,23.21,13.75,74.61,6.39,4.38,0.38
2012,90,14.03,15.13,8.81,82.05,10.52,2.91,0.4
2012,91,21.4,20.49,7.1,65.02,0.09,1.76,0.41
2012,92,21.62,25.23,6.75,59.4,0.0,1.36,0.4
2012,93,21.5,28.59,9.69,54.89,0.0,1.82,0.4
2012,94,21.17,30.05,10.36,57.47,0.0,2.1,0.39
2012,95,18.24,26.73,12.01,70.32,0.04,3.05,0.39
2012,96,20.12,31.6,11.55,53.57,0.03,2.36,0.39
2012,97,18.61,26.11,13.33,55.09,0.69,4.0,0.39
2012,98,8.12,15.47,9.22,82.19,18.63,5.09,0.41
2012,99,10.49,11.81,6.7,83.86,10.26,3.98,0.44
2012,100,16.67,17.43,5.94,71.37,0.57,1.47,0.44
2012,101,19.51,21.17,7.07,73.96,0.39,1.49,0.43
2012,102,19.92,27.19,9.11,63.47,0.19,1.7,0.43
2012,103,19.75,30.21,10.05,35.87,0.0,1.81,0.42
2012,104,16.2,32.15,12.36,32.06,0.02,2.61,0.42
2012,105,9.92,20.26,10.25,70.3,2.68,4.42,0.42
2012,106,13.66,17.75,8.29,73.11,0.77,2.49,0.42
2012,107,17.66,23.59,7.73,67.47,0.06,1.44,0.42
2012,108,17.22,23.05,7.79,73.15,0.05,2.4,0.42
2012,109,18.53,25.71,7.86,66.66,0.01,2.46,0.41
2012,110,17.93,29.68,9.24,55.27,0.0,1.55,0.41
2012,111,12.6,29.14,12.63,54.58,0.07,1.67,0.41
2012,112,13.68,23.77,11.71,74.76,1.35,2.08,0.41
2012,113,17.09,16.08,5.14,65.96,0.56,3.32,0.41
2012,114,16.47,17.77,4.19,72.01,0.23,2.89,0.41
2012,115,17.05,22.57,4.32,54.94,0.0,2.18,0.41
2012,116,4.42,25.2,8.87,54.27,2.26,2.0,0.41
2012,117,8.92,19.84,9.43,83.79,13.89,2.29,0.44
2012,118,12.99,18.84,8.78,80.53,0.33,2.46,0.44
2012,119,9.68,18.39,10.34,81.78,0.65,3.28,0.43
2012,120,9.5,20.56,9.63,61.31,0.01,2.44,0.43
2012,121,12.21,18.33,8.19,66.7,8.65,4.99,0.43
2012,122,15.44,18.64,9.02,64.89,0.56,1.7,0.44
2012,123,13.6,15.47,7.12,59.06,0.0,3.0,0.44
2012,124,6.02,13.19,7.41,90.88,8.04,2.96,0.44
2012,125,12.09,14.25,6.92,78.55,0.7,2.85,0.45
2012,126,15.17,17.7,6.68,70.38,0.44,0.96,0.45
2012,127,14.47,21.75,4.73,70.87,0.0,1.44,0.44
2012,128,15.2,26.46,6.7,64.14,0.01,1.78,0.44
2012,129,15.24,27.77,11.78,42.88,0.0,2.06,0.44
2012,130,13.48,24.36,7.9,48.05,0.0,2.15,0.44
2012,131,14.07,21.05,9.16,61.05,0.04,1.32,0.43
2012,132,14.63,25.29,7.5,57.07,0.06,1.75,0.43
2012,133,14.43,22.56,9.16,49.87,0.02,1.58,0.43
2012,134,10.61,18.56,8.44,73.57,0.18,1.11,0.43
2012,135,11.27,14.4,6.79,89.16,4.55,1.9,0.44
2012,136,14.32,21.35,5.39,67.6,0.02,1.5,0.44
2012,137,14.17,24.12,7.61,44.91,0.0,1.75,0.44
2012,138,12.13,17.91,7.37,57.77,1.43,3.5,0.43
2012,139,7.47,11.51,5.22,79.62,5.19,2.79,0.45
2012,140,10.59,11.03,3.48,80.61,1.24,1.48,0.45
2012,141,8.67,10.26,4.05,91.87,1.78,1.06,0.45
2012,142,13.24,16.49,4.77,67.21,0.18,1.41,0.45
2012,143,13.53,22.23,3.34,35.37,0.0,2.49,0.44
2012,144,12.36,17.44,6.03,61.66,0.07,2.84,0.44
2012,145,12.75,19.8,4.59,78.15,0.11,1.37,0.44
2012,146,6.96,12.36,6.97,93.59,2.66,2.5,0.44
2012,147,10.63,14.47,6.14,84.91,1.64,1.2,0.45
2012,148,13.12,19.66,4.59,64.94,0.07,1.32,0.45
2012,149,13.06,22.67,6.65,49.91,0.0,1.81,0.44
2012,150,6.63,11.74,3.57,95.82,2.63,1.86,0.44
2012,151,11.96,14.67,4.47,85.08,0.27,1.23,0.45
2012,152,12.95,20.9,4.06,73.59,0.0,1.47,0.45
2012,153,12.41,19.3,5.0,74.05,0.01,1.56,0.44
2012,154,12.08,19.39,8.27,82.15,0.04,1.37,0.44
2012,155,12.26,23.96,8.53,69.03,0.01,1.35,0.44
2012,156,12.4,24.56,8.03,49.09,0.0,2.04,0.44
2012,157,6.52,14.84,6.44,76.67,10.25,2.61,0.45
2012,158,10.47,10.61,4.27,81.43,1.13,1.35,0.46
2012,159,3.08,9.44,4.72,92.56,29.92,5.59,0.48
2012,160,6.89,8.95,5.82,93.84,21.45,3.8,0.53
2012,161,8.33,9.25,3.16,85.47,3.11,1.79,0.54
2012,162,11.95,12.44,1.85,76.25,0.07,0.88,0.53
2012,163,12.18,16.67,1.51,54.29,0.0,1.57,0.52
2012,164,11.71,13.88,5.26,70.02,0.89,1.78,0.52
2012,165,10.12,16.38,4.39,84.46,0.2,2.48,0.51
2012,166,11.83,20.44,3.67,49.07,0.0,1.46,0.51
2012,167,11.07,20.52,6.6,48.92,0.05,1.17,0.51
2012,168,10.8,20.61,4.21,64.69,0.05,1.73,0.5
2012,169,6.24,12.6,5.3,84.75,2.23,1.18,0.5
2012,170,7.42,11.91,4.46,92.77,4.05,1.51,0.51
2012,171,11.73,16.27,4.07,85.44,0.13,1.37,0.51
2012,172,11.35,15.53,5.35,90.1,0.86,2.14,0.51
2012,173,4.61,18.62,4.22,77.19,0.47,1.17,0.51
2012,174,4.13,15.01,8.81,84.73,2.92,1.02,0.51
2012,175,7.35,12.59,5.45,89.57,2.18,1.51,0.51
2012,176,4.32,10.82,5.14,96.6,10.03,2.18,0.52
2012,177,7.87,12.22,4.49,92.32,4.33,2.09,0.54
2012,178,6.69,11.4,4.82,90.95,9.68,5.04,0.54
2012,179,11.89,13.05,3.55,83.01,1.04,1.86,0.55
2012,180,12.13,16.86,0.79,79.86,0.34,2.22,0.54
2012,181,8.46,12.13,6.79,91.76,3.02,3.95,0.54
2012,182,8.07,12.51,5.44,94.36,2.0,2.57,0.54
2012,183,11.63,13.05,2.52,88.56,0.11,1.61,0.54
2012,184,10.61,13.45,5.74,91.53,0.85,1.12,0.54
2012,185,11.85,15.16,2.43,82.68,0.34,2.59,0.54
2012,186,10.68,9.82,0.82,80.22,7.98,2.83,0.55
2012,187,12.61,15.85,-0.55,80.6,0.0,1.98,0.55
2012,188,9.85,12.51,-0.04,88.26,3.58,2.16,0.54
2012,189,8.42,8.99,4.3,87.19,2.04,1.91,0.55
2012,190,6.02,8.12,3.04,95.73,9.23,3.35,0.55
2012,191,8.05,11.33,7.7,95.44,2.48,3.25,0.56
2012,192,10.48,13.17,5.33,89.55,2.33,3.32,0.56
2012,193,10.58,11.07,1.35,86.34,3.4,1.83,0.57
2012,194,10.69,9.29,0.7,89.55,2.22,1.54,0.56
2012,195,7.28,7.3,1.75,88.93,3.96,3.65,0.57
2012,196,8.64,8.16,2.6,90.42,6.92,3.57,0.58
2012,197,7.05,6.14,2.65,98.23,3.97,1.26,0.58
2012,198,9.36,12.67,5.59,94.75,1.29,0.96,0.58
2012,199,13.02,18.24,3.36,74.65,0.07,1.48,0.58
2012,200,12.46,20.98,5.64,55.92,0.0,1.88,0.57
2012,201,12.02,20.18,4.48,63.56,0.0,2.29,0.57
2012,202,5.92,11.91,7.7,93.11,5.56,4.12,0.57
2012,203,6.31,9.58,3.39,93.2,10.16,4.72,0.58
2012,204,10.04,9.44,2.48,84.25,0.34,1.52,0.59
2012,205,13.32,13.22,1.73,70.44,0.0,1.38,0.58
2012,206,13.47,14.9,2.99,72.04,0.02,1.51,0.58
2012,207,13.81,19.82,3.75,59.39,0.0,1.58,0.58
2012,208,11.37,15.07,6.82,72.58,3.67,1.94,0.58
2012,209,13.68,11.74,1.67,86.75,0.29,1.67,0.58
2012,210,14.15,14.89,0.93,81.39,0.14,2.17,0.58
2012,211,14.73,18.64,0.4,65.84,0.0,1.31,0.57
2012,212,14.86,20.73,3.69,56.45,0.03,1.65,0.57
2012,213,8.2,8.88,2.73,91.68,10.3,2.61,0.58
2012,214,14.59,10.64,0.62,81.61,0.84,1.96,0.59
2012,215,14.84,18.0,-0.89,59.93,0.0,1.58,0.58
2012,216,11.51,14.56,3.66,77.44,0.02,1.9,0.58
2012,217,12.3,12.43,4.46,86.95,0.74,1.27,0.58
2012,218,8.1,9.39,4.3,93.5,16.21,1.93,0.58
2012,219,9.41,6.8,1.96,88.24,12.99,3.37,0.62
2012,220,9.89,11.41,5.11,93.17,11.43,3.45,0.63
2012,221,13.22,13.71,4.15,89.39,0.89,1.51,0.62
2012,222,15.82,15.18,3.86,75.48,0.06,2.32,0.62
2012,223,15.48,13.05,1.08,74.69,2.54,4.03,0.61
2012,224,6.34,7.85,3.95,92.62,46.77,6.44,0.66
2012,225,10.16,10.71,2.9,91.93,2.43,1.97,0.68
2012,226,16.43,17.29,0.71,71.16,0.0,2.27,0.67
2012,227,10.04,10.97,2.12,84.11,2.92,5.22,0.66
2012,228,8.18,8.64,4.35,92.0,6.79,4.63,0.66
2012,229,8.42,8.62,1.87,89.75,3.05,3.5,0.67
2012,230,17.43,13.48,-0.37,72.75,0.04,1.25,0.66
2012,231,17.62,17.73,2.11,68.25,0.0,1.57,0.66
2012,232,14.97,11.9,2.82,85.49,1.85,3.24,0.65
2012,233,10.85,10.76,1.37,85.9,3.84,1.97,0.66
2012,234,15.99,11.24,-0.64,85.5,0.22,1.74,0.66
2012,235,14.01,12.29,1.84,86.17,0.71,1.01,0.66
2012,236,18.49,15.11,1.55,76.98,0.03,1.66,0.65
2012,237,18.68,17.72,1.99,73.39,0.0,1.74,0.65
2012,238,10.0,9.02,2.79,91.52,11.22,5.51,0.66
2012,239,15.12,13.36,5.67,89.54,1.75,2.38,0.66
2012,240,18.97,18.23,5.09,83.13,0.07,1.19,0.66
2012,241,19.03,21.42,4.99,72.48,0.0,1.88,0.65
2012,242,12.26,12.98,4.28,87.16,0.25,2.79,0.65
2012,243,18.76,16.07,2.67,81.57,0.0,1.62,0.65
2012,244,8.81,10.93,2.8,93.5,12.11,5.23,0.65
2012,245,17.62,11.49,2.47,79.96,2.47,2.07,0.66
2012,246,20.06,13.23,1.19,77.61,0.08,1.4,0.66
2012,247,16.91,13.28,2.3,84.49,0.35,2.03,0.65
2012,248,20.59,18.3,1.16,72.65,0.01,1.97,0.65
2012,249,20.21,17.15,3.57,78.05,0.11,1.26,0.64
2012,250,20.67,19.37,5.14,75.22,0.04,1.95,0.64
2012,251,20.71,20.78,7.5,71.82,0.0,1.78,0.64
2012,252,20.67,19.73,6.13,74.29,0.0,1.53,0.63
2012,253,9.96,13.18,4.44,88.98,4.13,4.63,0.63
2012,254,13.98,12.71,6.04,91.16,2.09,2.6,0.63
2012,255,21.51,21.45,4.18,75.88,0.0,1.15,0.63
2012,256,20.78,20.81,6.38,72.72,0.3,2.82,0.63
2012,257,16.04,15.23,7.3,87.29,1.46,2.7,0.62
2012,258,19.55,17.89,5.06,81.35,0.22,2.89,0.62
2012,259,22.79,22.37,4.0,64.59,0.0,1.55,0.62
2012,260,22.03,27.57,7.65,52.24,0.0,2.11,0.61
2012,261,18.22,20.05,9.06,75.31,0.01,1.79,0.6
2012,262,13.11,14.24,6.74,82.97,1.68,3.65,0.6
2012,263,21.24,15.93,4.71,78.79,0.21,1.98,0.6
2012,264,22.03,16.85,3.88,76.51,0.2,3.27,0.6
2012,265,8.52,10.45,5.03,90.52,9.89,3.01,0.61
2012,266,18.16,12.85,2.86,81.05,0.57,1.94,0.61
2012,267,12.98,10.12,3.3,93.0,6.86,4.36,0.61
2012,268,21.17,17.91,8.51,81.85,2.72,1.59,0.62
2012,269,23.73,25.28,6.5,71.21,0.0,1.45,0.61
2012,270,16.52,18.92,7.94,82.38,6.57,2.9,0.61
2012,271,15.8,12.88,6.15,84.33,13.04,3.79,0.62
2012,272,16.23,11.54,2.93,84.79,2.53,2.18,0.63
2012,273,15.4,13.02,2.94,84.04,0.37,3.51,0.62
2012,274,24.29,19.52,4.24,80.65,0.14,2.01,0.62
2012,275,24.55,21.72,7.98,76.38,0.04,1.87,0.61
2012,276,25.01,19.55,7.52,78.98,0.01,1.92,0.6
2012,277,16.91,15.56,7.49,86.16,4.84,3.81,0.6
2012,278,17.74,14.83,6.52,81.94,2.98,2.71,0.61
2012,279,24.61,16.27,4.65,74.64,0.11,1.5,0.6
2012,280,23.24,14.84,3.76,76.62,0.15,1.97,0.6
2012,281,19.23,13.85,5.23,78.47,1.49,2.73,0.6
2012,282,24.6,18.93,3.77,78.47,2.48,3.56,0.59
2012,283,16.9,17.21,7.42,86.58,8.73,2.43,0.6
2012,284,27.06,16.56,5.11,79.73,0.68,2.09,0.6
2012,285,27.46,19.0,4.97,72.15,0.14,1.81,0.59
2012,286,27.32,21.76,5.52,72.73,0.07,1.2,0.59
2012,287,27.06,22.15,7.34,77.88,0.32,2.33,0.58
2012,288,26.62,23.91,8.58,79.68,1.18,3.09,0.57
2012,289,19.39,17.1,11.58,88.66,4.93,4.41,0.58
2012,290,19.94,23.38,10.5,80.46,2.92,2.46,0.58
2012,291,21.95,20.83,10.04,85.45,3.21,2.65,0.58
2012,292,21.75,19.74,7.21,82.84,3.67,2.68,0.58
2012,293,18.37,9.78,5.31,86.06,7.12,3.16,0.58
2012,294,18.79,14.81,3.45,83.92,7.82,3.33,0.59
2012,295,15.0,13.03,8.38,91.57,20.54,2.27,0.62
2012,296,25.54,18.51,8.06,83.56,1.78,2.82,0.62
2012,297,29.16,22.01,9.15,75.84,0.07,3.95,0.61
2012,298,29.03,24.79,7.85,65.06,0.01,2.5,0.6
2012,299,29.49,22.88,10.1,58.69,0.03,2.79,0.59
2012,300,21.96,16.66,7.23,82.91,1.07,2.99,0.58
2012,301,27.93,23.32,6.92,75.24,0.01,2.03,0.58
2012,302,28.28,25.33,8.42,73.17,0.0,1.69,0.57
2012,303,25.33,18.57,10.44,83.13,1.13,4.2,0.57
2012,304,23.56,19.53,8.83,76.58,1.1,5.43,0.56
2012,305,30.84,22.73,6.63,68.55,0.02,3.98,0.56
2012,306,30.25,25.97,6.61,59.59,0.01,3.35,0.55
2012,307,29.97,28.37,7.73,53.64,0.0,2.0,0.54
2012,308,27.42,24.44,11.91,56.39,0.0,1.79,0.53
2012,309,24.97,21.0,7.98,59.69,0.01,1.47,0.53
2012,310,24.87,22.64,10.58,67.54,0.0,1.51,0.53
2012,311,29.71,24.59,10.97,70.93,0.02,2.11,0.52
2012,312,29.77,23.41,10.96,68.7,0.01,4.24,0.52
2012,313,30.38,26.5,8.76,57.8,0.0,2.82,0.51
2012,314,31.89,26.54,10.65,52.49,0.0,2.04,0.51
2012,315,32.14,29.75,9.75,57.89,0.0,1.65,0.5
2012,316,31.88,26.68,10.69,57.15,0.0,2.8,0.5
2012,317,21.67,24.94,9.56,69.74,1.46,2.16,0.49
2012,318,31.12,25.7,9.76,65.57,0.02,1.77,0.49
2012,319,32.11,30.86,9.96,59.39,0.0,1.9,0.49
2012,320,28.5,28.85,12.07,54.38,0.0,2.17,0.48
2012,321,31.08,24.21,10.63,64.09,0.28,2.81,0.48
2012,322,30.92,23.35,10.9,69.16,0.69,2.04,0.48
2012,323,32.56,28.06,9.57,55.68,0.0,2.23,0.47
2012,324,31.99,27.37,10.38,57.24,0.0,2.18,0.47
2012,325,26.09,24.2,11.14,67.07,0.95,3.6,0.47
2012,326,32.82,23.09,8.06,59.94,0.22,2.95,0.46
2012,327,33.55,26.64,6.15,58.5,0.0,2.69,0.46
2012,328,33.27,26.78,7.34,58.51,0.0,3.22,0.46
2012,329,17.71,13.43,5.44,71.04,5.66,5.85,0.47
2012,330,30.97,19.86,4.85,61.16,0.13,1.87,0.46
2012,331,32.88,23.99,5.78,62.84,0.0,2.62,0.46
2012,332,33.28,32.31,8.84,50.85,0.0,1.9,0.46
2012,333,33.41,33.59,13.56,44.22,0.01,3.02,0.45
2012,334,24.53,24.17,13.04,66.15,0.74,5.47,0.45
2012,335,23.93,23.25,11.7,68.54,2.95,6.76,0.45
2012,336,25.01,26.25,11.57,67.85,2.76,3.59,0.45
2012,337,25.21,26.47,11.93,66.09,0.02,3.21,0.45
2012,338,25.36,24.18,11.09,69.32,0.29,2.52,0.45
2012,339,28.37,23.11,11.09,67.59,0.43,3.1,0.45
2012,340,32.41,28.01,10.44,60.21,0.06,3.15,0.44
2012,341,33.43,29.03,9.88,54.56,0.03,2.23,0.44
2012,342,29.94,28.21,13.81,66.17,0.34,2.26,0.43
2012,343,29.01,30.73,14.41,65.62,0.43,3.04,0.43
2012,344,27.87,30.22,13.86,64.64,1.25,3.18,0.43
2012,345,26.19,27.33,14.62,67.47,0.58,4.56,0.43
2012,346,33.35,30.92,13.06,56.54,0.01,3.71,0.43
2012,347,32.22,35.31,13.05,51.23,0.33,2.76,0.42
2012,348,21.8,28.64,18.32,62.11,2.6,2.23,0.42
2012,349,20.72,28.11,17.51,67.59,2.18,1.29,0.43
2012,350,24.36,29.92,17.38,64.15,2.56,1.62,0.43
2012,351,31.4,32.94,15.67,57.66,1.14,1.93,0.43
2012,352,33.85,32.08,15.62,55.31,0.1,2.91,0.42
2012,353,33.83,36.17,14.62,49.42,0.0,2.53,0.42
2012,354,33.38,33.16,15.56,51.63,0.02,2.86,0.42
2012,355,33.99,35.2,13.47,48.92,0.0,2.24,0.41
2012,356,33.47,37.12,16.84,38.37,0.0,2.57,0.41
2012,357,33.74,35.22,16.32,40.95,0.02,2.74,0.41
2012,358,33.47,36.64,15.03,46.41,0.12,1.93,0.4
2012,359,9.85,27.67,15.75,60.5,0.7,3.5,0.4
2012,360,27.0,29.17,13.85,63.22,0.38,2.61,0.4
2012,361,31.96,34.49,14.47,50.54,0.04,1.91,0.4
2012,362,20.73,24.79,14.66,60.9,0.0,4.94,0.4
2012,363,31.18,26.08,14.15,57.75,0.0,4.0,0.4
2012,364,32.83,29.38,12.81,53.29,0.0,3.77,0.4
2012,365,32.47,29.6,14.41,57.32,0.03,2.97,0.39
2012,366,31.02,27.58,11.76,58.1,0.1,4.8,0.39
2013,1,32.98,27.52,10.86,55.78,0.08,5.39,0.39
2013,2,34.31,30.64,12.26,51.63,0.0,3.37,0.39
2013,3,20.86,21.04,11.17,66.53,1.34,4.76,0.39
2013,4,32.24,25.94,10.88,50.24,0.13,2.61,0.39
2013,5,33.66,34.2,9.79,45.06,0.0,2.34,0.39
2013,6,33.23,29.64,13.2,57.16,0.04,2.67,0.39
2013,7,34.22,33.72,12.02,53.51,0.28,2.7,0.38
2013,8,33.52,29.19,13.11,56.14,1.16,2.79,0.38
2013,9,22.02,21.53,11.72,66.78,4.08,4.41,0.39
2013,10,23.87,20.58,8.91,58.11,0.73,3.16,0.39
2013,11,34.08,25.45,9.36,49.76,0.01,3.42,0.39
2013,12,33.87,32.24,8.08,46.26,0.0,1.92,0.39
2013,13,33.7,33.65,12.99,44.02,0.01,3.14,0.38
2013,14,31.29,28.55,14.07,62.2,0.37,3.79,0.38
2013,15,32.59,35.08,13.56,53.68,0.21,3.7,0.38
2013,16,30.21,39.8,15.86,39.75,1.09,2.65,0.38
2013,17,26.69,34.72,18.41,47.24,0.56,3.46,0.38
2013,18,28.19,32.13,15.17,60.06,0.6,4.31,0.38
2013,19,30.12,34.12,13.79,54.36,0.63,3.19,0.38
2013,20,30.08,30.7,14.97,58.38,0.34,2.97,0.38
2013,21,32.21,32.01,12.57,51.17,0.04,2.81,0.38
2013,22,33.15,36.83,13.72,46.32,0.01,2.31,0.37
2013,23,31.94,35.51,13.96,47.18,0.03,2.55,0.37
2013,24,32.76,29.05,13.15,55.38,0.05,2.96,0.37
2013,25,31.62,29.45,13.69,54.22,0.09,3.01,0.37
2013,26,32.7,32.48,11.18,49.24,0.02,3.22,0.37
2013,27,32.48,30.69,11.48,52.26,0.0,4.46,0.37
2013,28,32.66,34.29,13.57,51.97,0.08,5.45,0.37
2013,29,30.74,36.49,14.95,47.34,0.14,2.6,0.37
2013,30,26.44,31.47,15.06,60.72,0.3,2.88,0.37
2013,31,30.75,34.6,15.55,51.49,0.13,3.98,0.37
2013,32,31.32,37.95,17.28,39.2,0.0,2.65,0.37
2013,33,30.96,34.82,15.6,58.34,0.35,3.15,0.37
2013,34,26.55,25.57,12.97,64.21,1.75,4.24,0.37
2013,35,30.79,26.95,11.97,52.66,0.15,4.56,0.37
2013,36,31.46,33.73,10.82,48.54,0.01,3.21,0.37
2013,37,31.22,32.17,12.4,54.96,0.01,3.54,0.37
2013,38,30.09,31.73,12.87,56.5,0.01,3.0,0.37
2013,39,30.32,35.43,13.96,51.61,0.03,2.72,0.37
2013,40,8.6,24.46,16.54,72.41,18.6,2.29,0.39
2013,41,18.78,24.47,14.23,72.36,2.24,3.06,0.41
2013,42,19.65,27.04,14.56,70.78,1.93,2.56,0.41
2013,43,29.88,34.63,14.88,50.62,0.03,2.27,0.4
2013,44,30.05,32.22,14.98,46.53,0.03,3.21,0.39
2013,45,22.49,24.24,11.57,64.05,1.3,3.82,0.39
2013,46,29.88,26.06,10.13,56.01,0.08,3.64,0.39
2013,47,29.92,33.58,10.6,51.1,0.01,2.36,0.39
2013,48,29.8,36.34,13.42,41.89,0.0,2.39,0.38
2013,49,29.34,30.73,13.58,46.56,0.1,3.71,0.38
2013,50,18.33,23.12,12.46,70.01,1.06,4.56,0.38
2013,51,29.55,24.25,9.49,48.85,0.01,2.4,0.38
2013,52,28.68,30.11,8.25,50.01,0.0,2.05,0.38
2013,53,28.26,27.07,11.29,57.64,0.0,2.52,0.38
2013,54,28.37,28.25,13.19,56.35,0.0,2.08,0.38
2013,55,28.35,33.63,11.16,47.03,0.0,1.93,0.38
2013,56,27.89,36.88,14.84,34.79,0.0,2.61,0.38
2013,57,27.49,33.53,15.49,46.2,0.0,2.11,0.37
2013,58,26.71,28.3,14.11,63.51,0.55,3.81,0.37
2013,59,19.84,21.04,10.28,70.79,5.77,3.56,0.39
2013,60,27.33,27.48,9.19,57.95,0.43,2.4,0.38
2013,61,27.55,30.87,10.44,53.84,0.0,2.78,0.38
2013,62,26.86,34.92,11.11,48.55,0.0,2.67,0.38
2013,63,27.43,39.23,14.72,33.87,0.0,2.96,0.38
2013,64,26.33,32.0,15.21,40.41,0.02,2.18,0.37
2013,65,24.35,27.0,14.74,63.96,0.11,2.71,0.37
2013,66,22.66,24.21,13.59,62.68,0.36,2.4,0.37
2013,67,12.61,21.87,12.22,77.03,5.59,4.33,0.38
2013,68,25.9,24.98,10.28,56.19,0.05,3.62,0.38
2013,69,26.25,31.53,9.39,51.81,0.0,2.95,0.38
2013,70,25.94,36.24,12.38,39.48,0.0,2.21,0.38
2013,71,25.72,33.72,17.56,39.01,0.04,2.67,0.38
2013,72,24.12,32.75,17.12,59.45,0.15,4.04,0.37
2013,73,24.37,34.47,15.11,49.21,0.0,1.97,0.37
2013,74,17.8,25.23,13.85,73.82,0.68,3.41,0.37
2013,75,20.14,25.95,15.18,58.96,0.85,1.75,0.37
2013,76,22.82,26.03,12.26,48.37,0.0,1.96,0.37
2013,77,17.71,25.67,11.07,76.4,0.52,2.41,0.37
2013,78,23.92,26.16,9.79,58.06,0.02,1.92,0.37
2013,79,23.97,34.26,10.3,39.94,0.0,1.48,0.37
2013,80,23.65,32.93,14.82,38.61,0.0,1.83,0.37
2013,81,23.31,31.77,13.41,52.32,0.0,2.55,0.37
2013,82,19.44,22.47,10.88,63.66,1.03,3.15,0.37
2013,83,22.58,23.32,10.69,63.01,0.65,4.06,0.37
2013,84,22.46,27.56,9.63,66.76,0.14,4.47,0.37
2013,85,17.35,31.57,13.43,58.01,0.18,2.64,0.37
2013,86,22.25,27.05,12.28,59.31,0.01,3.13,0.37
2013,87,18.43,22.04,12.09,72.86,1.58,3.32,0.37
2013,88,14.03,17.31,11.1,78.05,2.66,3.65,0.38
2013,89,13.88,21.33,11.14,81.35,6.69,5.35,0.39
2013,90,5.93,21.63,12.3,81.67,2.42,3.23,0.39
2013,91,12.6,18.31,11.69,77.57,6.18,5.83,0.4
2013,92,14.66,20.25,11.5,80.77,5.02,3.0,0.41
2013,93,21.97,23.35,7.96,61.9,0.06,2.07,0.41
2013,94,21.47,27.04,7.78,40.6,0.0,1.57,0.4
2013,95,20.63,29.27,13.27,30.11,0.0,1.64,0.4
2013,96,18.29,22.75,12.45,59.19,0.41,1.83,0.4
2013,97,19.27,20.2,9.34,70.92,0.3,3.63,0.39
2013,98,8.13,14.94,9.76,84.33,6.01,4.06,0.4
2013,99,13.22,13.43,6.21,74.34,2.42,2.86,0.41
2013,100,18.45,16.01,5.64,70.4,0.35,3.15,0.41
2013,101,20.14,21.49,4.38,64.1,0.0,2.54,0.4
2013,102,19.93,25.33,4.69,54.04,0.0,1.82,0.4
2013,103,19.61,28.9,7.46,37.42,0.0,1.61,0.4
2013,104,17.34,25.73,11.16,33.98,0.0,1.84,0.4
2013,105,17.08,27.53,8.31,35.16,0.0,2.09,0.39
2013,106,11.55,19.92,9.98,61.87,4.36,5.21,0.39
2013,107,8.03,16.89,8.27,87.17,38.67,6.08,0.44
2013,108,15.5,15.03,6.02,77.76,3.0,1.77,0.48
2013,109,18.11,18.44,4.8,72.02,0.1,2.21,0.47
2013,110,17.74,20.8,5.34,67.59,0.04,1.47,0.46
2013,111,17.28,22.04,6.39,62.94,0.0,1.44,0.45
2013,112,15.88,24.2,8.77,63.67,0.0,1.44,0.45
2013,113,17.02,27.98,9.18,55.84,0.0,1.19,0.44
2013,114,16.7,29.56,12.33,41.57,0.0,1.59,0.44
2013,115,16.99,31.94,13.36,33.96,0.0,1.59,0.44
2013,116,16.63,30.28,13.96,36.57,0.0,2.04,0.43
2013,117,14.27,28.89,12.52,44.16,0.0,2.36,0.43
2013,118,15.25,20.57,10.95,78.56,0.04,2.22,0.43
2013,119,16.83,23.15,10.3,68.17,0.03,1.36,0.43
2013,120,16.85,28.01,9.14,42.01,0.0,2.05,0.43
2013,121,15.62,26.24,9.72,51.12,0.01,2.71,0.43
2013,122,11.84,17.4,8.66,84.71,1.95,2.31,0.43
2013,123,8.94,12.83,6.14,86.31,7.12,2.32,0.44
2013,124,15.25,16.94,3.95,69.08,0.22,2.05,0.44
2013,125,15.81,22.26,5.09,45.97,0.0,1.25,0.44
2013,126,14.83,24.46,7.21,33.51,0.0,2.19,0.43
2013,127,11.45,25.65,7.1,32.61,0.09,1.96,0.43
2013,128,9.53,16.69,10.23,70.27,2.7,2.23,0.43
2013,129,12.76,16.71,5.56,76.29,1.26,1.65,0.44
2013,130,14.09,18.86,3.37,63.85,0.03,1.22,0.44
2013,131,14.86,21.6,6.24,42.43,0.0,1.07,0.43
2013,132,14.74,23.51,7.49,35.67,0.0,1.7,0.43
2013,133,13.6,24.71,7.38,39.05,0.0,1.46,0.43
2013,134,14.25,22.77,8.73,40.05,0.01,1.67,0.43
2013,135,13.26,18.01,6.22,73.54,0.25,1.26,0.43
2013,136,10.4,15.76,7.16,84.51,0.57,1.42,0.43
2013,137,14.01,18.88,5.45,72.86,0.18,1.92,0.43
2013,138,14.36,23.4,4.02,53.27,0.0,1.86,0.43
2013,139,13.11,27.23,9.97,51.18,0.0,2.03,0.43
2013,140,13.28,24.86,10.49,57.53,0.01,1.3,0.42
2013,141,12.5,27.2,11.62,54.26,0.09,1.82,0.42
2013,142,8.95,21.91,10.95,75.83,1.6,2.39,0.42
2013,143,12.85,19.41,7.85,78.44,0.11,1.38,0.42
2013,144,10.81,23.13,7.02,62.33,0.06,1.27,0.42
2013,145,11.15,18.38,8.53,69.24,0.15,2.11,0.42
2013,146,3.51,12.28,7.77,92.83,13.38,2.81,0.43
2013,147,9.04,13.72,9.17,82.71,2.08,3.36,0.45
2013,148,6.15,14.39,6.91,85.77,1.52,2.31,0.45
2013,149,11.78,17.9,3.6,67.82,0.44,3.63,0.45
2013,150,7.36,14.33,8.17,89.24,2.91,3.87,0.45
2013,151,11.89,17.12,5.78,80.53,0.71,2.18,0.45
2013,152,3.4,9.3,7.18,88.76,30.84,5.05,0.47
2013,153,3.89,7.08,3.29,91.18,54.92,6.14,0.56
2013,154,6.69,9.51,4.72,89.66,9.18,3.98,0.59
2013,155,6.22,9.75,6.75,93.22,5.78,2.38,0.59
2013,156,11.08,12.72,3.48,89.35,1.34,1.1,0.58
2013,157,12.09,17.63,2.29,70.48,0.0,1.0,0.56
2013,158,10.39,16.97,7.28,64.35,0.59,1.38,0.56
2013,159,5.77,11.79,5.28,91.66,19.28,4.37,0.57
2013,160,12.39,11.45,1.51,76.04,0.61,1.77,0.58
2013,161,12.39,17.12,0.81,62.74,0.0,1.77,0.57
2013,162,12.15,19.44,2.4,59.7,0.0,2.6,0.57
2013,163,11.66,15.46,4.11,76.81,1.03,3.08,0.56
2013,164,6.62,12.14,7.92,89.26,7.43,4.32,0.57
2013,165,5.51,10.7,4.82,93.25,10.43,3.78,0.58
2013,166,11.97,12.43,3.25,86.02,0.14,0.99,0.59
2013,167,12.14,15.59,2.8,82.57,0.0,1.47,0.58
2013,168,12.25,20.28,2.62,62.34,0.0,1.7,0.58
2013,169,11.27,20.57,5.68,68.32,0.44,3.89,0.57
2013,170,5.69,11.18,7.59,95.27,2.27,2.4,0.57
2013,171,11.35,13.04,6.19,81.76,0.16,1.32,0.57
2013,172,11.26,13.34,3.55,79.37,2.16,4.31,0.57
2013,173,10.58,13.46,6.11,84.72,0.82,1.06,0.57
2013,174,11.39,16.98,4.07,69.94,0.0,2.0,0.57
2013,175,6.28,13.54,3.5,75.44,5.77,4.88,0.57
2013,176,5.95,9.91,7.17,91.43,11.73,5.8,0.59
2013,177,7.45,9.95,6.25,92.05,3.57,2.1,0.6
2013,178,10.72,12.77,3.8,90.35,0.77,1.33,0.6
2013,179,11.62,16.68,2.27,70.11,0.03,1.22,0.59
2013,180,11.32,16.13,6.57,59.37,0.0,1.19,0.59
2013,181,8.34,13.51,5.51,79.79,0.15,1.25,0.59
2013,182,11.42,12.57,7.65,94.6,1.45,2.42,0.59
2013,183,10.41,13.58,7.15,91.17,1.64,1.74,0.59
2013,184,11.32,12.64,3.67,87.68,1.21,2.48,0.59
2013,185,10.45,14.39,3.19,83.24,0.21,3.43,0.59
2013,186,8.03,16.24,6.35,87.26,0.07,2.61,0.58
2013,187,12.14,13.29,6.93,86.0,0.48,4.31,0.58
2013,188,7.24,14.81,6.69,90.14,0.51,2.04,0.58
2013,189,10.75,14.87,6.12,84.86,0.0,1.13,0.58
2013,190,11.63,15.51,5.19,86.48,0.0,1.67,0.58
2013,191,12.46,20.6,4.18,62.61,0.0,1.48,0.58
2013,192,12.51,21.18,6.16,58.94,0.0,1.78,0.57
2013,193,9.97,19.52,7.96,73.73,0.01,2.32,0.57
2013,194,9.97,13.74,5.97,89.6,8.33,2.44,0.58
2013,195,8.98,14.82,5.33,86.46,1.83,2.46,0.58
2013,196,5.12,12.53,6.64,90.2,7.66,2.87,0.59
2013,197,9.5,13.81,4.82,79.94,1.27,1.31,0.59
2013,198,13.01,17.5,1.64,75.12,0.1,1.27,0.59
2013,199,6.75,9.74,5.22,93.1,7.59,3.86,0.59
2013,200,4.76,10.7,7.41,96.9,16.67,3.08,0.61
2013,201,10.34,12.61,6.73,93.12,5.5,1.98,0.63
2013,202,13.37,16.46,4.44,77.32,0.2,1.29,0.62
2013,203,13.66,18.05,3.44,73.05,0.3,2.2,0.61
2013,204,7.08,8.42,3.61,89.44,13.9,3.56,0.63
2013,205,11.53,10.27,2.39,82.65,0.7,0.86,0.63
2013,206,11.67,13.68,1.13,75.52,0.0,2.09,0.62
2013,207,11.7,13.85,3.8,77.88,7.21,3.92,0.62
2013,208,6.64,9.51,5.06,90.84,8.08,3.69,0.64
2013,209,8.56,9.19,3.06,91.91,4.81,2.48,0.64
2013,210,13.4,12.33,3.38,88.48,0.89,1.49,0.64
2013,211,14.94,17.56,1.63,71.19,0.0,1.47,0.64
2013,212,14.94,21.12,4.68,53.52,0.0,1.65,0.63
2013,213,14.41,21.46,5.49,66.47,0.0,2.5,0.63
2013,214,14.37,21.59,6.38,59.02,0.0,2.05,0.62
2013,215,14.43,21.7,6.47,57.7,0.0,1.79,0.62
2013,216,14.62,20.85,7.36,59.81,0.0,1.49,0.61
2013,217,13.35,18.13,6.56,69.21,0.01,1.23,0.61
2013,218,9.52,13.13,5.71,88.42,19.47,1.49,0.62
2013,219,4.47,7.03,4.8,94.66,29.83,2.23,0.67
2013,220,10.78,9.29,2.76,89.16,4.95,1.72,0.69
2013,221,16.28,13.02,1.28,77.03,0.11,1.46,0.68
2013,222,16.19,16.15,-1.01,63.89,0.0,1.96,0.67
2013,223,10.72,12.24,2.13,79.82,1.49,2.92,0.66
2013,224,8.53,12.69,6.77,89.9,10.86,5.0,0.66
2013,225,8.24,9.68,6.27,90.25,24.81,5.35,0.7
2013,226,9.7,9.13,5.57,92.02,7.66,3.35,0.71
2013,227,6.0,9.66,5.68,94.79,14.84,4.56,0.72
2013,228,8.6,10.92,7.31,90.77,9.24,6.13,0.72
2013,229,10.9,9.92,3.51,88.26,6.7,4.24,0.73
2013,230,14.31,11.41,2.38,82.33,0.56,1.48,0.73
2013,231,17.74,16.77,-0.18,69.38,0.0,1.6,0.72
2013,232,15.74,17.91,2.98,65.84,0.04,2.04,0.71
2013,233,8.25,9.38,1.86,91.67,10.31,3.44,0.72
2013,234,18.04,11.65,-0.97,80.16,0.06,1.3,0.72
2013,235,18.66,16.02,0.13,75.93,0.0,1.39,0.72
2013,236,17.59,13.62,2.73,89.05,0.53,1.15,0.71
2013,237,18.91,22.32,2.75,65.29,0.01,1.5,0.71
2013,238,18.18,17.57,7.97,68.9,0.23,2.66,0.71
2013,239,11.46,11.79,7.42,90.17,3.98,5.15,0.7
2013,240,4.78,10.71,6.38,94.34,26.8,4.24,0.73
2013,241,12.72,8.74,2.83,88.01,6.83,3.18,0.75
2013,242,13.17,6.9,2.61,90.94,6.27,3.41,0.74
2013,243,11.11,9.12,4.63,93.05,14.49,3.49,0.76
2013,244,13.96,11.82,3.24,87.63,2.07,1.79,0.76
2013,245,20.16,17.14,1.41,74.23,2.21,2.79,0.75
2013,246,15.67,13.53,4.97,80.94,1.57,1.9,0.75
2013,247,20.19,13.86,1.79,81.32,0.0,1.44,0.74
2013,248,20.46,17.66,2.63,82.93,0.0,1.42,0.74
2013,249,19.92,21.17,6.51,71.28,0.0,0.83,0.73
2013,250,20.15,24.13,9.5,64.84,0.01,1.44,0.73
2013,251,14.75,14.42,7.14,87.73,1.38,2.23,0.73
2013,252,18.33,12.24,4.09,79.68,0.18,1.62,0.72
2013,253,19.99,11.75,2.81,83.31,0.86,1.78,0.72
2013,254,22.2,12.33,0.86,79.07,0.07,1.79,0.72
2013,255,22.57,16.69,0.33,79.15,0.01,1.51,0.72
2013,256,18.09,11.99,2.32,83.74,0.23,4.3,0.71
2013,257,12.49,12.67,5.65,88.15,5.2,5.03,0.72
2013,258,9.46,12.86,8.2,92.43,10.87,5.52,0.72
2013,259,14.67,16.22,8.26,87.24,1.52,3.99,0.73
2013,260,13.3,14.98,8.46,91.74,2.84,3.96,0.72
2013,261,17.75,15.19,6.27,90.42,4.67,2.62,0.73
2013,262,12.8,13.53,4.96,89.97,20.55,4.59,0.73
2013,263,12.81,5.5,2.2,89.48,15.8,3.58,0.76
2013,264,16.71,10.54,1.01,85.62,0.56,2.19,0.76
2013,265,23.87,17.66,0.94,73.56,0.0,1.43,0.75
2013,266,23.2,17.91,4.5,72.03,0.0,1.91,0.74
2013,267,22.33,16.5,4.41,82.61,0.05,1.5,0.73
2013,268,23.16,16.69,4.38,83.83,0.01,2.04,0.73
2013,269,23.28,19.18,6.6,88.38,1.66,4.04,0.72
2013,270,16.36,10.82,4.62,83.35,4.74,5.61,0.73
2013,271,17.43,12.42,3.67,80.11,0.09,2.35,0.72
2013,272,25.09,15.63,2.07,77.68,0.02,2.06,0.72
2013,273,25.97,23.89,2.78,52.49,0.0,2.12,0.71
2013,274,25.21,24.78,9.9,49.82,0.0,1.78,0.71
2013,275,25.66,23.66,9.26,57.56,0.0,1.78,0.7
2013,276,24.76,21.44,6.2,80.74,0.11,1.87,0.7
2013,277,22.78,18.71,8.76,84.13,0.79,2.55,0.69
2013,278,16.7,11.28,5.65,92.72,7.03,2.45,0.7
2013,279,26.69,16.52,3.34,78.14,0.42,2.62,0.7
2013,280,25.96,20.28,5.9,77.93,0.07,2.25,0.69
2013,281,26.68,24.44,5.27,69.17,0.0,1.61,0.68
2013,282,26.83,25.27,9.32,60.86,0.01,1.24,0.68
2013,283,21.74,26.3,13.9,50.02,0.0,1.51,0.67
2013,284,24.75,20.58,10.21,65.87,0.45,3.37,0.66
2013,285,17.56,12.3,4.84,83.78,6.09,4.35,0.66
2013,286,26.21,15.32,3.63,76.69,0.03,1.58,0.66
2013,287,27.68,21.7,5.41,66.29,0.01,1.74,0.66
2013,288,26.3,22.85,8.93,62.88,0.01,2.14,0.65
2013,289,26.21,16.86,5.37,77.52,0.12,2.1,0.65
2013,290,25.83,15.95,4.45,76.29,0.08,2.47,0.64
2013,291,28.58,19.49,5.42,75.71,0.38,3.6,0.64
2013,292,27.9,23.41,7.46,72.27,0.14,2.46,0.63
2013,293,20.92,15.67,9.12,87.51,9.13,3.9,0.63
2013,294,20.99,13.99,5.94,86.03,5.62,2.78,0.65
2013,295,27.89,18.49,5.36,78.11,0.29,1.57,0.64
2013,296,25.93,21.84,8.45,77.96,3.7,2.5,0.64
2013,297,20.62,27.09,9.98,70.08,0.29,2.03,0.63
2013,298,12.08,20.38,12.04,87.41,9.64,1.66,0.63
2013,299,19.17,22.67,12.37,85.87,10.47,2.13,0.64
2013,300,25.83,26.48,11.98,75.27,0.14,1.39,0.64
2013,301,28.91,25.21,13.66,74.14,0.67,1.34,0.63
2013,302,22.58,19.85,11.4,84.82,1.01,2.44,0.62
2013,303,15.71,16.82,7.76,83.84,5.53,3.91,0.63
2013,304,14.28,15.16,7.83,88.77,10.92,3.6,0.63
2013,305,20.15,19.06,10.58,85.28,7.65,3.03,0.64
2013,306,30.8,23.65,10.32,71.08,0.14,1.91,0.64
2013,307,30.56,26.27,9.79,60.45,0.0,1.37,0.62
2013,308,30.33,28.27,11.87,60.18,0.0,1.73,0.61
2013,309,31.59,26.06,9.64,68.8,0.0,1.69,0.6
2013,310,21.11,16.37,7.88,83.09,0.97,5.3,0.6
2013,311,24.07,16.11,7.67,81.31,0.17,3.49,0.6
2013,312,30.17,19.66,7.78,78.91,0.09,1.77,0.59
2013,313,31.35,22.35,8.72,72.83,0.09,1.9,0.59
2013,314,31.07,24.98,6.52,65.46,0.0,2.67,0.58
2013,315,31.19,27.01,9.15,62.84,0.0,2.14,0.57
2013,316,30.34,27.05,9.77,67.39,0.04,1.73,0.57
2013,317,28.62,23.44,11.35,77.69,0.69,2.21,0.56
2013,318,27.8,19.69,10.51,78.56,3.79,2.83,0.56
2013,319,13.67,18.36,10.12,84.62,22.31,2.96,0.57
2013,320,8.95,13.32,9.61,90.32,69.86,2.22,0.67
2013,321,22.05,20.66,10.02,84.48,1.18,2.21,0.67
2013,322,31.32,26.06,8.75,74.42,0.59,2.54,0.65
2013,323,27.79,25.02,11.24,76.09,3.14,4.15,0.64
2013,324,23.21,18.59,9.17,80.98,2.33,3.94,0.63
2013,325,33.39,23.14,8.38,68.85,0.05,2.01,0.62
2013,326,33.25,25.39,8.62,66.36,0.03,2.53,0.61
2013,327,33.38,25.36,11.0,72.16,0.1,3.29,0.6
2013,328,33.28,31.14,11.16,61.0,0.0,1.86,0.59
2013,329,32.99,25.44,13.08,69.75,0.02,3.17,0.58
2013,330,29.69,20.42,10.29,79.88,0.89,2.96,0.58
2013,331,32.07,21.26,8.55,69.74,0.21,4.1,0.57
2013,332,33.31,25.41,8.78,68.93,0.03,2.94,0.57
2013,333,32.98,26.92,8.32,68.69,0.22,3.05,0.56
2013,334,27.89,21.76,10.67,74.31,0.31,4.72,0.55
2013,335,33.32,28.54,9.95,62.61,0.03,3.61,0.54
2013,336,23.35,26.76,11.55,60.27,0.68,2.79,0.54
2013,337,30.2,22.66,12.01,70.42,0.26,3.4,0.53
2013,338,30.05,22.2,9.42,74.09,1.63,2.83,0.53
2013,339,33.94,24.77,7.16,63.91,0.1,3.91,0.53
2013,340,33.92,26.66,8.48,63.1,0.02,4.83,0.52
2013,341,30.41,30.77,11.42,57.9,0.26,3.32,0.51
2013,342,30.06,29.82,13.82,57.47,0.35,2.02,0.51
2013,343,25.22,27.36,14.96,72.62,2.91,1.92,0.51
2013,344,25.53,23.35,14.3,78.5,1.37,2.49,0.51
2013,345,28.88,25.41,13.29,69.5,0.66,1.79,0.51
2013,346,29.46,28.03,12.48,60.89,0.04,1.79,0.5
2013,347,32.21,27.77,15.08,56.87,0.07,2.22,0.49
2013,348,30.46,26.3,14.15,63.49,0.05,2.3,0.49
2013,349,21.65,22.32,12.77,71.28,0.24,2.8,0.49
2013,350,30.96,25.82,12.28,66.4,0.19,3.16,0.48
2013,351,32.93,26.85,11.97,62.82,0.05,4.02,0.48
2013,352,34.29,30.53,10.74,54.27,0.01,2.97,0.47
2013,353,34.52,33.18,11.43,53.51,0.0,2.56,0.47
2013,354,30.95,33.89,14.18,53.45,0.0,3.0,0.46
2013,355,33.62,32.14,15.08,59.02,0.0,2.29,0.46
2013,356,34.04,33.95,12.66,56.73,0.0,2.76,0.45
2013,357,33.3,31.87,13.42,60.34,0.0,3.2,0.45
2013,358,33.2,31.2,13.34,62.47,0.07,2.93,0.45
2013,359,33.57,31.51,14.77,58.23,0.04,2.64,0.44
2013,360,33.24,30.21,15.84,54.4,0.01,2.21,0.44
2013,361,33.23,30.02,13.48,57.37,0.03,3.26,0.44
2013,362,23.84,25.24,12.54,64.87,1.11,3.65,0.44
2013,363,34.3,30.12,11.3,51.7,0.0,2.3,0.43
2013,364,33.52,31.1,13.18,52.53,0.0,2.33,0.43
2013,365,33.37,33.71,13.23,50.67,0.0,2.32,0.43
2014,1,33.34,31.44,15.36,53.52,0.47,2.83,0.42
2014,2,34.04,34.84,13.71,51.18,0.05,2.28,0.42
2014,3,33.76,36.23,15.21,49.52,0.0,1.89,0.42
2014,4,28.87,31.63,15.33,57.41,0.21,3.37,0.42
2014,5,20.74,25.47,14.59,72.02,14.47,1.95,0.43
2014,6,17.13,22.52,14.67,83.3,20.73,2.61,0.46
2014,7,15.7,23.0,14.82,82.03,17.82,3.27,0.49
2014,8,19.2,22.17,13.76,86.27,48.35,2.17,0.55
2014,9,24.07,21.56,12.25,78.81,2.98,3.57,0.56
2014,10,27.87,22.68,11.67,76.46,3.96,2.51,0.55
2014,11,33.71,26.68,10.54,64.36,0.04,1.96,0.53
2014,12,33.79,24.31,9.23,69.9,0.1,2.57,0.51
2014,13,33.92,27.16,11.81,62.3,0.21,3.46,0.51
2014,14,34.06,33.29,10.14,46.74,0.0,2.17,0.49
2014,15,33.29,28.64,12.42,55.74,0.02,2.25,0.49
2014,16,34.31,30.04,11.05,55.73,0.0,1.98,0.48
2014,17,32.66,29.58,11.73,59.32,0.05,2.47,0.47
2014,18,29.34,28.64,13.87,62.93,0.05,2.06,0.47
2014,19,32.13,30.71,12.95,61.64,0.03,2.2,0.47
2014,20,32.78,30.34,12.26,60.97,0.01,3.04,0.46
2014,21,33.22,34.25,11.34,55.4,0.09,2.4,0.46
2014,22,32.59,36.35,15.59,47.81,0.0,2.63,0.45
2014,23,30.87,28.96,13.96,62.31,0.02,2.96,0.45
2014,24,23.33,24.22,13.23,70.1,1.04,3.17,0.45
2014,25,32.77,28.39,11.6,57.02,0.16,2.08,0.45
2014,26,32.13,32.14,10.36,57.48,0.0,2.09,0.44
2014,27,31.64,35.18,14.13,58.28,0.03,2.46,0.44
2014,28,14.64,26.41,15.96,72.31,4.34,1.94,0.44
2014,29,24.99,26.87,13.72,67.25,3.31,2.01,0.45
2014,30,28.83,29.97,14.85,65.36,2.17,3.53,0.45
2014,31,30.23,34.65,16.21,54.84,0.06,2.32,0.45
2014,32,28.0,27.76,14.7,65.48,0.02,3.36,0.44
2014,33,31.79,28.84,12.82,61.21,0.01,3.05,0.44
2014,34,31.74,34.66,12.01,56.89,0.0,2.46,0.43
2014,35,31.45,30.87,13.89,60.84,0.0,2.83,0.43
2014,36,29.37,27.45,12.42,65.2,0.45,2.73,0.43
2014,37,30.86,30.03,12.57,58.93,0.05,2.01,0.43
2014,38,29.04,27.95,13.91,67.18,0.14,3.4,0.42
2014,39,29.06,26.83,12.79,60.0,0.77,2.22,0.42
2014,40,30.43,26.16,11.2,61.98,0.01,2.35,0.42
2014,41,30.45,29.25,12.96,51.74,0.0,1.91,0.42
2014,42,30.26,32.16,12.81,41.27,0.0,1.91,0.42
2014,43,28.36,31.73,13.34,49.31,0.0,2.09,0.41
2014,44,25.25,31.0,15.79,64.48,0.39,3.21,0.41
2014,45,24.82,34.38,15.5,61.06,2.01,2.4,0.41
2014,46,28.13,36.91,17.93,55.78,0.47,2.79,0.41
2014,47,26.77,37.27,18.11,55.81,0.46,2.48,0.41
2014,48,26.26,34.87,19.56,51.68,0.07,2.84,0.41
2014,49,24.72,33.04,18.62,66.31,2.27,2.86,0.41
2014,50,27.82,29.77,15.92,66.94,0.5,3.92,0.4
2014,51,21.26,23.26,12.46,65.49,0.48,3.15,0.4
2014,52,29.08,28.36,11.06,55.07,0.02,2.97,0.4
2014,53,29.11,31.84,11.77,55.35,0.01,2.51,0.4
2014,54,28.26,32.03,12.65,63.18,0.74,2.9,0.4
2014,55,24.94,28.12,16.38,70.81,1.6,4.55,0.4
2014,56,27.39,30.92,14.61,62.26,0.59,4.2,0.4
2014,57,27.91,35.34,14.12,48.01,0.03,2.31,0.4
2014,58,27.97,35.41,18.08,30.65,0.0,2.55,0.39
2014,59,16.68,28.63,15.85,54.66,0.15,3.68,0.39
2014,60,23.22,25.26,12.45,65.1,0.66,2.65,0.39
2014,61,25.42,24.83,10.87,72.92,1.4,3.76,0.39
2014,62,20.66,25.81,12.76,66.99,1.07,2.92,0.39
2014,63,26.8,28.99,11.55,63.99,0.7,2.48,0.39
2014,64,26.38,33.05,13.71,54.11,0.07,1.94,0.39
2014,65,26.59,30.17,15.87,55.79,0.29,2.57,0.39
2014,66,25.03,27.5,14.52,66.46,0.18,2.27,0.39
2014,67,25.03,24.35,12.01,65.17,0.33,3.19,0.39
2014,68,20.54,21.55,10.69,71.67,0.82,4.92,0.39
2014,69,25.79,30.07,11.38,59.67,0.12,3.33,0.39
2014,70,21.52,27.47,12.26,68.53,0.78,3.17,0.39
2014,71,24.49,21.87,8.8,62.06,0.4,3.66,0.39
2014,72,26.42,28.8,6.63,47.89,0.0,2.3,0.39
2014,73,25.64,30.0,9.11,47.82,0.0,2.0,0.38
2014,74,25.06,28.96,11.02,58.62,0.0,1.73,0.38
2014,75,24.9,28.82,11.23,58.57,0.0,2.04,0.38
2014,76,24.49,28.72,10.2,64.89,0.01,2.23,0.38
2014,77,24.29,27.89,11.28,65.48,0.01,2.97,0.38
2014,78,14.59,20.01,11.5,79.04,1.17,3.66,0.38
2014,79,23.48,25.39,9.82,58.61,0.08,1.34,0.38
2014,80,23.63,33.35,10.91,43.9,0.0,2.01,0.38
2014,81,22.09,26.23,12.37,59.39,0.03,3.28,0.38
2014,82,21.5,25.94,11.24,68.56,1.06,2.75,0.38
2014,83,6.12,23.41,13.08,81.97,27.61,1.59,0.4
2014,84,11.91,18.84,9.61,73.36,2.83,5.03,0.44
2014,85,11.27,16.04,10.33,83.43,7.99,4.42,0.44
2014,86,22.12,25.73,9.8,67.62,0.11,0.86,0.44
2014,87,22.29,29.01,10.25,52.71,0.0,1.85,0.43
2014,88,22.0,24.36,12.19,58.89,0.55,2.28,0.42
2014,89,21.14,24.58,11.24,68.4,0.78,1.19,0.42
2014,90,19.06,23.76,10.52,66.55,0.13,1.88,0.42
2014,91,10.29,16.46,9.96,84.66,12.09,3.74,0.43
2014,92,12.07,11.93,8.67,89.78,16.63,3.26,0.46
2014,93,16.6,18.11,7.51,80.35,8.31,2.06,0.47
2014,94,20.88,21.23,5.7,68.0,0.79,3.18,0.47
2014,95,21.15,26.53,8.35,59.91,0.31,3.17,0.46
2014,96,20.37,31.56,9.46,40.23,0.0,2.09,0.45
2014,97,7.08,30.68,16.52,48.67,0.52,1.58,0.45
2014,98,19.41,31.4,16.69,44.54,0.0,1.12,0.45
2014,99,19.0,30.94,15.47,45.81,0.0,1.43,0.44
2014,100,18.99,32.55,15.74,42.49,0.0,1.54,0.44
2014,101,18.58,32.76,17.87,40.11,0.0,1.59,0.44
2014,102,18.61,32.9,15.82,39.22,0.0,1.19,0.43
2014,103,17.92,32.27,16.2,39.84,0.0,1.94,0.43
2014,104,15.92,23.59,10.63,67.87,0.31,2.91,0.43
2014,105,17.32,20.76,9.12,63.98,0.16,4.2,0.43
2014,106,18.75,25.84,7.77,60.58,0.73,1.99,0.43
2014,107,18.09,29.51,9.87,41.92,0.0,1.87,0.43
2014,108,17.63,25.25,12.37,59.64,0.02,1.51,0.43
2014,109,15.75,26.2,11.68,68.38,0.07,1.55,0.42
2014,110,15.87,27.65,11.91,59.38,0.05,1.62,0.42
2014,111,15.94,24.8,11.75,74.11,1.84,1.73,0.42
2014,112,12.97,18.76,10.18,82.24,8.52,2.94,0.43
2014,113,12.22,14.64,7.19,80.03,4.62,2.85,0.45
2014,114,16.55,20.35,6.55,63.62,0.09,1.54,0.44
2014,115,17.29,22.69,8.67,48.28,0.0,1.74,0.44
2014,116,13.24,18.95,9.12,68.13,0.95,1.91,0.44
2014,117,15.42,19.96,7.15,60.06,0.02,1.72,0.44
2014,118,16.37,25.49,11.4,33.56,0.0,1.55,0.44
2014,119,10.0,18.49,9.49,77.8,0.49,1.59,0.43
2014,120,15.93,20.61,8.28,70.46,0.06,1.45,0.43
2014,121,14.3,25.98,7.36,53.63,0.05,1.43,0.43
2014,122,15.66,27.43,11.58,35.86,0.0,2.0,0.43
2014,123,13.94,26.75,12.57,38.08,0.01,1.56,0.43
2014,124,8.8,17.98,5.55,75.2,6.98,3.84,0.43
2014,125,15.69,16.32,3.71,68.23,0.07,2.31,0.44
2014,126,13.2,26.96,4.34,50.96,0.01,1.97,0.44
2014,127,12.41,26.25,11.19,63.1,0.0,3.35,0.43
2014,128,11.06,18.83,9.06,77.08,4.77,3.99,0.43
2014,129,7.64,10.86,7.2,89.52,13.22,5.07,0.46
2014,130,7.06,10.26,6.9,92.43,5.77,2.33,0.47
2014,131,13.71,15.25,6.19,75.86,0.54,1.55,0.47
2014,132,14.16,21.32,6.58,72.95,0.08,1.2,0.46
2014,133,11.3,19.59,9.1,80.07,1.28,1.9,0.46
2014,134,9.69,22.61,8.46,69.7,0.42,1.73,0.46
2014,135,8.53,15.39,7.26,85.48,4.34,3.5,0.46
2014,136,9.86,15.98,8.44,83.38,1.44,1.75,0.47
2014,137,13.23,16.91,5.54,79.14,0.38,2.26,0.47
2014,138,14.22,20.98,4.53,64.53,0.0,2.03,0.46
2014,139,10.55,23.6,7.49,60.95,0.06,1.94,0.46
2014,140,10.39,14.68,5.4,85.66,0.45,1.51,0.46
2014,141,12.22,17.89,8.26,78.47,0.68,1.08,0.46
2014,142,12.76,22.09,7.83,51.29,0.0,1.8,0.46
2014,143,10.99,24.61,7.85,44.66,0.0,1.75,0.46
2014,144,5.91,16.48,10.95,67.56,0.23,5.46,0.45
2014,145,10.21,17.02,9.98,76.67,0.55,3.77,0.45
2014,146,9.83,18.94,7.86,62.27,0.0,1.61,0.45
2014,147,9.45,17.86,7.82,59.1,0.03,2.94,0.45
2014,148,5.18,13.55,8.08,90.21,10.88,4.78,0.47
2014,149,8.81,15.12,8.23,87.13,0.93,3.61,0.47
2014,150,8.81,16.56,7.92,87.55,3.78,2.65,0.48
2014,151,11.51,18.39,5.67,80.33,9.43,4.31,0.47
2014,152,8.6,12.91,8.27,87.74,17.08,4.47,0.52
2014,153,6.58,11.58,7.11,90.57,4.14,3.87,0.52
2014,154,8.66,11.83,8.12,87.21,4.07,5.36,0.51
2014,155,3.93,10.12,3.92,90.01,34.88,5.39,0.56
2014,156,6.07,7.7,1.55,91.12,8.11,2.12,0.58
2014,157,11.19,11.75,0.02,77.49,0.31,1.55,0.57
2014,158,10.99,16.11,1.51,62.23,0.0,2.16,0.56
2014,159,11.88,12.97,2.37,68.5,18.89,4.37,0.55
2014,160,5.27,7.87,1.53,93.66,17.17,3.22,0.6
2014,161,11.26,10.17,-0.03,80.65,0.78,1.01,0.6
2014,162,12.34,14.61,0.11,56.75,0.0,1.35,0.59
2014,163,12.31,18.78,2.5,60.43,0.0,1.52,0.58
2014,164,11.09,21.09,6.23,57.22,0.0,2.38,0.58
2014,165,4.36,12.18,7.31,92.39,35.56,4.37,0.61
2014,166,6.07,10.33,5.82,91.01,13.52,4.77,0.65
2014,167,9.88,12.99,3.4,88.41,0.55,1.26,0.64
2014,168,11.94,16.71,2.16,81.5,0.03,1.29,0.63
2014,169,6.48,11.06,3.84,95.2,7.86,3.24,0.63
2014,170,11.42,9.74,2.8,79.97,0.94,1.66,0.64
2014,171,11.43,12.6,1.81,85.5,0.03,0.78,0.63
2014,172,12.11,18.28,2.68,72.46,0.0,1.38,0.63
2014,173,10.59,18.79,3.5,63.5,0.0,2.17,0.62
2014,174,10.73,19.8,6.25,67.1,0.0,1.81,0.62
2014,175,11.07,21.38,8.08,65.51,0.0,2.02,0.62
2014,176,7.22,15.97,6.5,80.88,5.97,2.24,0.62
2014,177,8.06,10.82,6.39,91.05,16.8,2.74,0.65
2014,178,8.07,12.11,4.81,88.94,5.36,1.0,0.65
2014,179,12.09,15.8,1.88,72.75,0.0,1.22,0.65
2014,180,11.72,14.95,5.72,73.91,0.0,1.13,0.64
2014,181,11.13,19.23,5.9,75.13,0.0,1.57,0.64
2014,182,8.08,14.18,5.89,84.11,0.08,2.51,0.64
2014,183,10.47,16.55,6.9,87.58,0.03,1.64,0.63
2014,184,10.8,15.02,5.32,87.75,0.21,2.35,0.63
2014,185,9.51,12.26,3.16,91.89,20.4,4.32,0.64
2014,186,7.65,6.65,1.97,90.0,3.39,2.56,0.66
2014,187,8.08,6.57,1.87,91.8,1.29,1.02,0.66
2014,188,12.21,9.64,1.02,84.19,0.02,1.02,0.66
2014,189,12.54,10.96,-0.5,80.22,0.0,1.04,0.65
2014,190,12.29,11.4,0.23,89.02,0.08,1.3,0.65
2014,191,12.86,15.69,-0.37,66.07,0.01,1.8,0.65
2014,192,12.09,17.12,1.84,58.98,0.0,1.53,0.65
2014,193,12.18,14.18,2.57,84.17,0.3,0.91,0.65
2014,194,8.87,10.91,3.69,95.59,0.49,1.18,0.64
2014,195,12.68,16.87,3.96,77.46,0.14,1.67,0.64
2014,196,12.93,19.83,3.73,51.58,0.0,1.53,0.64
2014,197,11.02,15.13,4.73,64.33,0.03,2.85,0.64
2014,198,4.85,11.01,6.57,94.41,21.6,6.17,0.66
2014,199,7.34,9.38,5.85,91.29,11.9,5.7,0.67
2014,200,8.91,10.6,5.54,92.67,7.55,2.3,0.69
2014,201,13.01,12.65,2.16,88.34,0.31,0.82,0.68
2014,202,13.49,18.38,1.1,67.21,0.0,1.54,0.68
2014,203,13.02,14.23,4.23,79.4,0.22,1.57,0.67
2014,204,11.28,15.56,4.16,76.48,0.24,1.54,0.67
2014,205,12.5,13.03,3.46,80.26,9.0,4.59,0.67
2014,206,6.74,8.65,4.47,94.73,14.21,4.3,0.69
2014,207,5.95,8.58,5.01,95.86,16.52,3.68,0.71
2014,208,10.21,11.73,7.18,96.4,4.9,1.17,0.72
2014,209,13.23,16.17,5.31,81.62,0.9,1.62,0.71
2014,210,14.3,20.36,4.95,62.33,0.0,1.3,0.71
2014,211,13.48,22.14,8.45,72.73,0.0,1.95,0.7
2014,212,10.83,21.88,9.4,73.5,0.0,1.32,0.7
2014,213,10.21,18.13,8.95,69.92,0.0,1.25,0.7
2014,214,11.56,15.18,5.15,84.52,0.05,2.72,0.69
2014,215,12.85,14.46,5.68,90.18,0.05,2.66,0.69
2014,216,8.26,12.61,4.59,91.37,2.96,2.32,0.69
2014,217,8.88,11.47,6.3,89.53,7.53,2.97,0.7
2014,218,12.26,11.11,4.64,88.21,0.96,1.92,0.7
2014,219,15.51,15.37,2.55,84.87,0.17,1.93,0.7
2014,220,13.41,20.26,5.17,78.93,0.45,1.75,0.69
2014,221,14.08,19.37,9.61,84.05,0.07,1.24,0.69
2014,222,13.16,20.89,8.98,81.9,0.02,1.78,0.69
2014,223,13.48,19.94,9.17,77.01,0.0,1.33,0.68
2014,224,15.36,21.32,6.34,67.19,0.0,1.65,0.68
2014,225,8.77,13.2,6.0,87.77,2.94,4.21,0.68
2014,226,11.03,14.98,6.94,88.37,1.21,1.48,0.68
2014,227,15.11,16.68,5.63,85.95,0.2,1.51,0.68
2014,228,16.93,19.84,4.49,74.96,0.0,1.72,0.67
2014,229,14.32,23.02,9.07,70.86,0.61,2.06,0.67
2014,230,13.05,20.53,7.79,73.04,0.02,2.15,0.67
2014,231,7.83,13.5,7.52,88.83,7.38,3.74,0.67
2014,232,7.27,10.4,5.14,92.74,19.69,3.41,0.69
2014,233,9.14,10.1,4.99,90.76,10.09,3.93,0.7
2014,234,15.02,13.05,4.29,85.82,3.92,1.47,0.71
2014,235,15.32,13.49,2.07,85.89,0.29,1.47,0.7
2014,236,18.13,19.83,1.75,65.98,0.02,1.49,0.7
2014,237,18.52,17.22,3.51,68.91,4.37,3.8,0.69
2014,238,12.64,15.48,7.94,88.86,5.18,1.93,0.7
2014,239,7.65,10.66,6.55,91.47,30.79,4.56,0.73
2014,240,8.64,6.76,2.59,89.24,30.18,4.42,0.76
2014,241,15.44,11.41,1.74,84.85,1.06,1.64,0.76
2014,242,19.42,17.74,1.38,78.99,0.01,2.34,0.75
2014,243,19.71,20.72,3.38,58.87,0.0,1.69,0.74
2014,244,20.0,24.48,5.64,46.41,0.0,1.69,0.73
2014,245,19.44,24.5,6.33,48.96,0.0,2.05,0.73
2014,246,18.04,20.28,8.02,64.77,0.0,1.28,0.72
2014,247,19.26,26.04,7.04,64.47,0.0,1.69,0.72
2014,248,18.0,19.49,7.16,78.58,0.0,2.25,0.71
2014,249,15.52,16.16,7.33,88.41,0.0,1.56,0.71
2014,250,20.41,20.45,7.04,79.74,0.01,1.78,0.71
2014,251,18.92,19.82,7.13,85.12,1.0,1.8,0.7
2014,252,20.19,21.12,5.83,80.3,1.74,1.49,0.7
2014,253,16.66,15.73,8.93,89.68,8.74,1.74,0.71
2014,254,18.59,17.89,8.46,87.39,4.27,1.73,0.71
2014,255,21.46,17.51,6.29,70.3,0.48,1.26,0.71
2014,256,21.61,20.29,6.52,69.28,0.0,1.41,0.7
2014,257,20.08,20.72,5.97,81.19,0.0,1.75,0.7
2014,258,21.13,20.18,5.86,74.75,0.02,1.86,0.69
2014,259,15.38,23.26,9.1,72.38,0.45,1.19,0.69
2014,260,14.63,16.2,8.06,88.09,11.49,3.85,0.69
2014,261,12.17,10.47,4.89,85.75,12.86,5.4,0.71
2014,262,13.68,12.61,3.44,82.88,0.53,2.02,0.71
2014,263,23.29,17.63,1.69,75.9,0.0,1.5,0.7
2014,264,23.44,24.86,3.97,67.29,0.0,1.67,0.7
2014,265,19.21,27.71,9.0,61.69,0.0,1.85,0.69
2014,266,17.2,19.97,8.28,76.44,0.2,2.27,0.68
2014,267,18.79,17.29,6.27,84.37,0.37,2.77,0.68
2014,268,22.6,18.1,8.19,85.88,0.83,1.93,0.67
2014,269,12.6,12.83,5.76,86.59,2.45,2.37,0.68
2014,270,19.44,12.15,5.52,84.96,2.46,2.44,0.68
2014,271,20.3,15.96,4.66,78.95,0.42,2.16,0.67
2014,272,20.34,14.07,4.98,82.17,1.09,1.92,0.67
2014,273,13.05,15.84,4.85,88.81,2.98,1.87,0.67
2014,274,24.9,19.78,8.43,82.74,1.46,1.91,0.67
2014,275,24.36,21.68,7.42,78.99,0.05,2.35,0.66
2014,276,25.97,22.52,6.06,75.63,0.0,2.29,0.65
2014,277,26.09,25.73,5.17,64.23,0.0,1.42,0.65
2014,278,26.26,28.92,10.11,46.19,0.0,1.4,0.64
2014,279,25.39,27.82,13.08,54.77,0.0,2.31,0.63
2014,280,21.65,19.8,9.57,78.53,0.65,2.15,0.63
2014,281,16.49,13.77,4.94,79.85,1.3,2.98,0.63
2014,282,22.8,14.59,3.51,76.7,0.31,1.79,0.62
2014,283,26.93,21.12,3.7,76.92,0.14,2.52,0.62
2014,284,26.0,23.0,6.37,75.4,0.5,1.85,0.61
2014,285,24.13,21.47,9.44,78.95,1.28,2.11,0.61
2014,286,25.28,23.72,10.08,73.88,0.13,3.43,0.6
2014,287,27.36,24.26,9.72,68.88,0.12,2.39,0.6
2014,288,22.3,19.61,9.89,82.44,1.69,1.96,0.59
2014,289,18.54,16.76,5.73,81.3,5.94,3.33,0.6
2014,290,28.81,21.39,3.76,67.28,0.09,2.44,0.6
2014,291,28.24,25.62,6.13,56.42,0.0,1.63,0.59
2014,292,28.62,26.04,7.51,65.38,0.0,2.24,0.58
2014,293,26.62,26.85,10.34,72.29,0.01,1.95,0.57
2014,294,27.19,27.52,9.85,70.54,0.0,1.39,0.57
2014,295,26.77,28.51,10.8,68.49,0.0,1.37,0.56
2014,296,23.39,24.7,11.82,78.27,0.04,2.49,0.55
2014,297,28.92,25.74,11.58,70.65,0.05,3.59,0.55
2014,298,28.24,26.05,11.34,70.39,0.07,4.49,0.54
2014,299,29.23,28.53,9.9,64.88,0.0,2.03,0.54
2014,300,16.08,27.76,11.93,62.04,0.1,2.14,0.53
2014,301,25.8,28.61,10.37,70.11,0.48,1.43,0.53
2014,302,25.72,23.42,12.57,77.62,0.34,3.44,0.52
2014,303,17.25,17.86,7.04,73.65,1.34,3.46,0.52
2014,304,28.7,23.12,5.02,64.43,0.01,3.85,0.52
2014,305,28.3,26.24,7.76,66.63,0.08,2.49,0.51
2014,306,29.06,28.78,10.04,66.68,0.41,1.18,0.51
2014,307,6.69,21.28,11.3,84.69,13.45,2.31,0.52
2014,308,14.9,19.37,10.22,83.97,8.23,3.01,0.54
2014,309,29.56,24.32,10.28,72.43,0.17,1.23,0.54
2014,310,31.27,30.02,8.84,62.38,0.05,2.07,0.53
2014,311,31.44,31.48,10.22,51.28,0.0,2.16,0.52
2014,312,25.46,26.41,13.46,48.02,0.0,2.45,0.51
2014,313,27.37,26.56,9.85,64.04,0.21,2.07,0.5
2014,314,21.7,24.6,11.94,74.26,0.95,3.92,0.5
2014,315,29.95,26.17,10.34,63.28,0.17,2.2,0.49
2014,316,22.98,19.13,9.93,77.76,11.01,4.59,0.5
2014,317,27.84,19.43,8.33,73.68,3.38,2.92,0.51
2014,318,29.27,19.11,5.53,74.4,3.82,4.79,0.51
2014,319,24.87,15.67,5.65,69.06,1.3,3.36,0.51
2014,320,31.09,19.55,5.82,66.13,0.27,3.13,0.51
2014,321,32.72,24.55,7.24,62.09,0.03,3.43,0.5
2014,322,33.01,28.11,6.49,61.05,0.15,3.06,0.49
2014,323,32.22,27.9,9.7,61.9,0.4,3.61,0.49
2014,324,31.76,23.92,8.86,64.31,1.25,2.88,0.48
2014,325,32.94,28.83,7.07,57.5,0.0,2.45,0.48
2014,326,31.35,32.22,10.05,52.7,0.0,2.31,0.47
2014,327,25.19,26.46,12.74,68.99,2.44,2.05,0.47
2014,328,29.62,28.0,12.73,65.38,0.87,2.01,0.47
2014,329,32.29,31.25,11.81,57.17,0.27,2.37,0.46
2014,330,24.99,22.84,12.73,67.64,0.92,4.96,0.46
2014,331,21.48,20.24,11.43,76.54,3.55,4.0,0.46
2014,332,29.29,23.85,11.05,66.04,0.36,1.65,0.46
2014,333,29.63,26.56,10.8,58.7,0.01,1.59,0.46
2014,334,33.6,31.98,12.02,50.91,0.0,2.14,0.46
2014,335,33.7,29.65,11.31,63.69,0.55,3.38,0.45
2014,336,25.19,23.37,12.17,72.66,2.95,5.21,0.45
2014,337,24.4,27.76,12.2,68.56,1.16,3.17,0.45
2014,338,27.21,28.39,11.81,66.02,0.49,3.05,0.45
2014,339,31.79,30.47,12.66,59.45,0.17,3.2,0.45
2014,340,33.54,34.45,12.44,48.09,0.0,2.54,0.44
2014,341,27.94,34.73,14.58,46.05,0.0,2.16,0.44
2014,342,26.43,33.25,16.59,56.15,0.09,1.78,0.43
2014,343,28.87,26.75,14.32,65.46,0.12,3.57,0.43
2014,344,33.49,29.98,13.3,58.39,0.09,2.93,0.43
2014,345,32.76,31.01,11.72,57.03,0.01,2.41,0.43
2014,346,31.24,24.78,10.46,59.91,0.03,3.26,0.42
2014,347,33.84,31.29,9.11,48.64,0.0,2.71,0.42
2014,348,33.49,26.89,10.81,60.26,0.02,3.26,0.42
2014,349,31.65,26.63,11.1,57.84,0.07,3.67,0.42
2014,350,34.21,29.85,10.29,52.25,0.0,3.15,0.42
2014,351,34.96,35.91,10.02,42.67,0.0,1.95,0.41
2014,352,34.32,30.22,11.57,56.97,0.01,2.71,0.41
2014,353,33.93,25.74,11.75,54.81,0.01,2.79,0.41
2014,354,33.83,25.15,10.56,54.39,0.0,2.47,0.41
2014,355,33.23,24.12,10.43,58.66,0.01,2.66,0.41
2014,356,34.15,29.69,12.51,55.8,0.08,2.02,0.4
2014,357,31.54,25.41,11.77,65.73,0.13,2.64,0.4
2014,358,33.94,29.42,11.72,61.53,0.05,2.73,0.4
2014,359,26.01,23.81,12.9,71.02,1.19,4.73,0.4
2014,360,33.04,28.78,11.68,55.87,0.09,2.66,0.4
2014,361,25.8,28.01,10.0,62.09,0.93,2.88,0.4
2014,362,29.22,30.33,13.05,62.97,0.41,2.67,0.4
2014,363,32.37,33.05,13.19,57.79,0.15,2.89,0.4
2014,364,28.93,31.38,15.05,63.31,0.94,3.32,0.39
2014,365,29.54,31.88,15.43,57.17,0.43,1.8,0.39
2015,1,33.26,30.67,15.84,52.92,0.02,2.88,0.39
2015,2,32.87,30.28,14.23,52.27,0.01,2.48,0.39
2015,3,30.42,26.1,12.24,65.28,0.04,3.22,0.39
2015,4,28.96,26.84,14.12,61.44,0.03,3.59,0.39
2015,5,25.87,26.19,13.46,71.94,0.12,3.84,0.39
2015,6,33.98,32.79,14.86,48.77,0.04,2.61,0.39
2015,7,33.78,36.72,13.77,38.82,0.0,2.59,0.38
2015,8,27.06,30.4,14.14,55.31,0.02,3.28,0.38
2015,9,34.26,33.85,12.08,51.16,0.03,2.77,0.38
2015,10,33.63,31.86,13.73,55.04,0.02,3.4,0.38
2015,11,33.45,34.71,14.0,50.78,0.28,2.2,0.38
2015,12,33.65,32.19,15.13,52.12,0.05,2.65,0.38
2015,13,32.68,31.66,13.0,59.17,1.56,3.36,0.38
2015,14,31.64,36.22,15.74,50.17,0.12,2.0,0.38
2015,15,32.74,28.99,14.23,56.54,0.66,5.13,0.38
2015,16,26.62,21.34,9.83,58.35,0.62,4.68,0.38
2015,17,33.56,29.33,7.69,43.64,0.0,2.02,0.38
2015,18,32.84,27.91,9.72,55.34,0.01,3.28,0.38
2015,19,33.65,30.68,11.5,50.73,0.01,4.48,0.37
2015,20,33.88,36.36,11.06,42.01,0.0,2.93,0.37
2015,21,32.86,35.8,12.1,48.51,0.0,2.5,0.37
2015,22,32.47,36.45,13.81,47.93,0.0,2.64,0.37
2015,23,33.14,38.48,15.06,49.57,0.01,2.66,0.37
2015,24,26.29,33.69,16.49,50.73,0.01,3.83,0.37
2015,25,31.95,32.33,15.04,46.12,0.0,2.91,0.37
2015,26,15.1,28.85,15.3,53.79,0.86,2.44,0.37
2015,27,28.01,31.15,14.26,59.33,0.36,3.71,0.37
2015,28,30.19,34.13,13.71,51.34,0.03,2.41,0.37
2015,29,31.93,36.44,15.3,38.91,0.0,2.61,0.37
2015,30,29.95,31.3,13.76,48.34,0.02,3.93,0.37
2015,31,20.14,24.45,11.69,60.89,0.66,3.38,0.37
2015,32,31.92,28.05,10.51,49.33,0.01,3.86,0.37
2015,33,32.19,32.15,10.01,42.11,0.0,2.33,0.37
2015,34,31.42,32.24,12.61,45.34,0.09,2.43,0.37
2015,35,19.64,25.71,12.45,63.57,0.8,2.7,0.37
2015,36,21.54,26.73,13.6,60.05,0.14,2.48,0.37
2015,37,27.68,29.66,12.52,56.44,0.03,2.2,0.37
2015,38,30.88,33.66,13.41,47.44,0.0,2.33,0.37
2015,39,31.42,32.21,12.86,44.22,0.0,3.15,0.37
2015,40,30.5,30.92,10.72,57.32,0.02,2.85,0.37
2015,41,26.1,22.8,11.16,61.46,0.98,3.91,0.37
2015,42,30.5,31.27,8.85,52.55,0.15,2.23,0.37
2015,43,29.67,30.04,12.49,54.4,0.09,2.53,0.37
2015,44,18.82,24.44,13.69,64.32,0.94,2.68,0.37
2015,45,27.93,25.96,11.3,63.25,2.05,3.16,0.37
2015,46,29.54,25.67,11.22,59.34,0.28,3.93,0.37
2015,47,29.58,31.57,10.24,46.64,0.01,2.6,0.37
2015,48,29.95,35.5,11.98,30.19,0.0,2.31,0.37
2015,49,28.91,27.94,13.54,43.92,0.02,3.65,0.37
2015,50,27.44,27.06,12.33,57.43,0.35,3.12,0.37
2015,51,29.48,28.82,9.45,56.89,0.24,3.08,0.37
2015,52,25.67,21.4,8.61,56.63,1.26,3.7,0.37
2015,53,29.71,31.01,6.03,43.91,0.0,2.19,0.37
2015,54,28.96,35.74,10.34,44.93,0.04,2.57,0.37
2015,55,26.76,32.43,14.65,63.43,0.43,3.04,0.37
2015,56,22.62,31.73,15.28,63.32,0.15,2.41,0.37
2015,57,25.82,29.28,14.39,61.75,0.09,2.8,0.37
2015,58,27.96,31.57,13.69,52.19,0.04,2.76,0.37
2015,59,27.7,34.6,12.04,56.23,0.02,2.62,0.37
2015,60,24.94,30.22,14.87,58.56,0.07,4.61,0.37
2015,61,27.13,35.34,15.31,38.13,0.01,3.86,0.37
2015,62,26.99,39.82,17.84,19.32,0.0,2.17,0.37
2015,63,18.79,29.67,14.63,56.25,0.19,3.93,0.37
2015,64,27.16,29.12,12.23,49.39,0.21,2.88,0.37
2015,65,26.84,31.86,11.11,47.5,0.02,2.24,0.37
2015,66,26.82,29.19,12.86,57.59,0.0,2.56,0.37
2015,67,26.88,30.96,12.19,54.07,0.0,2.52,0.37
2015,68,26.92,35.06,11.53,47.39,0.0,2.35,0.37
2015,69,25.7,28.93,13.9,57.58,0.01,2.97,0.37
2015,70,24.22,33.66,11.83,54.91,0.0,1.94,0.37
2015,71,24.98,29.56,14.32,62.5,0.75,2.65,0.37
2015,72,21.84,28.34,14.51,66.21,0.56,3.09,0.37
2015,73,23.13,34.72,15.3,51.36,0.01,2.06,0.37
2015,74,22.41,28.43,12.47,60.39,0.14,2.27,0.37
2015,75,21.54,24.54,11.67,69.39,1.89,3.29,0.37
2015,76,21.49,29.52,12.51,58.65,0.24,2.86,0.37
2015,77,22.69,28.8,13.31,53.0,0.04,2.66,0.37
2015,78,20.81,28.47,12.06,53.86,0.23,1.14,0.37
2015,79,23.06,28.05,12.68,43.86,0.0,3.49,0.37
2015,80,19.58,28.64,13.6,57.69,1.44,3.09,0.37
2015,81,21.14,29.34,13.24,59.01,0.16,1.75,0.37
2015,82,14.51,28.1,13.59,69.07,5.58,2.51,0.37
2015,83,20.69,28.02,14.58,69.1,0.83,1.95,0.38
2015,84,19.54,31.03,13.53,68.69,23.49,1.87,0.39
2015,85,15.05,25.07,14.04,71.8,1.32,1.99,0.43
2015,86,18.48,25.59,12.92,71.05,0.59,2.63,0.42
2015,87,22.67,30.04,10.87,58.34,0.01,1.96,0.41
2015,88,22.25,30.51,13.13,57.73,0.02,1.89,0.41
2015,89,21.71,30.31,11.58,58.19,0.02,1.26,0.4
2015,90,21.25,33.02,16.42,44.26,0.0,2.34,0.4
2015,91,21.14,27.67,14.24,58.65,0.21,1.81,0.4
2015,92,21.26,26.74,11.32,69.43,0.31,2.29,0.4
2015,93,19.92,24.26,9.91,68.29,0.56,2.83,0.4
2015,94,18.11,18.82,9.97,79.97,3.25,3.33,0.4
2015,95,15.58,20.47,9.84,68.95,1.15,3.79,0.4
2015,96,18.9,25.76,10.89,61.79,0.0,1.52,0.4
2015,97,20.47,27.96,10.21,61.73,0.02,1.79,0.4
2015,98,20.41,30.27,10.91,53.28,0.02,1.54,0.4
2015,99,19.69,32.95,12.54,38.94,0.0,1.43,0.39
2015,100,15.46,30.33,17.11,42.73,0.02,1.98,0.39
2015,101,19.55,28.17,14.22,55.41,0.04,1.8,0.39
2015,102,19.4,30.55,13.96,39.19,0.0,1.9,0.39
2015,103,19.0,28.62,13.63,47.42,0.69,2.67,0.39
2015,104,14.81,17.77,8.53,67.36,0.99,2.64,0.39
2015,105,12.85,15.43,7.48,73.27,4.24,2.24,0.39
2015,106,14.54,14.5,3.41,76.27,1.13,3.7,0.4
2015,107,16.48,20.74,6.47,68.12,0.03,2.67,0.4
2015,108,18.5,23.37,7.16,60.9,0.01,1.63,0.4
2015,109,18.66,24.34,8.04,42.02,0.0,1.65,0.39
2015,110,18.0,21.02,8.86,54.82,0.31,2.02,0.39
2015,111,16.87,24.0,9.13,63.35,0.06,1.72,0.39
2015,112,17.51,21.98,9.39,65.25,0.0,2.09,0.39
2015,113,16.86,24.0,8.57,64.5,0.0,2.09,0.39
2015,114,17.61,28.42,8.34,46.28,0.0,1.61,0.39
2015,115,11.95,21.26,11.01,56.98,0.0,1.97,0.39
2015,116,16.39,22.31,10.22,73.39,0.39,1.52,0.39
2015,117,16.68,26.67,9.13,57.39,0.1,1.28,0.39
2015,118,14.75,23.24,11.44,51.06,0.08,2.18,0.39
2015,119,10.7,16.67,7.67,81.55,1.2,2.61,0.39
2015,120,14.74,18.63,7.24,77.79,0.07,1.21,0.39
2015,121,12.14,18.78,6.74,66.2,0.03,1.21,0.39
2015,122,14.58,21.57,8.85,74.33,0.07,1.15,0.39
2015,123,15.1,23.48,9.42,72.91,0.04,1.46,0.39
2015,124,15.12,25.71,10.5,71.76,0.04,1.23,0.39
2015,125,9.81,18.4,6.93,82.33,0.75,2.33,0.39
2015,126,15.72,17.51,4.79,72.04,0.01,2.27,0.39
2015,127,14.68,26.36,5.06,52.5,0.01,1.69,0.38
2015,128,12.67,28.07,12.82,31.42,0.02,1.94,0.38
2015,129,12.88,20.21,9.92,67.33,0.26,1.37,0.38
2015,130,14.13,23.32,9.63,75.65,0.36,1.44,0.38
2015,131,13.95,23.35,8.99,71.54,0.14,1.86,0.38
2015,132,14.61,25.81,7.49,56.28,0.0,1.42,0.38
2015,133,11.96,19.56,8.84,63.94,1.6,2.45,0.38
2015,134,9.07,15.73,8.14,77.75,3.5,1.24,0.39
2015,135,8.46,14.09,5.23,79.28,0.42,2.58,0.39
2015,136,11.71,17.68,7.91,79.09,0.23,1.54,0.39
2015,137,12.04,24.25,5.4,56.9,0.0,1.46,0.39
2015,138,12.77,22.54,9.78,51.9,0.01,3.46,0.39
2015,139,10.37,16.9,8.17,84.97,0.18,2.11,0.39
2015,140,12.01,22.06,6.04,72.0,0.02,1.79,0.39
2015,141,11.33,18.2,5.12,78.81,0.05,1.85,0.39
2015,142,11.58,26.87,8.73,46.31,0.0,2.4,0.39
2015,143,5.35,17.01,9.18,58.26,0.01,1.92,0.38
2015,144,12.21,20.91,8.15,70.36,0.02,2.18,0.38
2015,145,11.58,16.82,8.48,79.57,0.07,2.87,0.38
2015,146,7.85,15.42,7.48,89.49,0.8,3.14,0.38
2015,147,11.5,18.94,7.99,80.26,0.25,1.72,0.38
2015,148,7.49,16.83,7.21,87.7,1.13,2.94,0.39
2015,149,8.99,16.42,5.99,85.49,2.54,4.16,0.39
2015,150,6.06,13.55,7.17,88.07,5.46,3.12,0.4
2015,151,4.74,10.21,5.29,89.68,9.62,2.26,0.41
2015,152,4.26,8.93,4.44,90.54,18.27,5.26,0.43
2015,153,1.64,18.53,7.53,88.44,23.51,3.3,0.48
2015,154,5.79,10.52,7.1,93.52,34.54,4.44,0.51
2015,155,10.39,11.82,2.49,85.04,2.99,2.43,0.54
2015,156,11.54,14.26,1.09,71.82,0.05,1.35,0.52
2015,157,12.13,15.0,3.59,61.16,0.0,0.95,0.51
2015,158,12.2,17.51,2.43,53.36,0.0,1.04,0.5
2015,159,12.53,19.25,4.26,50.13,0.0,1.41,0.49
2015,160,11.96,21.99,4.17,50.37,0.57,1.62,0.49
2015,161,3.52,14.61,7.15,79.68,1.06,1.21,0.49
2015,162,11.55,18.09,7.81,72.13,0.1,0.86,0.49
2015,163,11.25,19.94,6.16,69.61,0.01,1.39,0.49
2015,164,10.61,18.19,6.44,67.23,0.0,2.09,0.49
2015,165,11.41,16.22,4.85,71.15,0.03,2.56,0.48
2015,166,5.3,10.98,4.77,93.87,4.65,2.8,0.49
2015,167,6.03,10.0,6.94,94.34,19.62,4.37,0.51
2015,168,10.1,12.14,4.55,81.68,4.65,1.29,0.53
2015,169,11.86,16.01,2.75,68.51,0.02,1.46,0.53
2015,170,12.06,17.66,3.16,65.92,0.23,1.24,0.52
2015,171,12.01,20.58,4.85,49.15,0.01,1.48,0.52
2015,172,11.88,20.8,6.4,52.23,0.03,1.31,0.51
2015,173,11.57,18.37,5.2,70.94,0.16,2.46,0.51
2015,174,11.52,14.33,5.88,81.22,5.27,3.83,0.51
2015,175,6.05,8.81,5.24,93.74,21.29,3.99,0.54
2015,176,9.14,10.04,3.71,90.23,1.15,1.21,0.55
2015,177,12.2,13.63,2.83,85.06,0.06,1.84,0.54
2015,178,11.29,13.82,3.7,80.43,0.11,1.82,0.54
2015,179,10.02,12.07,4.22,88.92,0.19,2.16,0.54
2015,180,10.49,13.43,4.0,90.2,1.07,0.93,0.53
2015,181,12.09,15.46,4.95,82.6,0.26,1.29,0.53
2015,182,12.06,17.07,3.04,78.94,0.19,1.37,0.53
2015,183,11.45,19.28,2.2,72.19,0.05,1.18,0.53
2015,184,11.75,18.49,4.85,65.4,0.09,1.05,0.53
2015,185,11.28,17.57,4.48,72.99,0.09,1.28,0.53
2015,186,11.56,14.34,5.54,85.53,0.2,1.2,0.52
2015,187,11.92,18.85,4.02,79.24,0.04,2.41,0.52
2015,188,6.94,18.47,8.87,69.66,0.2,2.77,0.52
2015,189,8.7,14.33,6.08,87.41,0.46,1.65,0.52
2015,190,9.44,16.34,6.64,89.74,0.36,1.48,0.52
2015,191,11.66,21.02,6.54,70.89,0.14,1.94,0.52
2015,192,5.83,13.15,6.43,81.26,11.69,3.14,0.52
2015,193,9.0,7.63,2.23,85.11,6.34,2.54,0.55
2015,194,11.89,8.95,1.3,86.87,1.1,1.21,0.55
2015,195,6.97,9.86,1.28,75.24,0.02,1.48,0.54
2015,196,12.93,11.28,1.03,70.28,0.05,1.71,0.54
2015,197,8.16,9.34,2.06,89.82,1.3,2.21,0.54
2015,198,3.53,8.92,5.84,92.35,19.84,5.91,0.55
2015,199,10.17,13.81,4.53,86.73,4.58,1.21,0.58
2015,200,11.87,12.07,4.29,87.88,0.27,1.67,0.57
2015,201,6.58,8.89,3.94,93.44,3.93,2.59,0.57
2015,202,9.41,10.99,2.22,85.71,2.01,5.06,0.57
2015,203,6.08,14.58,6.6,86.56,2.07,3.19,0.57
2015,204,7.71,8.78,4.69,93.89,12.65,2.08,0.58
2015,205,9.16,10.96,3.78,87.02,9.81,1.93,0.59
2015,206,11.01,11.18,1.79,88.68,3.34,1.67,0.6
2015,207,14.07,14.92,0.37,75.88,0.04,1.34,0.59
2015,208,13.54,15.44,2.64,74.15,0.52,1.15,0.59
2015,209,14.09,14.23,1.42,83.92,1.19,1.33,0.59
2015,210,8.67,8.99,4.6,90.79,8.12,4.6,0.59
2015,211,6.5,8.38,1.15,92.01,14.28,4.25,0.61
2015,212,13.36,9.8,0.24,85.62,0.17,1.37,0.61
2015,213,14.53,17.61,1.14,62.87,0.0,1.21,0.61
2015,214,13.91,20.64,2.19,54.49,0.0,1.97,0.6
2015,215,14.41,15.55,5.53,68.78,0.37,4.37,0.6
2015,216,9.86,10.92,6.9,92.27,7.42,5.49,0.6
2015,217,15.03,16.53,3.52,72.51,0.37,1.38,0.6
2015,218,15.37,22.32,4.56,53.3,0.0,1.86,0.6
2015,219,15.31,21.28,5.7,57.56,0.01,1.83,0.59
2015,220,14.18,17.52,7.34,62.88,0.94,1.38,0.59
2015,221,14.9,11.8,2.31,84.11,0.29,1.8,0.59
2015,222,16.11,13.95,2.2,83.56,0.06,1.87,0.59
2015,223,13.57,16.79,0.51,66.93,0.0,1.31,0.59
2015,224,7.27,13.9,2.84,63.58,0.09,1.29,0.58
2015,225,8.18,10.68,2.84,94.5,5.77,4.86,0.59
2015,226,14.44,17.2,6.46,81.51,0.48,1.63,0.59
2015,227,11.56,14.31,3.72,86.42,0.62,3.19,0.59
2015,228,11.42,14.18,6.66,91.85,1.07,1.83,0.59
2015,229,14.4,18.47,6.06,88.11,0.61,1.42,0.59
2015,230,12.28,14.57,5.91,91.91,2.05,2.02,0.59
2015,231,14.08,16.26,4.2,87.45,0.08,2.19,0.59
2015,232,15.89,19.28,7.02,84.28,0.04,1.44,0.58
2015,233,17.31,20.9,5.34,78.53,0.01,1.22,0.58
2015,234,16.54,23.92,5.13,69.55,0.66,1.44,0.57
2015,235,7.63,20.2,10.97,82.44,0.1,1.43,0.57
2015,236,14.35,17.75,7.35,86.63,0.23,2.02,0.57
2015,237,14.67,16.49,6.67,87.5,0.64,1.91,0.57
2015,238,17.43,21.81,7.15,80.38,0.18,1.15,0.57
2015,239,11.15,21.2,9.62,86.72,1.26,1.53,0.56
2015,240,12.91,17.18,8.74,87.05,0.68,2.24,0.56
2015,241,14.89,14.52,7.52,88.99,1.77,1.91,0.56
2015,242,3.56,13.37,7.95,94.67,12.1,1.63,0.57
2015,243,7.56,10.85,6.98,94.68,21.02,2.33,0.61
2015,244,15.81,13.19,2.92,84.98,1.94,2.12,0.61
2015,245,19.31,15.18,2.75,82.16,0.0,2.37,0.6
2015,246,19.85,19.19,2.21,74.56,0.0,2.22,0.6
2015,247,20.48,22.03,3.14,63.62,0.0,1.57,0.59
2015,248,19.84,23.74,7.43,58.23,0.0,1.72,0.58
2015,249,19.11,22.34,7.18,65.53,0.04,3.54,0.58
2015,250,8.83,14.1,5.93,89.05,4.18,3.34,0.58
2015,251,16.64,15.17,4.97,78.31,0.25,1.25,0.58
2015,252,18.97,16.72,4.51,78.1,0.01,1.74,0.58
2015,253,9.72,9.9,4.75,93.13,3.0,2.0,0.58
2015,254,17.78,19.22,5.73,82.52,0.15,2.68,0.58
2015,255,15.48,17.58,6.92,83.36,0.09,2.57,0.57
2015,256,17.61,25.75,9.26,75.79,0.33,2.45,0.57
2015,257,11.19,26.59,13.76,67.94,0.0,2.74,0.56
2015,258,16.42,17.98,9.87,85.62,1.54,2.9,0.56
2015,259,17.68,18.32,8.71,81.32,1.19,2.16,0.56
2015,260,16.12,14.27,6.3,83.92,2.97,3.46,0.56
2015,261,16.39,15.02,4.92,82.09,1.14,3.47,0.56
2015,262,23.52,20.15,3.7,71.62,0.06,2.64,0.56
2015,263,9.9,24.28,7.81,62.61,0.01,2.3,0.55
2015,264,15.0,15.2,5.41,84.86,0.6,2.45,0.55
2015,265,22.05,19.65,6.84,73.82,0.36,1.79,0.55
2015,266,22.17,20.04,7.57,63.05,0.0,1.75,0.54
2015,267,23.11,22.25,7.63,69.09,0.0,2.3,0.54
2015,268,22.53,22.24,8.78,71.74,0.56,1.85,0.53
2015,269,16.65,16.97,10.11,87.94,1.88,2.24,0.53
2015,270,16.15,13.48,6.83,88.78,6.27,2.43,0.54
2015,271,22.02,18.95,5.99,74.6,0.29,0.88,0.54
2015,272,18.68,14.47,6.18,82.33,4.89,2.05,0.54
2015,273,10.53,12.18,3.75,86.51,10.28,2.77,0.56
2015,274,23.25,17.04,2.06,68.4,0.03,1.36,0.56
2015,275,21.96,17.65,6.47,60.17,0.0,2.07,0.55
2015,276,20.58,20.27,8.06,80.96,0.0,2.42,0.54
2015,277,23.77,23.5,8.21,79.69,0.01,3.16,0.54
2015,278,25.15,20.52,8.52,69.87,0.04,2.48,0.53
2015,279,23.51,24.31,7.08,59.1,0.0,1.88,0.53
2015,280,26.1,25.74,9.41,46.37,0.0,1.82,0.52
2015,281,22.27,24.81,10.9,63.39,0.5,1.64,0.52
2015,282,25.28,28.33,9.3,66.61,0.14,1.69,0.51
2015,283,23.93,16.09,6.15,77.4,1.78,3.6,0.51
2015,284,27.42,23.47,4.07,67.1,0.01,1.37,0.51
2015,285,27.42,21.72,7.26,66.83,0.06,1.66,0.51
2015,286,17.41,17.33,7.66,81.45,0.89,2.63,0.5
2015,287,17.6,17.8,9.15,84.47,6.84,2.05,0.51
2015,288,20.71,17.6,7.62,73.94,0.89,2.05,0.51
2015,289,27.67,22.95,6.11,60.36,0.01,0.99,0.51
2015,290,27.29,27.61,10.23,53.92,0.0,2.16,0.5
2015,291,26.61,28.09,8.02,67.13,0.06,2.9,0.5
2015,292,23.31,29.65,11.96,71.62,0.17,1.48,0.49
2015,293,26.72,29.8,13.76,71.09,0.25,1.89,0.49
2015,294,24.69,23.55,10.94,74.89,1.72,3.27,0.48
2015,295,28.67,28.05,10.21,63.96,0.19,3.19,0.48
2015,296,20.08,31.31,9.68,59.99,0.0,2.34,0.48
2015,297,27.81,31.73,12.0,51.68,0.0,3.46,0.47
2015,298,26.54,24.5,9.97,69.47,0.02,3.14,0.47
2015,299,28.08,28.6,10.35,61.96,0.0,3.61,0.47
2015,300,29.45,36.6,12.33,47.42,0.0,2.02,0.46
2015,301,28.37,34.88,15.5,45.16,0.03,2.04,0.46
2015,302,27.15,30.56,12.28,66.71,0.24,2.75,0.45
2015,303,26.12,25.99,13.31,72.41,1.38,3.06,0.45
2015,304,18.79,21.98,11.61,70.87,1.47,2.39,0.45
2015,305,14.94,14.35,6.5,81.92,8.25,3.47,0.47
2015,306,26.6,17.91,5.61,68.43,0.34,3.14,0.47
2015,307,31.09,24.49,4.34,56.24,0.0,2.99,0.46
2015,308,28.21,29.47,9.66,38.7,0.0,2.09,0.46
2015,309,18.81,30.56,13.94,34.21,0.0,2.57,0.45
2015,310,25.57,24.57,10.34,53.45,0.03,3.26,0.45
2015,311,27.95,24.76,9.72,64.46,0.12,2.07,0.45
2015,312,29.99,24.73,9.95,61.63,0.01,2.53,0.44
2015,313,29.98,24.28,9.92,63.74,0.15,2.22,0.44
2015,314,28.52,23.12,8.29,58.26,0.05,2.57,0.44
2015,315,20.48,18.61,9.38,64.35,0.11,2.34,0.44
2015,316,32.03,24.23,9.58,59.97,0.3,2.22,0.44
2015,317,27.09,19.98,9.03,66.47,0.23,3.21,0.44
2015,318,30.62,20.45,8.14,64.22,0.19,2.41,0.43
2015,319,29.59,21.52,8.16,61.51,0.22,2.61,0.43
2015,320,32.92,29.35,6.92,52.71,0.01,2.21,0.43
2015,321,30.67,24.68,8.54,62.55,0.35,3.01,0.43
2015,322,32.81,29.43,7.2,46.87,0.0,2.3,0.43
2015,323,32.87,29.78,10.46,43.31,0.28,4.03,0.42
2015,324,20.0,17.65,7.41,70.52,6.53,4.04,0.43
2015,325,22.14,16.5,5.95,69.31,4.89,2.56,0.44
2015,326,32.58,23.8,4.86,60.87,0.02,1.77,0.44
2015,327,32.61,31.45,8.44,55.66,0.02,2.28,0.43
2015,328,33.15,35.18,12.24,51.6,0.02,2.73,0.43
2015,329,31.96,28.51,11.54,59.68,0.28,2.87,0.42
2015,330,26.36,18.7,10.17,73.87,2.82,3.94,0.43
2015,331,34.02,28.43,7.96,48.12,0.01,3.45,0.42
2015,332,32.74,32.48,9.14,41.41,0.0,2.13,0.42
2015,333,32.27,33.32,12.29,42.68,0.0,2.15,0.42
2015,334,33.21,37.43,14.59,37.88,0.0,2.17,0.41
2015,335,30.53,30.39,15.64,41.59,0.0,2.64,0.41
2015,336,28.26,29.63,14.66,60.55,0.01,1.51,0.41
2015,337,33.11,31.57,13.52,52.19,0.0,2.22,0.41
2015,338,29.8,32.21,15.65,54.28,0.0,2.02,0.4
2015,339,31.29,34.17,15.38,55.81,0.0,1.84,0.4
2015,340,32.71,32.6,16.34,52.11,0.0,2.36,0.4
2015,341,28.06,32.42,14.69,56.68,0.25,2.59,0.4
2015,342,29.88,30.37,15.92,60.39,1.57,2.81,0.4
2015,343,32.74,27.4,14.37,53.71,0.89,2.06,0.4
2015,344,32.91,30.77,13.43,45.95,0.01,2.21,0.4
2015,345,22.02,28.47,14.05,57.55,0.37,2.86,0.39
2015,346,19.72,24.24,11.26,64.51,2.35,3.75,0.4
2015,347,27.97,23.76,10.26,57.21,0.08,2.5,0.4
2015,348,34.43,28.64,10.8,52.52,0.21,2.39,0.39
2015,349,29.86,21.97,10.66,63.85,0.11,3.04,0.39
2015,350,29.19,26.29,11.56,61.99,0.93,2.38,0.39
2015,351,34.41,32.28,9.36,44.06,0.0,2.01,0.39
2015,352,34.83,32.61,12.97,36.04,0.0,2.33,0.39
2015,353,33.1,29.24,12.34,57.21,0.64,3.04,0.39
2015,354,33.64,30.25,12.19,53.76,0.32,3.09,0.39
2015,355,26.67,24.12,10.61,58.75,0.36,3.5,0.39
2015,356,34.14,30.69,8.69,47.27,0.0,2.03,0.38
2015,357,34.21,31.45,13.26,47.1,0.03,3.14,0.38
2015,358,30.16,23.45,10.23,58.81,1.41,3.69,0.38
2015,359,34.47,26.12,8.18,52.44,0.01,2.93,0.38
2015,360,34.38,32.1,9.59,50.41,0.01,2.93,0.38
2015,361,34.16,34.16,10.75,48.8,0.01,2.26,0.38
2015,362,33.2,33.43,14.79,53.9,0.06,2.78,0.38
2015,363,33.08,38.25,15.51,52.97,0.19,2.51,0.38
2015,364,30.43,40.22,21.16,34.12,0.0,2.66,0.38
2015,365,30.25,37.5,19.37,41.76,0.05,2.66,0.37
2016,1,33.61,35.04,18.15,48.05,0.0,2.66,0.37
2016,2,34.31,37.42,17.04,45.38,0.0,2.35,0.37
2016,3,34.07,38.88,17.3,37.62,0.0,2.48,0.37
2016,4,33.72,40.62,17.32,42.4,0.0,2.64,0.37
2016,5,32.43,37.45,18.6,43.41,0.0,2.72,0.37
2016,6,25.79,28.8,15.41,61.22,2.64,2.85,0.37
2016,7,26.38,20.29,12.52,69.14,4.03,4.89,0.38
2016,8,33.72,31.11,10.96,56.49,0.29,4.0,0.38
2016,9,33.34,33.96,12.7,51.46,0.04,4.17,0.38
2016,10,33.69,36.06,13.11,51.24,0.03,3.84,0.38
2016,11,32.9,37.2,15.35,53.21,0.01,3.72,0.37
2016,12,31.05,36.01,17.12,56.87,0.11,3.44,0.37
2016,13,29.27,35.13,17.63,61.03,0.87,3.59,0.37
2016,14,27.17,30.81,16.18,60.68,1.06,4.47,0.37
2016,15,30.04,32.58,15.6,54.06,0.3,5.25,0.37
2016,16,29.88,38.2,15.35,45.59,0.01,4.19,0.37
2016,17,28.81,36.18,19.36,40.89,0.21,2.25,0.37
2016,18,26.36,35.08,21.66,40.03,0.24,2.49,0.37
2016,19,30.16,37.55,19.1,46.96,0.11,3.03,0.37
2016,20,30.25,36.28,18.22,47.72,0.04,2.69,0.37
2016,21,27.6,34.76,18.62,55.29,0.22,3.07,0.37
2016,22,21.66,33.69,19.93,60.82,2.15,3.01,0.37
2016,23,26.81,33.22,17.97,59.33,1.81,2.49,0.37
2016,24,26.59,27.49,16.09,65.23,1.03,3.82,0.38
2016,25,15.57,24.6,15.44,76.86,13.12,2.15,0.39
2016,26,21.19,26.44,13.87,67.93,0.03,2.83,0.4
2016,27,26.39,25.51,12.18,66.93,0.1,3.45,0.39
2016,28,31.37,30.43,14.24,59.57,0.14,2.18,0.39
2016,29,31.31,36.32,13.81,52.21,0.02,2.29,0.38
2016,30,32.11,37.52,16.34,47.09,0.02,2.56,0.38
2016,31,32.03,38.62,17.12,44.06,0.03,2.24,0.38
2016,32,23.69,39.03,20.89,29.11,0.1,2.74,0.38
2016,33,28.06,33.73,17.44,54.96,1.18,2.72,0.38
2016,34,22.66,26.72,15.14,69.18,3.71,3.69,0.38
2016,35,30.67,32.08,13.96,54.71,0.33,2.58,0.38
2016,36,31.09,35.92,14.41,40.42,0.0,1.86,0.38
2016,37,30.59,32.92,15.6,40.5,0.03,3.37,0.38
2016,38,28.13,30.08,14.96,65.78,0.83,4.35,0.38
2016,39,30.92,34.85,15.14,52.76,0.16,3.11,0.38
2016,40,30.59,36.63,14.74,44.87,0.01,2.41,0.37
2016,41,30.82,37.04,17.79,30.67,0.0,2.32,0.37
2016,42,28.9,34.21,16.22,47.12,0.01,2.57,0.37
2016,43,28.74,32.78,15.49,59.3,0.06,2.32,0.37
2016,44,26.55,26.53,15.63,64.31,0.08,3.71,0.37
2016,45,24.45,24.4,13.38,57.92,0.05,3.73,0.37
2016,46,27.91,24.96,12.38,57.83,0.38,2.94,0.37
2016,47,27.99,29.61,13.48,60.04,0.5,4.71,0.37
2016,48,25.81,36.21,14.4,48.65,0.06,2.71,0.37
2016,49,27.21,29.89,12.9,54.95,0.33,1.73,0.37
2016,50,23.41,27.14,10.58,65.86,1.27,3.79,0.37
2016,51,24.01,25.86,9.29,66.39,0.13,2.92,0.37
2016,52,28.91,28.65,13.28,59.84,0.02,2.87,0.37
2016,53,29.17,31.55,12.12,52.28,0.0,2.4,0.37
2016,54,29.34,33.67,12.09,46.7,0.0,1.84,0.37
2016,55,25.18,32.77,14.74,42.06,0.0,2.52,0.37
2016,56,28.45,29.54,13.15,50.31,0.01,2.22,0.37
2016,57,20.63,24.19,11.94,65.18,0.41,3.45,0.37
2016,58,28.09,29.62,9.0,47.56,0.0,2.28,0.37
2016,59,28.09,35.43,10.96,37.3,0.0,1.82,0.37
2016,60,27.91,37.07,15.87,29.32,0.02,2.59,0.37
2016,61,27.12,31.75,14.64,41.89,0.02,2.1,0.37
2016,62,26.93,31.9,12.97,53.59,0.11,2.23,0.37
2016,63,26.25,33.73,15.71,57.56,0.05,2.08,0.37
2016,64,26.68,37.04,16.1,44.21,0.01,2.12,0.37
2016,65,10.65,31.86,19.99,41.39,0.37,2.56,0.37
2016,66,21.17,30.92,16.15,57.22,0.77,2.6,0.37
2016,67,17.74,23.35,12.32,69.93,2.53,3.37,0.37
2016,68,25.51,25.92,10.58,57.81,0.08,3.07,0.37
2016,69,26.37,30.79,10.43,54.36,0.05,2.39,0.37
2016,70,24.1,27.36,13.4,62.93,0.46,3.16,0.37
2016,71,23.88,31.52,14.67,58.81,0.27,3.32,0.37
2016,72,25.42,32.15,15.26,53.65,0.1,3.01,0.37
2016,73,22.03,25.63,12.09,62.48,0.71,3.29,0.37
2016,74,25.63,33.16,10.65,48.13,0.0,1.89,0.37
2016,75,21.74,30.41,14.38,55.27,0.07,2.7,0.37
2016,76,24.13,32.24,12.85,55.83,0.11,2.08,0.37
2016,77,21.65,28.08,14.45,61.38,0.7,2.1,0.37
2016,78,21.77,25.26,13.38,67.47,0.52,2.65,0.37
2016,79,20.17,24.05,11.0,63.54,1.7,2.47,0.37
2016,80,20.63,20.99,10.3,62.34,0.34,2.81,0.37
2016,81,20.93,22.09,10.67,66.19,1.5,2.51,0.38
2016,82,16.49,25.11,9.43,59.51,0.04,2.07,0.38
2016,83,22.92,25.37,10.65,60.09,0.53,2.07,0.37
2016,84,19.48,24.65,12.94,72.79,2.27,4.19,0.38
2016,85,19.5,28.48,12.71,65.2,1.9,2.86,0.38
2016,86,14.75,19.63,11.41,75.73,11.49,5.81,0.38
2016,87,13.19,15.63,8.51,75.54,2.83,5.61,0.41
2016,88,22.16,23.09,8.23,61.99,0.08,1.73,0.4
2016,89,19.91,21.32,8.58,63.21,0.71,4.9,0.4
2016,90,12.43,18.68,11.9,75.43,1.21,4.52,0.4
2016,91,18.17,20.9,9.34,68.66,0.42,1.76,0.4
2016,92,14.72,17.17,7.07,78.59,1.13,3.56,0.4
2016,93,15.92,18.43,8.37,75.3,0.77,2.33,0.4
2016,94,21.56,28.55,6.6,55.99,0.01,1.52,0.39
2016,95,20.64,26.19,11.36,54.46,0.48,2.52,0.39
2016,96,17.67,20.41,9.79,72.97,0.86,3.25,0.39
2016,97,21.1,24.13,9.51,59.09,3.36,3.84,0.4
2016,98,20.44,28.32,7.67,51.33,0.0,2.64,0.4
2016,99,20.11,30.72,12.31,45.64,0.0,1.12,0.39
2016,100,19.34,29.1,15.69,47.83,0.0,1.19,0.39
2016,101,19.37,31.85,15.7,46.81,0.01,1.86,0.39
2016,102,17.68,30.43,12.88,51.13,0.01,2.69,0.39
2016,103,16.5,26.09,10.53,57.14,0.44,1.04,0.39
2016,104,19.18,27.45,9.66,59.3,0.06,1.34,0.39
2016,105,19.17,28.81,11.59,43.88,0.13,1.55,0.38
2016,106,19.07,30.0,13.29,32.14,0.03,1.91,0.38
2016,107,11.4,28.05,13.95,40.01,0.21,1.71,0.38
2016,108,11.09,28.65,12.66,63.32,3.33,1.95,0.39
2016,109,17.36,30.45,12.58,52.17,0.14,1.87,0.39
2016,110,8.63,28.21,15.48,47.31,0.05,1.58,0.38
2016,111,12.76,26.9,12.79,62.16,2.46,3.74,0.38
2016,112,7.57,18.24,11.99,83.43,14.02,5.09,0.4
2016,113,7.79,17.67,10.15,84.18,18.17,6.9,0.43
2016,114,16.99,18.68,7.27,67.48,0.3,1.6,0.44
2016,115,17.19,21.91,7.89,66.99,0.05,2.7,0.44
2016,116,12.79,17.18,7.8,81.04,1.43,2.13,0.43
2016,117,17.15,20.55,4.78,58.6,0.05,1.19,0.43
2016,118,15.38,18.46,6.71,68.24,0.26,2.05,0.42
2016,119,15.37,21.46,7.33,82.3,1.42,3.92,0.42
2016,120,6.81,13.49,3.99,86.76,14.26,3.6,0.44
2016,121,15.49,16.27,2.9,67.49,0.06,1.83,0.45
2016,122,16.24,19.71,5.28,53.32,0.02,1.35,0.44
2016,123,14.85,20.52,8.06,75.59,0.27,1.12,0.44
2016,124,15.17,20.2,6.82,78.69,0.12,1.88,0.44
2016,125,15.91,25.24,6.84,60.7,0.05,1.72,0.43
2016,126,15.29,26.8,8.81,48.42,0.1,1.55,0.43
2016,127,9.49,19.32,9.77,83.09,9.49,5.52,0.44
2016,128,8.81,20.83,11.44,75.88,2.86,5.88,0.45
2016,129,10.35,25.54,10.58,65.97,0.39,2.8,0.45
2016,130,8.64,21.01,10.8,79.8,3.62,1.67,0.45
2016,131,13.07,20.78,9.79,77.69,0.91,0.85,0.45
2016,132,14.33,22.76,8.51,64.09,0.04,1.39,0.45
2016,133,11.92,20.56,9.57,62.91,0.07,1.95,0.44
2016,134,6.63,17.38,8.5,79.98,2.86,1.29,0.45
2016,135,12.84,19.72,7.01,73.84,0.0,1.43,0.45
2016,136,13.77,22.16,8.1,59.31,0.0,1.35,0.44
2016,137,12.29,24.09,9.68,56.44,0.0,1.36,0.44
2016,138,13.48,26.27,10.43,53.39,0.0,2.48,0.44
2016,139,11.0,16.81,8.65,73.35,2.37,4.64,0.44
2016,140,11.57,15.02,6.74,79.6,1.45,1.88,0.45
2016,141,13.71,20.77,6.21,61.72,0.02,1.92,0.44
2016,142,11.02,21.37,9.65,58.4,0.0,1.22,0.44
2016,143,10.93,20.75,8.79,57.37,0.01,1.73,0.44
2016,144,11.11,17.25,6.17,71.89,2.33,3.64,0.44
2016,145,8.07,14.29,6.98,86.68,1.3,1.85,0.45
2016,146,13.24,19.26,6.23,70.69,0.14,1.4,0.45
2016,147,13.0,22.82,6.38,49.02,0.0,1.33,0.44
2016,148,12.74,23.63,10.36,41.47,0.02,1.54,0.44
2016,149,12.74,23.92,8.76,45.5,0.01,1.89,0.44
2016,150,12.02,23.42,7.21,47.6,0.0,2.37,0.44
2016,151,11.03,18.88,6.27,57.23,0.0,1.84,0.44
2016,152,10.32,22.63,8.29,49.37,0.0,2.59,0.44
2016,153,10.41,16.78,5.92,73.27,0.73,2.53,0.44
2016,154,8.13,17.42,8.35,83.74,0.52,0.95,0.44
2016,155,9.11,13.29,3.87,85.54,1.16,1.66,0.44
2016,156,11.49,14.29,3.52,79.94,0.11,2.36,0.44
2016,157,12.67,17.68,3.9,70.56,0.78,2.26,0.44
2016,158,12.39,23.63,4.05,50.02,0.0,1.41,0.44
2016,159,11.06,24.09,9.01,50.12,0.0,1.9,0.44
2016,160,11.24,24.64,9.81,58.24,0.0,2.41,0.43
2016,161,9.31,20.05,9.95,69.45,2.48,3.59,0.43
2016,162,5.84,11.55,2.0,87.87,33.53,2.69,0.49
2016,163,11.46,11.12,-0.2,79.02,0.01,2.6,0.49
2016,164,8.27,12.34,2.8,62.82,0.0,1.59,0.49
2016,165,6.85,15.69,3.0,62.2,2.16,2.71,0.48
2016,166,4.01,11.05,8.06,93.46,21.76,3.17,0.5
2016,167,5.7,12.89,6.39,91.64,13.45,4.37,0.53
2016,168,8.24,10.18,3.26,89.88,2.15,1.84,0.54
2016,169,11.67,15.23,1.9,75.62,0.01,1.7,0.53
2016,170,10.63,13.78,3.24,82.49,0.08,2.36,0.52
2016,171,3.71,9.99,7.34,93.89,14.29,2.92,0.53
2016,172,6.45,8.56,4.88,94.32,5.33,1.99,0.54
2016,173,12.13,11.48,0.87,76.01,0.14,1.46,0.54
2016,174,11.7,15.72,0.25,59.78,0.0,1.39,0.54
2016,175,11.43,18.47,3.47,67.36,0.0,1.92,0.53
2016,176,8.71,14.29,5.73,71.3,0.26,1.18,0.53
2016,177,10.13,15.38,5.24,81.94,0.2,0.95,0.53
2016,178,9.11,15.6,4.51,69.11,0.29,3.78,0.53
2016,179,5.24,9.65,3.15,91.56,9.69,2.86,0.54
2016,180,12.12,11.28,2.43,81.72,0.05,0.99,0.54
2016,181,12.11,11.45,0.23,81.29,0.02,1.54,0.54
2016,182,12.26,12.51,1.17,74.06,1.38,3.83,0.54
2016,183,6.66,8.35,1.86,86.59,13.62,4.15,0.55
2016,184,12.39,10.73,-0.37,78.87,0.14,1.56,0.55
2016,185,12.53,14.63,-0.75,60.12,0.0,1.57,0.55
2016,186,11.84,19.72,2.38,66.75,0.02,2.28,0.55
2016,187,7.64,9.87,5.32,92.59,11.75,5.37,0.55
2016,188,11.62,9.28,0.53,76.77,1.81,1.96,0.57
2016,189,12.5,12.42,-2.32,70.29,0.0,1.57,0.56
2016,190,8.73,12.74,2.43,80.56,1.46,1.38,0.56
2016,191,11.58,18.8,5.31,82.08,0.41,1.56,0.56
2016,192,12.57,21.68,5.33,54.17,0.0,1.83,0.55
2016,193,8.31,20.99,6.24,61.35,0.42,1.96,0.55
2016,194,9.42,17.32,7.12,89.28,4.49,2.02,0.56
2016,195,10.61,20.52,6.43,65.9,0.0,2.01,0.55
2016,196,12.51,19.53,6.41,66.22,0.04,1.75,0.55
2016,197,4.81,10.26,3.7,92.33,2.92,1.85,0.55
2016,198,12.67,10.84,0.64,79.8,0.01,1.97,0.55
2016,199,12.78,18.92,1.57,65.38,0.0,1.47,0.55
2016,200,12.88,17.94,7.55,62.13,0.01,1.77,0.55
2016,201,8.99,14.87,6.88,88.42,0.84,3.18,0.55
2016,202,6.89,13.45,9.6,90.55,10.9,5.17,0.55
2016,203,6.41,13.68,7.22,90.76,14.21,1.96,0.58
2016,204,9.45,10.19,3.62,90.17,3.51,1.7,0.58
2016,205,10.22,8.74,2.65,87.23,3.56,1.19,0.58
2016,206,13.58,10.83,1.29,85.66,0.39,1.25,0.58
2016,207,7.74,10.11,1.8,90.28,4.88,3.29,0.58
2016,208,2.45,6.3,4.82,96.22,25.55,1.67,0.61
2016,209,11.68,13.25,4.5,85.86,0.2,1.13,0.62
2016,210,6.73,12.92,6.69,94.83,11.42,2.81,0.62
2016,211,10.22,15.64,8.25,91.25,3.44,1.18,0.63
2016,212,12.95,17.7,6.43,86.18,0.3,2.04,0.62
2016,213,11.81,17.0,4.75,85.8,0.19,1.52,0.61
2016,214,14.4,18.01,4.05,74.77,0.15,1.41,0.61
2016,215,13.64,18.33,4.33,74.16,2.03,3.2,0.61
2016,216,11.51,10.8,3.99,87.59,16.63,2.45,0.63
2016,217,15.17,14.94,2.11,74.39,0.04,1.62,0.63
2016,218,15.2,15.88,2.67,69.59,0.08,1.71,0.62
2016,219,14.5,15.75,6.53,89.82,1.05,0.96,0.62
2016,220,11.74,14.87,5.1,86.92,0.28,1.55,0.62
2016,221,16.18,18.3,3.22,66.42,0.14,1.41,0.61
2016,222,15.65,20.75,3.95,47.27,0.0,1.36,0.61
2016,223,15.99,24.64,6.42,48.57,0.0,1.76,0.6
2016,224,15.9,21.91,7.35,55.29,0.0,2.01,0.6
2016,225,7.14,13.24,6.3,82.81,2.0,1.68,0.6
2016,226,11.57,12.81,6.7,87.6,3.1,3.55,0.6
2016,227,9.5,10.91,6.25,89.45,5.54,3.65,0.61
2016,228,14.65,14.71,3.67,81.74,0.06,1.42,0.61
2016,229,16.88,20.39,3.63,76.22,0.09,2.11,0.6
2016,230,12.42,24.15,6.13,73.78,0.66,1.72,0.6
2016,231,12.83,19.37,10.26,90.33,2.06,1.21,0.6
2016,232,11.99,16.7,7.14,88.37,2.07,1.48,0.6
2016,233,16.45,18.23,6.88,81.46,1.78,1.24,0.6
2016,234,8.98,11.99,3.5,92.8,17.37,3.42,0.61
2016,235,11.37,10.15,3.27,91.56,6.02,2.14,0.63
2016,236,17.22,16.63,2.0,71.36,0.02,2.14,0.63
2016,237,17.62,22.73,6.18,42.38,0.0,1.61,0.62
2016,238,18.42,23.48,9.09,55.81,0.15,1.58,0.61
2016,239,18.11,26.71,7.69,59.56,0.06,1.99,0.61
2016,240,17.81,26.81,11.52,53.4,0.0,1.88,0.6
2016,241,15.21,24.21,11.15,58.85,0.0,1.7,0.6
2016,242,17.51,24.04,11.21,58.02,0.11,1.87,0.59
2016,243,16.58,25.78,10.42,55.86,0.0,1.76,0.59
2016,244,14.47,18.36,9.25,69.26,1.44,3.1,0.58
2016,245,9.8,14.73,8.56,86.2,4.88,1.77,0.59
2016,246,13.92,11.58,7.89,92.34,10.2,2.71,0.6
2016,247,17.53,18.0,7.24,83.37,1.14,3.33,0.6
2016,248,19.67,23.7,5.74,65.09,0.05,1.51,0.6
2016,249,6.72,14.41,8.71,85.09,6.21,3.39,0.6
2016,250,16.91,15.42,7.55,81.43,0.51,1.24,0.6
2016,251,19.08,16.72,6.27,80.13,0.2,1.15,0.59
2016,252,14.83,14.12,5.47,86.92,3.69,3.21,0.59
2016,253,17.89,13.32,5.26,81.53,1.09,1.6,0.6
2016,254,20.47,16.92,6.2,78.94,0.35,2.61,0.59
2016,255,21.39,21.17,5.02,76.86,0.11,2.07,0.59
2016,256,18.48,16.28,6.7,80.19,0.75,1.89,0.58
2016,257,21.64,19.09,7.07,79.16,0.56,1.81,0.58
2016,258,22.36,22.56,5.43,65.77,0.04,1.37,0.57
2016,259,16.68,18.34,7.62,74.81,0.31,2.8,0.57
2016,260,10.91,11.62,4.2,88.78,13.65,2.64,0.58
2016,261,19.57,12.85,2.75,80.35,1.42,2.58,0.59
2016,262,23.09,19.47,2.48,71.0,0.01,1.52,0.58
2016,263,22.39,23.25,6.17,59.54,0.03,1.84,0.58
2016,264,22.33,18.79,7.58,81.88,0.41,1.65,0.57
2016,265,23.02,19.83,6.83,74.79,0.37,1.75,0.57
2016,266,19.36,15.28,3.48,79.82,3.48,2.09,0.57
2016,267,23.81,16.49,2.34,71.51,0.03,1.54,0.57
2016,268,21.75,17.93,4.9,78.15,0.53,1.75,0.56
2016,269,23.58,25.66,7.02,63.92,0.12,1.34,0.56
2016,270,17.43,16.83,8.63,76.71,2.1,4.5,0.55
2016,271,13.17,12.75,3.92,84.56,7.21,3.49,0.56
2016,272,20.35,13.34,1.83,76.77,0.06,2.64,0.56
2016,273,23.34,15.94,1.86,78.44,0.02,1.74,0.56
2016,274,24.6,18.47,5.75,73.62,0.03,1.74,0.55
2016,275,24.8,17.99,5.93,78.68,0.29,1.98,0.55
2016,276,24.8,21.83,6.89,69.36,0.12,2.19,0.54
2016,277,25.8,26.38,5.44,48.07,0.0,1.41,0.54
2016,278,25.32,28.49,10.89,38.82,0.0,1.46,0.53
2016,279,22.73,24.07,10.59,57.34,0.25,1.74,0.53
2016,280,13.57,15.23,5.69,82.89,3.88,2.52,0.53
2016,281,25.95,17.06,3.9,68.85,0.17,2.13,0.53
2016,282,16.78,14.13,5.09,81.76,1.85,2.5,0.53
2016,283,25.92,18.79,4.93,65.19,0.15,0.77,0.53
2016,284,24.78,21.5,7.31,55.18,0.11,3.72,0.52
2016,285,18.08,13.95,2.98,79.8,2.86,3.88,0.52
2016,286,28.06,17.36,2.37,67.95,0.03,1.6,0.52
2016,287,27.77,22.64,3.34,64.86,0.0,2.4,0.52
2016,288,27.06,27.14,8.67,44.67,0.0,1.88,0.51
2016,289,18.6,20.0,10.63,56.36,0.25,2.05,0.51
2016,290,22.38,18.99,8.5,73.85,0.57,2.25,0.5
2016,291,28.05,21.99,8.99,71.73,0.39,2.23,0.5
2016,292,14.47,23.62,7.69,67.32,0.04,1.25,0.5
2016,293,25.22,26.74,9.04,66.87,0.09,1.54,0.49
2016,294,28.35,28.45,11.35,64.25,0.03,2.21,0.49
2016,295,24.6,21.61,11.69,73.64,0.33,2.71,0.49
2016,296,17.09,18.59,8.3,76.75,0.9,3.24,0.49
2016,297,28.81,24.31,7.9,66.92,0.07,2.29,0.48
2016,298,28.64,23.88,8.47,67.46,0.02,1.78,0.48
2016,299,28.76,28.35,9.39,59.04,0.01,1.53,0.48
2016,300,29.47,32.96,10.91,51.08,0.01,2.25,0.47
2016,301,28.65,27.38,11.6,66.81,0.11,2.61,0.47
2016,302,29.28,28.73,11.72,66.89,0.48,2.41,0.46
2016,303,28.11,23.8,7.53,67.22,0.64,2.56,0.46
2016,304,29.29,23.54,7.78,64.16,0.07,2.21,0.46
2016,305,30.42,26.41,7.29,62.02,0.1,2.19,0.46
2016,306,28.35,30.2,11.2,59.59,0.09,2.04,0.45
2016,307,22.04,33.11,13.83,48.61,0.0,1.85,0.45
2016,308,27.2,23.14,12.51,67.25,0.22,4.27,0.45
2016,309,20.45,19.56,8.34,67.18,0.13,3.79,0.45
2016,310,30.31,20.63,7.58,59.19,0.05,2.46,0.45
2016,311,31.56,22.53,7.78,57.71,0.04,2.36,0.44
2016,312,31.28,27.47,6.8,59.56,0.08,2.19,0.44
2016,313,22.56,23.66,10.05,63.59,0.12,1.88,0.44
2016,314,31.24,27.56,10.38,59.9,0.07,2.92,0.44
2016,315,30.34,27.0,10.51,65.42,0.71,4.51,0.43
2016,316,30.0,28.09,11.01,59.45,0.19,2.67,0.43
2016,317,30.76,21.79,8.16,64.39,0.18,3.77,0.43
2016,318,31.37,18.81,6.62,55.79,0.02,4.03,0.43
2016,319,32.48,26.73,7.15,55.13,0.01,4.25,0.43
2016,320,31.96,33.27,10.04,39.81,0.0,2.53,0.42
2016,321,30.42,28.89,13.04,52.55,0.22,2.37,0.42
2016,322,25.84,22.86,8.96,65.91,1.93,4.06,0.42
2016,323,33.27,27.45,7.42,55.12,0.05,3.32,0.42
2016,324,33.2,30.13,9.25,54.73,0.15,3.83,0.42
2016,325,27.81,33.81,10.13,46.42,0.02,3.01,0.41
2016,326,30.22,28.6,13.4,45.3,0.0,2.27,0.41
2016,327,25.26,29.59,11.45,58.11,0.05,2.11,0.41
2016,328,16.7,23.28,13.15,70.62,3.52,4.12,0.41
2016,329,30.39,25.83,11.46,61.28,0.49,2.07,0.41
2016,330,31.7,29.51,10.44,56.43,0.03,2.74,0.41
2016,331,32.43,32.47,11.93,50.27,0.01,2.28,0.41
2016,332,33.3,35.63,13.11,44.19,0.0,2.65,0.4
2016,333,32.74,28.66,12.37,54.14,0.0,2.87,0.4
2016,334,33.79,32.12,10.06,50.84,0.0,2.63,0.4
2016,335,33.54,31.21,11.89,54.05,0.02,3.22,0.4
2016,336,33.29,28.42,12.7,54.5,0.02,3.11,0.4
2016,337,33.46,34.2,11.29,48.63,0.0,2.46,0.39
2016,338,33.07,31.88,12.85,45.56,0.01,3.1,0.39
2016,339,34.29,27.7,12.24,51.98,0.04,2.66,0.39
2016,340,34.29,33.47,10.33,46.35,0.0,2.18,0.39
2016,341,28.4,29.03,14.24,39.92,0.06,3.16,0.39
2016,342,34.08,32.45,11.77,49.2,0.12,2.27,0.39
2016,343,28.98,26.97,11.76,47.06,0.01,3.43,0.38
2016,344,15.21,24.54,12.08,64.94,2.18,3.56,0.39
2016,345,33.81,29.59,10.32,51.83,0.11,2.81,0.39
2016,346,33.96,32.99,10.63,47.12,0.01,1.64,0.38
2016,347,27.55,30.68,13.67,54.21,0.02,3.17,0.38
2016,348,33.72,32.82,14.16,50.54,0.03,3.36,0.38
2016,349,34.09,34.65,13.68,47.22,0.0,3.2,0.38
2016,350,30.01,31.09,12.58,55.72,0.0,2.78,0.38
2016,351,32.94,33.91,10.32,45.87,0.0,2.37,0.38
2016,352,34.5,36.36,12.18,43.32,0.0,2.09,0.38
2016,353,34.26,35.07,15.46,42.19,0.0,2.49,0.37
2016,354,31.49,29.33,14.59,60.61,0.02,3.06,0.37
2016,355,35.07,30.63,13.09,48.07,0.02,2.4,0.37
2016,356,32.44,25.2,12.43,57.64,0.0,3.65,0.37
2016,357,26.9,25.57,12.18,60.88,0.54,4.04,0.37
2016,358,23.16,22.8,10.87,69.14,3.55,6.1,0.37
2016,359,34.56,22.85,8.89,45.25,0.05,3.86,0.38
2016,360,35.0,32.97,7.85,44.04,0.0,2.84,0.38
2016,361,34.37,34.15,10.65,51.41,0.05,2.17,0.38
2016,362,33.16,30.98,15.65,60.02,0.75,3.28,0.37
2016,363,31.38,30.42,14.15,57.37,0.84,3.07,0.38
2016,364,34.46,36.13,12.19,42.98,0.03,2.03,0.37
2016,365,33.35,37.78,17.24,35.36,0.02,2.2,0.37
2016,366,35.11,35.54,15.62,41.88,0.12,2.66,0.37
2017,1,33.1,37.55,13.4,41.02,0.01,2.18,0.37
2017,2,15.96,29.26,14.23,57.67,0.45,3.01,0.37
2017,3,32.96,27.47,11.83,50.22,0.08,4.7,0.37
2017,4,33.58,36.36,10.95,39.17,0.0,2.5,0.37
2017,5,32.91,33.17,15.09,42.27,0.05,3.61,0.37
2017,6,29.04,32.03,14.09,59.84,1.19,3.71,0.37
2017,7,31.55,32.58,14.76,57.37,0.41,3.56,0.37
2017,8,33.44,36.22,13.13,48.22,0.07,3.05,0.37
2017,9,33.9,31.79,13.89,57.03,0.21,4.42,0.37
2017,10,32.14,36.96,12.05,44.88,0.07,2.56,0.37
2017,11,32.32,33.69,17.29,43.68,0.02,3.56,0.37
2017,12,32.62,27.81,13.23,56.36,0.17,3.69,0.37
2017,13,32.95,31.98,11.37,47.45,0.01,3.18,0.37
2017,14,32.97,32.39,10.68,45.09,0.01,2.64,0.37
2017,15,31.84,28.03,11.88,53.05,0.02,3.75,0.37
2017,16,32.72,28.96,11.45,48.51,0.01,5.24,0.37
2017,17,32.97,35.8,11.44,34.79,0.0,2.06,0.37
2017,18,33.64,37.08,15.4,28.16,0.09,3.64,0.37
2017,19,33.28,29.36,12.5,51.97,0.1,3.37,0.37
2017,20,30.59,26.4,11.67,53.83,0.05,3.04,0.37
2017,21,32.27,35.29,10.3,42.18,0.0,2.52,0.37
2017,22,32.36,35.13,15.31,36.95,0.14,2.88,0.37
2017,23,25.25,34.93,17.35,48.11,0.44,2.6,0.37
2017,24,20.88,24.07,13.21,66.17,0.72,4.3,0.37
2017,25,31.36,27.79,12.93,56.87,1.09,3.25,0.37
2017,26,32.56,29.77,11.89,53.89,0.32,3.34,0.37
2017,27,22.07,18.35,12.66,78.3,23.16,3.18,0.41
2017,28,31.9,26.67,11.52,61.51,0.4,2.12,0.41
2017,29,32.43,29.45,10.53,53.52,0.01,3.06,0.4
2017,30,30.07,26.78,10.98,59.44,0.28,2.98,0.4
2017,31,32.25,32.04,10.43,51.07,0.02,1.92,0.4
2017,32,31.18,30.06,13.41,57.69,0.51,2.98,0.39
2017,33,28.97,26.84,13.34,63.39,0.95,4.08,0.39
2017,34,31.63,33.16,11.52,54.72,0.28,2.87,0.39
2017,35,28.78,23.42,11.93,63.18,0.63,3.06,0.39
2017,36,30.56,27.89,11.73,56.8,0.07,2.6,0.39
2017,37,31.02,33.52,11.06,51.77,0.0,2.23,0.38
2017,38,30.21,32.66,14.76,57.62,0.05,2.61,0.38
2017,39,30.31,30.44,12.2,57.38,0.02,2.61,0.38
2017,40,30.42,34.95,13.82,56.34,0.01,2.58,0.38
2017,41,30.55,37.4,14.76,48.04,0.02,2.47,0.38
2017,42,27.23,34.05,17.7,48.92,0.37,3.14,0.38
2017,43,26.97,28.41,15.41,65.43,1.43,3.23,0.38
2017,44,29.64,28.42,13.29,63.26,0.41,3.26,0.38
2017,45,29.51,32.88,11.59,59.37,0.21,2.83,0.38
2017,46,29.7,35.86,14.79,51.05,0.02,2.33,0.38
2017,47,28.15,29.24,14.41,56.56,0.06,3.24,0.38
2017,48,29.52,35.78,13.72,51.66,0.05,2.44,0.37
2017,49,27.09,29.15,12.9,57.63,0.12,3.64,0.37
2017,50,29.47,29.23,12.12,52.68,0.05,5.14,0.37
2017,51,28.31,32.95,11.32,51.37,0.07,3.31,0.37
2017,52,29.04,33.25,12.85,47.19,0.02,3.06,0.37
2017,53,28.57,33.41,13.73,45.47,0.02,2.53,0.37
2017,54,27.71,34.63,15.98,39.64,0.0,1.93,0.37
2017,55,27.73,32.45,15.95,43.2,0.06,3.06,0.37
2017,56,28.45,24.62,10.66,54.46,0.05,3.41,0.37
2017,57,28.23,30.88,9.57,46.05,0.0,3.36,0.37
2017,58,28.06,36.37,12.15,35.48,0.0,2.05,0.37
2017,59,27.06,34.51,16.41,34.6,0.0,3.14,0.37
2017,60,27.51,32.61,14.24,54.84,0.0,2.51,0.37
2017,61,27.46,31.35,13.23,55.24,0.03,3.05,0.37
2017,62,23.85,25.8,13.28,60.84,0.23,2.71,0.37
2017,63,25.75,26.4,11.32,57.6,0.08,2.58,0.37
2017,64,26.34,27.95,10.39,60.64,0.03,2.16,0.37
2017,65,26.84,33.34,13.27,51.29,0.02,2.07,0.37
2017,66,26.43,35.12,11.21,51.52,0.03,2.23,0.37
2017,67,26.01,32.12,14.05,60.56,0.4,3.23,0.37
2017,68,24.22,30.85,14.79,54.95,0.54,4.97,0.37
2017,69,26.51,35.94,12.22,29.45,0.0,2.16,0.37
2017,70,25.68,34.18,14.82,28.89,0.19,3.14,0.37
2017,71,23.49,29.02,13.09,58.67,0.61,3.65,0.37
2017,72,24.08,32.63,11.67,53.18,0.06,2.36,0.37
2017,73,20.72,28.18,13.7,50.09,0.08,3.56,0.37
2017,74,19.29,23.28,11.38,65.95,0.91,2.98,0.37
2017,75,24.9,30.32,9.51,41.89,0.01,1.76,0.37
2017,76,24.73,29.99,13.2,41.36,0.01,2.46,0.37
2017,77,24.07,26.8,12.81,63.79,0.07,3.12,0.37
2017,78,24.37,35.79,11.44,46.74,0.01,2.37,0.37
2017,79,19.16,36.07,17.16,40.85,2.93,2.21,0.37
2017,80,18.16,36.65,20.12,41.76,0.0,2.07,0.37
2017,81,22.11,35.9,18.77,37.89,0.07,2.38,0.37
2017,82,21.59,26.5,12.37,61.74,1.45,3.43,0.37
2017,83,22.53,22.29,9.04,54.47,0.23,3.73,0.37
2017,84,23.33,25.21,7.52,46.34,0.0,2.3,0.37
2017,85,21.69,28.71,10.47,31.63,0.01,2.18,0.37
2017,86,21.25,25.17,11.12,59.33,0.09,2.1,0.37
2017,87,22.22,25.49,12.25,63.71,0.16,2.78,0.37
2017,88,22.23,31.94,9.69,44.36,0.01,1.87,0.37
2017,89,22.5,33.51,12.97,26.75,0.0,2.74,0.37
2017,90,14.69,25.04,11.6,64.43,0.37,3.24,0.37
2017,91,20.92,25.94,12.16,62.6,0.2,1.24,0.37
2017,92,20.94,26.46,10.48,58.48,0.02,2.73,0.37
2017,93,16.68,29.32,11.25,59.1,0.07,1.31,0.37
2017,94,16.93,25.68,13.05,73.24,0.19,2.53,0.37
2017,95,16.53,21.56,9.73,70.95,0.27,3.52,0.37
2017,96,18.77,25.9,8.69,56.89,0.08,4.13,0.37
2017,97,16.86,27.64,9.77,65.3,1.29,4.07,0.37
2017,98,15.54,31.94,15.22,56.35,0.46,2.62,0.37
2017,99,19.18,28.54,11.48,63.98,0.07,3.15,0.37
2017,100,17.13,24.52,10.47,73.89,0.72,2.14,0.37
2017,101,19.76,28.65,12.08,60.07,0.32,1.66,0.37
2017,102,17.04,23.3,10.69,62.54,0.93,3.37,0.37
2017,103,12.95,12.83,6.35,73.72,4.34,3.58,0.38
2017,104,15.26,15.24,5.75,67.62,0.59,3.08,0.38
2017,105,19.23,21.08,4.72,59.07,0.0,3.21,0.38
2017,106,18.87,27.26,6.8,54.74,0.0,2.68,0.38
2017,107,18.32,29.56,9.63,52.5,0.0,1.79,0.38
2017,108,18.36,31.38,12.21,36.53,0.0,1.49,0.38
2017,109,18.41,31.53,13.82,27.9,0.0,1.41,0.37
2017,110,18.22,31.99,11.71,24.08,0.0,1.42,0.37
2017,111,18.28,32.08,12.61,20.83,0.01,1.26,0.37
2017,112,17.97,32.23,11.99,25.98,0.2,1.72,0.37
2017,113,17.44,30.27,10.59,51.38,0.38,2.2,0.37
2017,114,17.42,30.47,9.48,49.3,0.2,1.86,0.37
2017,115,16.54,30.74,12.49,28.61,0.0,1.54,0.37
2017,116,7.0,24.76,12.29,64.3,7.09,2.21,0.38
2017,117,16.63,26.03,9.21,57.32,0.02,1.97,0.38
2017,118,15.62,31.16,14.95,43.31,0.0,2.13,0.38
2017,119,15.7,30.77,15.95,37.82,0.0,2.9,0.38
2017,120,5.34,26.45,14.79,55.88,2.07,3.01,0.38
2017,121,13.72,22.53,10.34,70.79,0.49,1.78,0.38
2017,122,15.68,27.68,9.61,68.79,0.14,1.65,0.38
2017,123,12.73,28.32,10.85,70.47,0.39,1.65,0.38
2017,124,15.46,28.99,12.91,58.15,0.08,2.29,0.38
2017,125,11.34,21.34,10.82,62.77,0.28,2.94,0.38
2017,126,14.13,17.28,8.69,73.95,0.22,2.8,0.38
2017,127,11.42,17.2,8.61,75.45,1.58,1.18,0.38
2017,128,15.07,20.69,7.24,64.27,0.04,2.12,0.38
2017,129,15.26,20.67,7.0,67.93,0.21,1.0,0.38
2017,130,15.39,24.32,7.47,44.79,0.06,1.79,0.38
2017,131,8.1,13.59,4.42,81.88,0.92,2.27,0.38
2017,132,14.67,18.41,4.08,70.01,0.1,3.4,0.38
2017,133,14.81,23.01,3.01,50.44,0.0,1.95,0.38
2017,134,14.79,24.11,4.56,33.53,0.0,1.53,0.38
2017,135,14.47,26.78,7.52,34.26,0.0,1.7,0.38
2017,136,13.6,26.44,10.35,35.82,0.02,2.03,0.37
2017,137,12.59,19.74,8.51,69.91,0.09,1.15,0.37
2017,138,13.79,26.11,8.28,53.34,0.0,1.33,0.37
2017,139,13.67,28.05,10.71,28.4,0.0,1.83,0.37
2017,140,13.15,26.78,11.01,32.04,0.01,1.41,0.37
2017,141,13.37,27.01,12.81,31.09,0.0,1.95,0.37
2017,142,12.79,25.85,12.59,31.61,0.0,1.79,0.37
2017,143,12.77,26.69,11.07,29.52,0.0,2.67,0.37
2017,144,8.57,18.06,9.32,74.16,1.18,1.82,0.37
2017,145,9.16,18.97,9.51,77.63,0.83,1.3,0.37
2017,146,8.93,15.02,8.28,83.19,0.77,1.31,0.38
2017,147,8.44,15.15,6.95,78.59,0.22,1.5,0.38
2017,148,12.37,18.04,5.44,76.17,0.03,1.14,0.38
2017,149,13.02,23.2,4.16,53.97,0.0,1.31,0.38
2017,150,11.39,25.45,7.48,33.28,0.0,2.21,0.37
2017,151,11.7,23.82,9.57,40.88,0.16,1.81,0.37
2017,152,11.69,20.75,8.3,62.1,0.16,1.09,0.37
2017,153,12.02,26.77,11.16,36.14,0.0,2.33,0.37
2017,154,8.9,23.39,12.23,54.27,4.05,4.63,0.37
2017,155,9.51,14.87,4.77,76.44,3.33,1.91,0.39
2017,156,12.03,21.76,3.28,64.72,0.0,1.9,0.39
2017,157,11.2,23.96,8.43,49.9,8.26,5.0,0.39
2017,158,4.73,12.54,5.07,86.58,80.0,8.78,0.48
2017,159,8.71,8.7,1.95,81.06,18.08,2.32,0.57
2017,160,7.19,10.88,0.35,72.09,0.0,1.62,0.55
2017,161,5.36,12.41,7.38,77.78,8.42,3.57,0.53
2017,162,6.17,13.25,7.97,86.45,1.0,3.21,0.53
2017,163,7.43,14.64,8.04,90.71,1.29,3.05,0.52
2017,164,7.61,15.5,9.3,93.33,2.12,1.95,0.52
2017,165,11.1,16.95,7.86,87.94,0.84,1.87,0.52
2017,166,12.18,14.29,3.25,80.38,1.38,1.61,0.52
2017,167,12.39,19.51,1.98,62.87,0.0,1.94,0.51
2017,168,9.01,13.48,3.2,81.74,2.56,2.02,0.51
2017,169,11.8,16.87,1.64,71.86,0.01,1.38,0.51
2017,170,9.38,13.34,3.43,75.35,3.21,4.13,0.51
2017,171,11.2,11.5,2.06,73.53,0.91,1.15,0.52
2017,172,11.34,14.12,1.19,77.63,0.23,2.92,0.51
2017,173,7.71,10.69,3.96,84.54,8.69,3.48,0.53
2017,174,12.11,11.4,0.49,74.69,0.02,0.99,0.52
2017,175,11.92,12.68,0.99,77.31,0.0,1.32,0.52
2017,176,12.32,14.2,1.39,80.52,0.01,1.38,0.52
2017,177,11.44,21.9,1.27,59.03,0.0,1.86,0.52
2017,178,9.66,17.05,6.0,71.55,0.48,2.46,0.51
2017,179,8.41,10.07,3.45,84.37,5.83,2.63,0.52
2017,180,12.18,16.27,1.18,84.83,0.11,2.56,0.52
2017,181,7.73,12.7,2.56,93.42,1.15,1.59,0.52
2017,182,11.18,15.12,7.26,83.96,0.17,0.83,0.52
2017,183,8.95,13.86,4.75,87.99,0.16,1.68,0.52
2017,184,12.09,17.08,5.13,80.79,0.08,1.3,0.52
2017,185,10.88,19.23,5.96,60.93,0.0,1.59,0.52
2017,186,11.47,21.17,5.75,49.86,0.0,2.16,0.51
2017,187,11.19,20.82,7.92,54.55,0.0,2.62,0.51
2017,188,11.84,19.59,5.7,60.99,0.03,2.18,0.51
2017,189,10.93,17.17,5.29,75.29,0.3,2.9,0.51
2017,190,4.48,9.86,2.87,90.82,15.46,2.06,0.53
2017,191,12.29,10.4,-0.46,80.76,0.19,1.3,0.53
2017,192,12.84,12.1,-0.33,83.66,0.42,2.16,0.53
2017,193,12.85,16.38,-0.95,74.16,1.07,1.31,0.53
2017,194,12.33,12.43,2.19,90.64,4.02,1.58,0.53
2017,195,13.04,16.88,1.09,73.71,0.22,1.41,0.53
2017,196,6.74,9.96,2.19,92.89,13.82,3.69,0.53
2017,197,11.2,7.91,0.39,79.83,7.11,1.79,0.56
2017,198,13.09,10.94,-1.2,69.36,0.01,1.61,0.55
2017,199,12.99,13.57,1.26,72.67,0.08,1.72,0.55
2017,200,13.17,14.69,2.38,86.43,0.55,2.49,0.55
2017,201,9.79,12.6,4.95,93.23,0.99,1.36,0.55
2017,202,12.55,15.55,3.85,83.02,0.16,0.99,0.54
2017,203,13.43,14.86,5.04,88.58,0.63,1.48,0.54
2017,204,13.68,16.5,4.83,77.54,0.2,1.45,0.54
2017,205,14.02,19.89,4.08,61.61,0.02,2.02,0.54
2017,206,7.71,11.34,3.73,92.34,5.12,3.39,0.54
2017,207,13.8,12.61,0.61,75.26,0.05,1.41,0.54
2017,208,14.21,19.69,2.65,55.98,0.0,1.39,0.54
2017,209,13.64,22.61,4.45,53.59,0.0,2.61,0.54
2017,210,13.74,17.25,6.89,79.96,0.42,1.46,0.53
2017,211,13.63,22.62,6.52,70.6,0.06,2.04,0.53
2017,212,13.91,23.63,7.33,58.89,0.06,3.69,0.53
2017,213,7.78,13.58,9.34,88.83,1.57,4.92,0.53
2017,214,9.19,14.29,8.29,89.08,2.13,2.58,0.53
2017,215,12.95,16.09,6.54,85.68,0.32,1.23,0.53
2017,216,11.61,14.73,5.86,86.16,0.33,2.05,0.53
2017,217,14.86,16.51,6.16,79.89,0.56,1.22,0.53
2017,218,15.18,16.38,5.05,80.99,0.17,1.09,0.53
2017,219,14.62,17.69,4.84,81.23,0.15,1.38,0.52
2017,220,15.64,20.47,4.1,64.4,0.03,1.21,0.52
2017,221,15.91,19.12,7.31,60.75,0.12,2.29,0.52
2017,222,13.82,15.18,4.78,81.23,0.72,4.92,0.52
2017,223,6.99,10.54,5.13,91.67,10.71,3.24,0.53
2017,224,13.44,11.25,3.21,85.1,0.79,1.32,0.54
2017,225,16.95,13.75,1.67,77.56,0.22,1.87,0.53
2017,226,16.19,18.8,0.67,70.67,0.01,1.67,0.53
2017,227,8.98,10.46,2.01,96.14,5.46,2.13,0.53
2017,228,10.5,8.87,3.6,90.32,13.66,2.18,0.55
2017,229,14.58,13.08,1.72,83.26,0.79,2.36,0.55
2017,230,16.28,16.24,0.2,70.1,0.01,1.88,0.55
2017,231,16.02,19.82,3.51,55.79,0.0,1.92,0.54
2017,232,16.71,20.43,5.38,57.43,0.0,2.06,0.54
2017,233,13.64,14.82,4.88,74.38,7.33,3.72,0.54
2017,234,10.41,10.72,4.51,84.65,9.71,3.15,0.56
2017,235,15.04,11.87,3.47,89.7,6.02,2.91,0.56
2017,236,12.12,11.49,2.06,82.38,2.12,1.83,0.57
2017,237,16.48,12.86,1.62,84.73,0.09,1.48,0.56
2017,238,18.73,18.63,1.86,74.37,0.01,1.75,0.55
2017,239,18.81,21.24,3.67,71.37,0.02,2.25,0.55
2017,240,19.15,23.41,5.03,56.53,0.01,2.33,0.54
2017,241,8.42,12.32,5.56,92.32,4.15,2.81,0.54
2017,242,16.05,15.83,5.92,82.58,1.82,1.1,0.55
2017,243,17.4,15.21,3.72,83.11,0.32,1.46,0.55
2017,244,19.86,21.49,2.74,65.62,0.01,1.37,0.54
2017,245,20.12,23.86,6.11,57.23,0.07,1.53,0.54
2017,246,20.4,26.63,4.56,54.52,0.02,1.54,0.53
2017,247,18.96,26.89,8.16,44.17,0.01,3.57,0.53
2017,248,9.49,15.2,7.38,86.14,1.03,3.56,0.53
2017,249,18.6,15.93,5.64,77.23,0.07,3.02,0.53
2017,250,9.43,14.65,6.77,87.26,1.25,5.08,0.52
2017,251,17.65,17.31,6.55,82.77,0.18,2.76,0.52
2017,252,20.57,20.31,6.03,78.79,0.02,2.06,0.52
2017,253,21.12,24.58,6.35,65.54,0.0,2.02,0.52
2017,254,16.53,19.16,5.56,78.36,0.02,2.35,0.51
2017,255,15.87,21.55,8.3,71.6,0.0,1.48,0.51
2017,256,14.05,16.33,5.19,73.68,0.08,1.92,0.51
2017,257,19.65,17.37,5.14,75.1,0.13,1.88,0.51
2017,258,8.54,15.37,6.34,88.84,3.82,3.32,0.51
2017,259,17.01,17.39,8.25,83.53,2.84,3.84,0.52
2017,260,22.18,23.33,7.01,66.71,0.11,1.73,0.51
2017,261,22.56,24.53,8.27,56.47,0.09,1.94,0.51
2017,262,16.08,19.25,8.57,79.92,0.11,1.91,0.51
2017,263,22.7,26.23,6.83,65.53,0.02,1.26,0.5
2017,264,11.29,23.99,10.48,64.93,0.17,2.34,0.5
2017,265,18.36,16.0,4.22,80.06,0.67,3.02,0.5
2017,266,24.36,21.11,2.49,59.9,0.04,2.01,0.5
2017,267,14.58,22.15,6.8,55.61,0.0,1.89,0.49
2017,268,10.83,12.07,5.01,86.39,11.07,3.1,0.5
2017,269,19.39,14.26,3.28,72.26,0.51,2.0,0.51
2017,270,24.36,18.45,2.22,68.35,0.03,2.25,0.51
2017,271,22.35,23.85,5.71,45.83,0.02,1.47,0.5
2017,272,24.75,20.39,6.96,69.88,0.2,2.16,0.5
2017,273,25.46,24.65,6.74,66.63,0.07,2.22,0.49
2017,274,25.51,29.18,5.65,64.43,0.04,1.91,0.49
2017,275,24.83,32.2,9.51,57.54,0.05,3.31,0.48
2017,276,19.99,18.45,9.2,73.97,4.45,7.29,0.48
2017,277,16.92,13.73,4.81,69.28,4.68,3.21,0.49
2017,278,26.11,17.59,2.12,59.74,0.0,1.37,0.49
2017,279,25.74,24.54,5.65,57.76,0.2,1.29,0.49
2017,280,24.25,20.68,8.46,76.11,1.07,2.24,0.48
2017,281,19.7,16.95,6.2,74.23,1.67,2.94,0.48
2017,282,22.19,17.19,4.45,74.75,1.02,3.08,0.48
2017,283,27.53,22.72,3.81,54.73,0.01,1.36,0.48
2017,284,27.33,22.96,9.25,50.7,0.13,2.63,0.47
2017,285,24.3,19.73,7.16,67.7,0.42,3.22,0.47
2017,286,27.55,28.5,5.9,52.57,0.0,2.22,0.47
2017,287,22.02,19.5,9.59,66.74,0.53,4.5,0.47
2017,288,15.08,14.18,6.92,79.06,5.41,4.52,0.47
2017,289,17.38,12.19,5.11,77.06,9.62,4.04,0.48
2017,290,18.37,16.53,2.73,72.28,0.76,2.14,0.49
2017,291,27.88,22.9,3.87,65.29,1.28,3.16,0.48
2017,292,19.88,17.98,6.19,71.33,1.73,2.78,0.48
2017,293,25.52,18.6,4.26,70.5,0.04,2.07,0.48
2017,294,28.98,26.54,4.84,61.14,0.05,1.22,0.47
2017,295,29.41,27.62,6.95,61.84,0.07,1.63,0.47
2017,296,28.99,23.7,8.46,65.42,0.11,2.54,0.46
2017,297,28.77,22.91,8.19,65.28,0.09,2.56,0.46
2017,298,13.63,16.8,7.32,82.78,3.03,3.52,0.46
2017,299,21.17,15.36,5.06,67.22,1.16,3.14,0.47
2017,300,30.91,21.69,3.48,59.73,0.08,3.66,0.46
2017,301,30.91,27.79,4.1,44.74,0.0,2.08,0.46
2017,302,29.92,31.45,10.09,37.29,0.05,2.2,0.45
2017,303,28.44,35.23,11.13,46.34,1.02,1.98,0.45
2017,304,23.84,33.27,15.79,60.45,5.12,2.09,0.45
2017,305,28.64,31.93,12.5,58.68,0.17,2.35,0.45
2017,306,10.64,32.2,16.46,59.05,0.13,1.49,0.45
2017,307,17.68,22.37,8.8,70.45,0.78,4.05,0.45
2017,308,30.29,25.93,6.72,61.31,0.01,2.03,0.45
2017,309,31.1,28.02,9.05,62.92,0.24,3.21,0.44
2017,310,31.37,25.34,8.02,57.96,0.13,4.94,0.44
2017,311,31.18,24.25,6.46,59.89,0.0,5.23,0.44
2017,312,29.13,29.56,8.22,45.72,0.0,2.75,0.43
2017,313,26.32,25.58,11.55,54.13,0.0,1.9,0.43
2017,314,31.23,28.7,9.2,57.93,0.0,1.63,0.43
2017,315,30.84,30.61,14.58,46.74,0.0,2.13,0.42
2017,316,26.75,24.62,10.77,63.03,0.76,2.67,0.42
2017,317,18.94,18.89,11.82,73.62,2.5,2.21,0.43
2017,318,14.52,14.2,8.07,84.99,33.08,2.96,0.46
2017,319,22.09,15.69,6.57,76.44,7.37,3.6,0.5
2017,320,26.38,20.82,5.89,66.26,0.29,2.74,0.49
2017,321,32.72,25.1,6.26,49.74,0.0,2.16,0.48
2017,322,31.25,23.83,8.24,54.8,0.0,2.03,0.47
2017,323,32.3,31.49,10.43,47.31,0.01,1.46,0.46
2017,324,24.01,22.78,9.41,71.88,1.4,4.24,0.46
2017,325,18.61,13.07,7.08,77.45,16.43,4.39,0.48
2017,326,23.12,17.36,4.92,68.08,0.6,2.57,0.48
2017,327,33.02,22.42,3.92,63.04,0.07,2.3,0.47
2017,328,33.32,23.17,7.99,62.79,0.05,2.99,0.47
2017,329,31.84,27.98,8.67,60.32,0.14,2.8,0.46
2017,330,32.99,23.54,8.78,64.53,0.17,4.31,0.46
2017,331,34.08,30.51,8.0,48.76,0.0,2.51,0.45
2017,332,32.95,29.74,10.9,47.16,0.03,2.9,0.45
2017,333,33.16,32.1,8.88,55.2,0.04,3.21,0.45
2017,334,33.3,32.6,10.61,52.57,0.01,2.19,0.44
2017,335,27.33,30.26,12.19,59.3,0.1,2.05,0.44
2017,336,30.3,23.56,11.3,67.71,0.26,4.08,0.44
2017,337,25.42,23.29,10.18,65.98,0.55,2.6,0.44
2017,338,31.89,29.45,11.07,58.82,0.23,2.84,0.43
2017,339,33.69,32.0,11.01,57.63,0.07,3.71,0.43
2017,340,31.13,35.44,13.46,50.19,0.01,3.05,0.43
2017,341,32.91,38.28,16.91,38.11,0.0,2.38,0.42
2017,342,31.56,38.07,16.77,39.67,0.0,3.14,0.42
2017,343,30.39,24.91,11.03,60.92,0.09,5.83,0.42
2017,344,33.93,30.25,9.44,46.61,0.0,4.17,0.41
2017,345,34.16,29.63,9.23,52.05,0.0,3.26,0.41
2017,346,34.46,25.46,8.61,58.43,0.14,3.26,0.41
2017,347,17.7,18.64,10.26,68.61,0.66,3.44,0.41
2017,348,33.45,26.37,11.09,56.89,0.43,2.02,0.41
2017,349,33.72,34.0,9.93,42.78,0.0,2.46,0.41
2017,350,24.92,29.62,12.48,55.26,1.0,3.49,0.41
2017,351,27.37,28.63,12.93,63.35,0.22,4.05,0.41
2017,352,28.28,24.85,11.64,63.65,0.15,4.45,0.4
2017,353,35.22,30.35,8.57,49.56,0.0,3.05,0.4
2017,354,35.1,35.76,9.38,41.27,0.01,2.56,0.4
2017,355,16.26,31.68,17.64,43.0,0.03,1.66,0.4
2017,356,31.26,30.22,14.18,57.96,0.01,2.81,0.4
2017,357,32.94,26.94,12.62,58.05,0.03,2.8,0.39
2017,358,34.45,27.08,12.34,58.16,0.03,3.19,0.39
2017,359,34.71,24.13,9.88,46.25,0.0,3.3,0.39
2017,360,34.61,32.13,7.56,42.05,0.0,2.25,0.39
2017,361,34.36,33.04,12.43,44.89,0.06,2.9,0.39
2017,362,30.82,31.21,11.86,51.2,0.04,3.17,0.39
2017,363,31.86,33.2,13.19,47.66,0.0,2.1,0.38
2017,364,33.39,32.91,14.58,47.76,0.06,1.88,0.38
2017,365,28.62,28.26,13.9,61.01,1.15,4.61,0.38
2018,1,28.31,22.4,10.12,59.18,0.23,3.69,0.38
2018,2,33.62,28.46,9.46,55.2,0.0,2.39,0.38
2018,3,33.47,35.91,12.1,42.47,0.0,2.15,0.38
2018,4,33.4,37.62,17.15,31.11,0.01,2.99,0.38
2018,5,32.64,34.2,15.31,52.79,0.01,2.9,0.38
2018,6,33.09,31.01,14.95,57.34,0.02,2.79,0.38
2018,7,24.86,25.98,13.38,71.14,0.37,4.72,0.38
2018,8,33.77,24.51,9.92,53.43,0.04,3.57,0.38
2018,9,33.59,28.35,8.0,47.18,0.0,3.61,0.38
2018,10,33.58,36.73,11.13,35.32,0.0,2.11,0.37
2018,11,33.71,39.17,17.28,26.2,0.01,2.98,0.37
2018,12,33.48,35.79,16.85,39.26,0.05,2.42,0.37
2018,13,33.46,34.5,14.56,49.69,0.02,2.83,0.37
2018,14,33.47,31.23,13.39,50.0,0.04,3.2,0.37
2018,15,30.92,29.21,12.89,53.83,0.11,3.01,0.37
2018,16,33.26,35.76,11.62,45.57,0.0,2.96,0.37
2018,17,32.31,35.81,14.44,49.4,0.08,2.44,0.37
2018,18,31.16,37.95,16.52,50.9,0.13,2.91,0.37
2018,19,26.64,34.5,18.23,61.92,1.29,3.96,0.37
2018,20,25.22,33.23,17.49,59.96,0.99,3.79,0.37
2018,21,29.95,35.58,17.76,53.23,0.1,2.28,0.37
2018,22,26.44,28.46,16.09,57.56,0.27,3.34,0.37
2018,23,24.02,28.93,15.37,62.97,0.52,3.11,0.37
2018,24,27.92,29.7,14.73,59.47,0.42,3.03,0.37
2018,25,32.02,32.44,13.77,54.62,0.15,3.59,0.37
2018,26,30.63,34.54,14.73,59.5,0.95,3.39,0.37
2018,27,28.76,29.42,14.8,62.89,1.09,3.65,0.37
2018,28,31.39,35.33,13.17,49.8,0.05,1.98,0.37
2018,29,30.55,38.13,18.02,37.1,0.0,2.61,0.37
2018,30,21.86,29.48,15.25,63.71,0.95,3.41,0.37
2018,31,28.58,31.07,13.44,56.73,0.43,4.04,0.37
2018,32,31.99,32.14,13.0,49.32,0.08,3.24,0.37
2018,33,28.3,27.54,12.27,56.45,0.29,3.47,0.37
2018,34,32.11,33.58,10.01,46.93,0.0,3.09,0.37
2018,35,31.18,34.0,11.3,46.73,0.0,3.27,0.37
2018,36,31.47,38.43,12.92,35.93,0.0,3.19,0.37
2018,37,18.67,28.22,15.69,44.61,0.76,2.11,0.37
2018,38,30.74,36.63,15.0,48.43,0.21,2.32,0.37
2018,39,24.39,37.23,19.31,34.71,0.0,3.17,0.37
2018,40,29.36,29.49,15.56,57.9,0.52,4.83,0.37
2018,41,29.0,23.85,12.21,54.61,4.1,3.51,0.38
2018,42,30.1,34.13,11.3,48.72,0.03,2.74,0.38
2018,43,22.97,27.23,16.68,62.34,1.7,2.43,0.37
2018,44,26.0,35.09,17.23,59.03,2.25,2.23,0.38
2018,45,26.42,32.24,17.2,53.21,1.12,2.47,0.38
2018,46,27.12,32.14,15.69,58.27,0.5,2.5,0.38
2018,47,28.14,29.21,14.35,62.12,0.21,2.87,0.38
2018,48,29.67,33.43,13.04,48.21,0.03,2.5,0.37
2018,49,26.95,27.42,14.49,45.95,0.04,3.03,0.37
2018,50,27.91,30.93,12.57,54.88,0.2,2.51,0.37
2018,51,28.74,32.39,13.52,57.7,0.1,2.92,0.37
2018,52,27.39,34.67,14.04,57.9,0.12,2.98,0.37
2018,53,28.42,35.99,16.21,42.6,0.01,2.76,0.37
2018,54,19.88,24.95,13.58,68.44,1.52,4.31,0.37
2018,55,19.46,19.33,9.61,59.23,1.4,3.89,0.37
2018,56,28.7,26.87,8.1,47.33,0.01,2.9,0.37
2018,57,28.55,32.46,10.05,34.82,0.0,2.18,0.37
2018,58,28.34,31.52,13.64,38.45,0.01,2.02,0.37
2018,59,28.12,31.79,12.23,52.12,0.0,2.43,0.37
2018,60,25.75,28.53,11.2,62.05,0.09,2.95,0.37
2018,61,21.29,29.52,13.29,59.66,0.07,3.23,0.37
2018,62,27.36,32.62,12.95,55.69,0.05,2.38,0.37
2018,63,25.74,31.94,12.49,56.97,0.03,2.43,0.37
2018,64,24.55,32.98,13.33,56.78,0.11,2.58,0.37
2018,65,23.66,32.15,15.15,59.92,0.19,2.55,0.37
2018,66,22.36,29.53,13.47,64.83,0.33,2.94,0.37
2018,67,25.93,24.86,11.57,62.94,0.09,2.88,0.37
2018,68,22.86,25.88,11.14,48.97,0.04,1.87,0.37
2018,69,13.15,22.06,13.81,51.7,1.41,1.29,0.37
2018,70,21.71,25.15,13.59,58.83,0.04,1.77,0.37
2018,71,24.15,30.86,11.73,53.84,0.08,1.5,0.37
2018,72,19.09,27.09,13.81,60.36,0.02,2.55,0.37
2018,73,21.12,25.63,13.75,71.1,1.23,3.02,0.37
2018,74,15.0,18.95,8.72,70.91,2.08,3.32,0.38
2018,75,25.15,23.62,7.01,63.18,0.04,3.95,0.38
2018,76,24.82,27.89,9.63,53.49,0.02,2.0,0.37
2018,77,24.67,28.8,10.64,54.61,0.15,2.2,0.37
2018,78,24.92,28.65,10.8,60.01,0.21,1.97,0.37
2018,79,24.61,26.63,9.06,56.74,0.06,1.93,0.37
2018,80,22.35,24.3,11.94,62.96,0.45,3.48,0.37
2018,81,23.36,30.35,10.71,52.24,0.05,2.12,0.37
2018,82,23.41,32.05,12.51,42.71,0.29,2.81,0.37
2018,83,13.72,22.67,12.31,72.44,0.79,2.16,0.37
2018,84,17.65,19.8,10.15,66.68,0.59,2.62,0.37
2018,85,23.35,26.89,8.1,54.46,0.0,1.39,0.37
2018,86,22.85,31.13,9.23,42.0,0.0,3.16,0.37
2018,87,20.43,26.32,9.56,51.43,0.81,3.03,0.37
2018,88,5.58,20.53,12.58,81.56,14.51,1.77,0.4
2018,89,15.91,23.2,11.71,76.5,0.95,1.43,0.4
2018,90,19.87,28.6,10.55,66.88,0.07,1.7,0.4
2018,91,20.96,32.09,11.27,56.19,0.03,1.79,0.39
2018,92,20.89,27.54,12.82,61.77,0.42,2.17,0.39
2018,93,20.38,30.09,12.84,64.83,0.24,1.48,0.39
2018,94,16.8,27.37,14.54,58.93,0.43,1.57,0.39
2018,95,19.78,24.56,13.29,67.94,0.33,2.66,0.38
2018,96,14.63,20.51,9.14,66.84,0.63,2.42,0.38
2018,97,15.43,20.45,7.86,62.81,0.0,1.66,0.38
2018,98,20.65,29.58,7.11,49.26,0.01,2.04,0.38
2018,99,17.09,26.3,13.15,56.35,0.47,3.1,0.38
2018,100,17.24,23.31,10.29,70.36,0.07,3.98,0.38
2018,101,19.51,27.25,9.69,55.42,0.03,2.43,0.38
2018,102,11.7,30.03,11.62,47.61,0.14,2.35,0.38
2018,103,16.93,24.14,11.29,71.38,0.81,1.97,0.38
2018,104,18.82,27.07,10.82,66.87,0.49,2.04,0.38
2018,105,19.05,30.49,10.41,56.52,0.24,1.59,0.38
2018,106,16.55,32.29,13.41,41.13,0.01,1.79,0.38
2018,107,18.0,29.16,14.45,52.5,0.03,2.65,0.38
2018,108,8.09,17.39,10.73,82.81,4.94,4.66,0.38
2018,109,16.04,18.4,8.36,70.11,0.13,1.9,0.39
2018,110,18.06,24.14,6.88,60.3,0.01,1.32,0.38
2018,111,17.57,24.85,9.01,45.02,0.01,2.09,0.38
2018,112,17.01,24.91,9.0,59.83,0.04,1.99,0.38
2018,113,15.99,22.29,10.96,70.8,8.58,4.23,0.38
2018,114,14.4,18.84,9.73,71.06,1.41,2.04,0.4
2018,115,11.99,20.64,9.2,67.04,0.49,3.79,0.4
2018,116,8.8,15.77,8.42,78.74,2.46,5.1,0.4
2018,117,16.34,18.56,5.37,77.36,0.43,3.01,0.4
2018,118,16.52,17.84,7.69,65.33,1.29,1.77,0.4
2018,119,16.36,20.13,5.99,55.89,0.0,1.53,0.4
2018,120,16.9,25.1,3.71,49.21,0.0,1.56,0.39
2018,121,13.75,25.02,8.24,36.45,0.0,1.71,0.39
2018,122,10.15,17.25,7.46,79.74,2.4,2.96,0.39
2018,123,16.22,20.77,7.93,68.58,0.69,2.57,0.4
2018,124,16.17,26.93,7.09,41.51,0.0,1.61,0.4
2018,125,15.75,24.9,7.95,39.58,0.0,2.6,0.39
2018,126,14.03,28.64,12.73,37.62,0.0,1.89,0.39
2018,127,8.23,25.4,11.71,51.47,1.26,4.56,0.39
2018,128,7.97,14.56,9.33,79.66,5.48,6.12,0.4
2018,129,12.65,15.65,7.38,76.13,0.7,2.15,0.4
2018,130,14.96,22.07,5.72,53.57,0.0,1.59,0.4
2018,131,10.96,15.69,5.55,73.2,0.13,2.35,0.4
2018,132,13.5,18.31,8.21,82.35,0.2,1.24,0.4
2018,133,12.9,21.06,8.36,73.66,0.03,1.21,0.4
2018,134,13.83,21.38,7.72,71.55,0.02,1.36,0.4
2018,135,14.04,23.35,6.36,58.17,0.0,1.08,0.39
2018,136,14.1,24.98,8.59,41.03,0.0,1.7,0.39
2018,137,13.77,25.75,8.57,47.88,0.13,1.69,0.39
2018,138,9.61,25.66,8.41,43.4,0.04,1.67,0.39
2018,139,6.53,25.67,11.1,40.64,2.3,1.56,0.39
2018,140,6.07,15.16,10.56,82.94,6.51,2.63,0.4
2018,141,4.79,14.97,11.16,90.81,11.52,5.58,0.42
2018,142,9.39,15.5,9.01,86.4,6.13,3.55,0.44
2018,143,11.58,18.49,8.85,84.97,0.7,3.6,0.43
2018,144,5.04,15.38,9.17,92.36,11.05,2.4,0.44
2018,145,11.21,17.38,6.29,78.15,0.64,1.16,0.45
2018,146,12.86,20.21,5.0,64.66,0.03,1.29,0.44
2018,147,11.32,20.81,7.23,45.58,0.0,1.41,0.44
2018,148,5.98,14.27,8.49,84.28,14.23,4.35,0.44
2018,149,9.16,14.5,6.77,81.66,1.83,1.53,0.46
2018,150,9.44,14.56,6.03,81.31,0.21,2.02,0.46
2018,151,8.0,13.99,7.5,86.23,1.39,5.01,0.45
2018,152,8.06,11.86,4.86,83.45,13.79,4.49,0.48
2018,153,6.53,12.15,5.09,91.42,13.19,4.19,0.48
2018,154,10.88,12.21,2.42,81.79,7.03,1.9,0.51
2018,155,12.23,17.61,1.15,66.49,0.02,1.52,0.5
2018,156,12.6,21.41,4.49,47.26,0.0,1.48,0.49
2018,157,11.35,24.11,6.25,44.75,0.0,2.01,0.49
2018,158,9.83,16.89,7.52,71.18,0.73,2.18,0.48
2018,159,10.37,19.78,8.42,77.71,0.83,1.23,0.48
2018,160,5.48,14.73,8.14,90.43,7.84,3.09,0.49
2018,161,11.28,14.33,3.97,78.37,0.98,1.14,0.5
2018,162,12.08,20.31,2.83,64.92,0.0,1.58,0.49
2018,163,10.43,22.75,6.22,48.64,0.0,2.08,0.49
2018,164,11.62,23.47,7.42,49.45,0.0,2.71,0.48
2018,165,4.12,12.9,9.12,85.44,47.07,6.29,0.52
2018,166,7.01,11.15,6.57,90.73,10.1,4.69,0.57
2018,167,8.68,13.9,6.77,84.23,1.16,1.32,0.57
2018,168,8.98,15.03,5.18,76.37,7.1,4.21,0.56
2018,169,6.29,12.43,6.17,92.14,4.87,2.9,0.57
2018,170,7.55,12.28,4.8,90.39,1.06,2.46,0.56
2018,171,12.14,14.74,3.52,74.58,0.06,1.19,0.56
2018,172,11.59,14.49,3.59,70.54,0.29,2.88,0.55
2018,173,11.24,15.9,5.2,88.61,0.57,1.74,0.55
2018,174,7.03,12.51,4.81,93.11,1.89,4.45,0.55
2018,175,8.92,12.98,6.57,89.56,0.4,2.19,0.55
2018,176,9.65,14.96,5.38,83.74,0.16,1.6,0.55
2018,177,11.19,15.55,5.52,73.71,0.07,2.26,0.55
2018,178,6.85,11.07,3.29,91.67,5.58,1.8,0.56
2018,179,10.12,15.05,1.58,74.41,0.01,1.62,0.56
2018,180,4.98,10.69,3.76,92.77,8.43,2.27,0.56
2018,181,6.51,14.55,7.38,92.22,4.13,3.44,0.57
2018,182,3.69,12.33,5.2,92.53,48.54,6.07,0.6
2018,183,5.98,5.37,2.03,95.21,20.17,2.74,0.66
2018,184,11.64,10.6,-0.79,80.62,0.27,1.53,0.65
2018,185,12.03,14.64,1.38,59.43,0.06,0.98,0.64
2018,186,12.01,17.71,2.41,58.48,0.26,1.33,0.63
2018,187,12.38,18.61,4.38,51.66,0.0,1.51,0.63
2018,188,12.31,18.36,2.29,57.25,0.0,1.62,0.62
2018,189,12.41,18.01,2.31,65.36,0.0,1.84,0.62
2018,190,12.13,19.87,6.01,71.59,0.01,1.85,0.62
2018,191,12.06,19.29,6.93,74.33,0.01,1.47,0.61
2018,192,10.55,19.66,5.8,71.39,0.0,3.32,0.61
2018,193,3.28,10.62,5.28,85.31,6.07,3.6,0.61
2018,194,7.72,8.94,2.91,92.98,3.95,2.09,0.62
2018,195,10.76,10.75,1.16,87.98,1.19,1.65,0.62
2018,196,13.24,13.32,0.53,79.63,0.0,2.31,0.62
2018,197,5.58,12.05,0.58,80.48,0.34,1.74,0.62
2018,198,11.44,19.97,6.09,81.52,0.0,1.73,0.62
2018,199,11.88,20.31,7.15,75.43,0.03,2.21,0.61
2018,200,9.89,17.32,8.66,69.24,0.99,3.05,0.61
2018,201,11.32,19.04,7.03,69.86,0.0,2.38,0.61
2018,202,12.18,19.9,6.47,71.57,0.0,1.58,0.61
2018,203,12.63,21.9,7.64,66.76,0.0,3.06,0.6
2018,204,13.14,22.3,8.12,70.9,0.0,2.64,0.6
2018,205,11.75,19.1,7.86,78.58,0.01,1.45,0.6
2018,206,9.74,16.04,8.09,90.45,0.64,1.09,0.6
2018,207,11.35,21.32,7.0,80.81,0.16,1.32,0.59
2018,208,8.69,12.86,7.4,91.38,11.2,1.35,0.61
2018,209,12.89,15.85,5.9,88.34,0.09,1.2,0.61
2018,210,12.09,12.57,4.51,85.59,0.67,1.38,0.61
2018,211,14.55,16.14,1.95,75.5,0.0,1.63,0.6
2018,212,10.12,12.14,3.68,82.2,0.18,2.74,0.6
2018,213,8.75,11.95,5.26,90.49,1.25,1.53,0.6
2018,214,13.32,15.79,4.11,78.83,0.01,1.32,0.6
2018,215,14.56,17.04,3.23,80.52,0.04,2.51,0.6
2018,216,10.56,13.33,4.23,89.22,2.71,1.41,0.6
2018,217,8.68,12.54,5.77,90.52,2.04,2.64,0.6
2018,218,12.47,11.51,3.46,88.82,14.5,3.8,0.6
2018,219,10.34,8.16,2.54,87.46,4.58,1.85,0.62
2018,220,15.19,10.65,0.83,83.88,0.18,1.31,0.62
2018,221,15.62,12.8,0.45,80.8,0.05,2.12,0.61
2018,222,14.82,12.56,2.65,83.28,0.28,1.28,0.61
2018,223,16.01,14.59,0.95,72.57,0.0,2.46,0.61
2018,224,15.56,14.58,3.67,73.92,1.36,1.87,0.6
2018,225,11.46,13.41,4.51,91.06,1.29,1.9,0.6
2018,226,15.45,11.48,3.12,83.54,0.26,1.08,0.6
2018,227,15.95,13.28,3.38,80.36,0.04,1.23,0.6
2018,228,13.22,11.03,0.36,88.15,7.09,3.63,0.6
2018,229,15.38,11.62,0.85,79.17,2.34,1.47,0.61
2018,230,17.83,17.29,-0.95,63.87,0.0,1.8,0.61
2018,231,13.64,12.45,1.18,67.83,1.24,1.76,0.61
2018,232,9.3,11.7,5.24,89.94,5.12,1.29,0.61
2018,233,16.52,13.9,3.67,75.96,0.08,1.1,0.61
2018,234,15.83,12.27,1.87,85.95,0.2,1.79,0.61
2018,235,17.37,14.69,3.72,84.18,0.35,1.06,0.6
2018,236,18.22,19.42,1.55,66.51,0.02,1.51,0.6
2018,237,11.39,11.68,2.81,85.81,15.94,5.22,0.6
2018,238,11.74,6.99,1.38,85.35,9.44,3.79,0.63
2018,239,8.7,6.72,1.63,95.9,10.96,2.91,0.64
2018,240,15.86,14.74,5.06,90.68,1.8,1.15,0.64
2018,241,17.67,20.94,4.44,78.63,0.18,1.15,0.64
2018,242,16.06,21.54,5.46,68.71,0.04,1.33,0.63
2018,243,15.81,17.19,6.65,85.48,0.63,1.68,0.62
2018,244,19.0,17.97,8.16,83.11,0.88,1.01,0.62
2018,245,9.06,12.97,6.27,88.22,4.82,1.89,0.62
2018,246,19.0,16.57,5.78,80.6,0.37,1.72,0.62
2018,247,18.6,13.84,3.46,85.55,3.2,3.68,0.62
2018,248,4.68,7.95,2.1,90.65,5.35,2.75,0.63
2018,249,13.96,9.82,2.33,84.34,3.49,1.32,0.63
2018,250,8.35,8.02,2.92,91.17,6.31,1.66,0.63
2018,251,18.15,11.57,2.34,81.02,0.69,1.73,0.64
2018,252,21.02,15.67,1.22,67.65,0.01,1.02,0.63
2018,253,21.43,20.55,3.1,55.47,0.0,1.43,0.62
2018,254,21.8,20.34,6.75,61.49,0.03,2.54,0.62
2018,255,13.0,14.05,6.88,84.75,0.49,3.8,0.61
2018,256,13.29,12.47,7.16,88.62,0.94,3.43,0.61
2018,257,13.86,15.57,6.93,87.15,0.68,2.4,0.61
2018,258,16.52,17.9,6.67,85.35,0.41,0.99,0.61
2018,259,20.84,18.56,6.3,80.4,0.43,2.79,0.61
2018,260,12.51,12.68,7.98,88.55,5.26,4.68,0.61
2018,261,7.86,12.05,6.52,91.4,19.26,3.19,0.62
2018,262,12.55,8.7,1.51,86.52,17.09,2.51,0.65
2018,263,23.02,15.0,-0.1,75.11,0.01,1.22,0.65
2018,264,23.69,16.92,2.9,82.29,0.22,1.26,0.64
2018,265,24.25,19.3,4.53,79.72,0.4,1.99,0.64
2018,266,24.14,19.52,3.81,81.78,0.03,1.85,0.63
2018,267,23.69,24.35,4.44,68.71,0.04,1.72,0.62
2018,268,16.27,14.28,7.7,87.38,1.82,4.54,0.62
2018,269,18.33,16.8,8.18,84.91,2.87,4.04,0.62
2018,270,19.72,18.52,8.46,85.24,0.97,3.67,0.62
2018,271,22.36,15.78,4.68,81.16,2.25,3.46,0.62
2018,272,24.71,22.26,2.63,64.23,0.0,1.78,0.61
2018,273,25.48,30.16,7.99,43.56,0.01,1.79,0.6
2018,274,17.5,20.61,10.0,66.21,0.3,2.58,0.6
2018,275,20.36,14.74,4.37,76.96,0.99,3.59,0.6
2018,276,26.22,19.46,3.52,72.55,0.0,3.2,0.59
2018,277,26.16,24.51,4.12,64.35,0.0,1.35,0.59
2018,278,25.64,28.08,10.68,51.48,0.0,1.48,0.58
2018,279,25.07,29.98,10.42,60.18,0.0,1.53,0.57
2018,280,25.31,31.89,10.69,66.38,0.0,1.73,0.57
2018,281,25.41,32.35,13.58,53.11,0.0,1.52,0.56
2018,282,24.12,29.25,14.23,58.91,0.06,1.2,0.55
2018,283,21.79,25.53,12.16,74.21,0.38,1.4,0.55
2018,284,23.64,19.53,9.81,74.43,1.07,2.78,0.55
2018,285,21.56,18.02,7.48,72.65,0.85,4.69,0.55
2018,286,26.99,24.75,6.71,62.08,0.0,3.47,0.54
2018,287,24.11,20.25,9.91,72.14,0.09,3.77,0.54
2018,288,22.05,19.52,9.73,75.6,0.41,2.59,0.54
2018,289,22.83,19.32,8.63,69.08,0.05,1.63,0.53
2018,290,27.61,22.42,7.43,65.02,0.01,1.8,0.53
2018,291,25.24,24.64,10.09,57.63,0.17,1.85,0.53
2018,292,18.77,15.68,8.35,75.78,1.87,3.55,0.53
2018,293,28.83,23.02,7.64,60.16,0.02,4.92,0.52
2018,294,28.48,26.96,6.55,46.56,0.0,3.57,0.52
2018,295,26.04,31.98,10.39,47.22,0.85,2.15,0.51
2018,296,26.14,30.75,16.78,52.73,0.07,2.45,0.5
2018,297,27.11,30.04,15.8,50.5,0.0,1.78,0.5
2018,298,27.76,30.71,15.54,55.75,0.04,1.93,0.49
2018,299,28.57,33.33,14.04,57.73,0.04,1.59,0.49
2018,300,28.88,35.77,16.45,48.43,0.0,1.74,0.48
2018,301,26.91,35.99,20.56,37.67,0.0,1.61,0.48
2018,302,21.16,28.94,13.05,56.62,2.36,5.66,0.47
2018,303,22.34,15.01,4.95,70.32,6.65,4.7,0.49
2018,304,29.69,17.87,4.84,62.34,0.12,2.46,0.49
2018,305,31.22,20.28,4.21,61.76,0.02,2.9,0.48
2018,306,30.83,27.08,5.04,49.94,0.0,1.71,0.48
2018,307,24.85,28.08,11.35,37.41,0.03,2.03,0.47
2018,308,22.96,18.93,11.39,72.12,2.92,4.94,0.47
2018,309,16.85,12.58,5.22,72.07,4.48,3.87,0.48
2018,310,24.71,17.91,5.37,67.2,1.7,3.09,0.48
2018,311,32.18,25.9,4.28,50.84,0.0,1.89,0.48
2018,312,31.94,28.96,10.62,38.66,0.0,2.01,0.47
2018,313,32.01,32.23,8.24,44.79,0.02,1.67,0.46
2018,314,31.89,32.84,13.6,43.55,0.01,2.44,0.46
2018,315,31.65,34.32,10.61,54.03,0.03,1.99,0.45
2018,316,31.17,31.67,12.65,50.04,0.0,2.06,0.45
2018,317,25.82,27.11,11.8,53.61,0.0,2.21,0.45
2018,318,31.38,29.03,12.26,55.31,0.0,1.94,0.44
2018,319,29.5,29.17,11.4,59.01,0.0,1.98,0.44
2018,320,29.76,25.79,11.82,62.75,0.0,2.91,0.44
2018,321,32.11,25.66,9.5,56.27,0.04,3.08,0.44
2018,322,30.95,30.0,9.5,54.61,0.05,3.17,0.43
2018,323,31.39,30.33,11.75,52.95,0.01,2.49,0.43
2018,324,15.6,21.62,9.92,70.85,4.22,3.42,0.43
2018,325,32.37,21.67,7.59,56.85,0.19,3.43,0.43
2018,326,33.09,27.78,6.2,54.56,0.0,2.79,0.43
2018,327,32.61,30.68,8.5,51.09,0.0,2.36,0.43
2018,328,33.1,30.75,10.88,54.48,0.15,2.26,0.42
2018,329,31.09,27.95,10.91,61.03,0.72,2.4,0.42
2018,330,30.23,27.45,12.65,60.53,1.93,2.76,0.42
2018,331,17.04,17.95,8.71,73.29,3.48,3.36,0.43
2018,332,32.62,20.8,5.62,54.62,0.17,3.3,0.43
2018,333,28.96,30.12,5.46,49.31,0.0,2.09,0.42
2018,334,32.82,31.56,11.74,42.8,0.01,3.2,0.42
2018,335,31.41,28.49,9.47,60.37,0.24,2.44,0.42
2018,336,31.85,26.32,11.27,60.31,0.26,2.81,0.42
2018,337,16.06,20.16,10.35,72.03,4.85,3.05,0.42
2018,338,28.03,22.33,9.45,62.34,0.13,2.93,0.42
2018,339,27.43,26.13,8.68,60.9,0.08,2.21,0.42
2018,340,16.24,23.38,12.33,69.86,1.23,2.94,0.42
2018,341,15.34,20.51,10.54,73.12,3.5,3.54,0.42
2018,342,24.74,23.79,9.48,62.04,0.45,2.16,0.42
2018,343,29.93,25.85,9.88,59.49,0.11,2.49,0.42
2018,344,33.68,30.49,10.79,49.87,0.02,1.93,0.41
2018,345,33.05,31.27,14.72,41.71,0.0,2.77,0.41
2018,346,27.17,24.42,10.46,61.81,0.04,3.65,0.41
2018,347,34.43,26.74,9.72,54.17,0.0,2.28,0.41
2018,348,34.0,29.27,10.06,53.71,0.01,2.62,0.4
2018,349,33.98,32.1,11.29,51.76,0.01,2.54,0.4
2018,350,33.55,35.4,12.26,51.95,0.0,2.22,0.4
2018,351,31.25,34.51,14.72,54.09,0.05,2.66,0.4
2018,352,21.01,22.79,15.14,65.64,0.21,3.94,0.4
2018,353,26.29,25.02,12.7,61.69,0.17,2.65,0.4
2018,354,33.98,31.13,11.69,53.02,0.02,2.23,0.39
2018,355,26.36,29.34,13.12,56.74,0.01,2.07,0.39
2018,356,32.78,32.51,14.24,56.92,0.37,2.11,0.39
2018,357,31.79,31.29,15.19,60.51,0.22,2.59,0.39
2018,358,31.09,30.64,13.78,53.8,0.32,2.16,0.39
2018,359,32.26,27.93,14.39,62.88,0.24,3.55,0.39
2018,360,23.3,26.06,15.56,72.06,2.27,4.26,0.39
2018,361,26.68,22.83,9.96,63.52,0.85,3.67,0.39
2018,362,35.05,31.18,8.06,43.94,0.0,2.0,0.39
2018,363,34.65,32.45,11.95,43.64,0.02,3.23,0.39
2018,364,34.81,31.89,12.26,50.98,0.03,2.83,0.38
2018,365,34.58,34.9,12.12,43.63,0.01,2.92,0.38
2019,1,33.97,28.23,13.78,56.67,0.56,3.61,0.38
2019,2,29.42,28.55,11.6,51.18,0.27,4.48,0.38
2019,3,33.79,33.25,11.25,44.88,0.0,2.81,0.38
2019,4,33.52,32.86,13.26,51.94,0.03,3.18,0.38
2019,5,33.2,29.77,13.14,53.82,0.1,3.14,0.38
2019,6,32.26,36.28,11.69,43.56,0.01,2.64,0.38
2019,7,32.56,34.28,13.5,50.47,0.02,2.63,0.37
2019,8,32.81,31.19,13.9,55.33,0.29,3.52,0.37
2019,9,31.19,30.11,14.6,58.02,0.38,2.81,0.37
2019,10,26.61,25.11,12.92,60.99,0.12,3.41,0.37
2019,11,27.65,23.63,11.16,68.53,3.1,5.86,0.37
2019,12,29.08,23.31,11.38,70.44,0.45,4.32,0.38
2019,13,30.22,25.17,13.04,63.03,0.35,3.9,0.38
2019,14,33.12,28.42,13.09,53.19,0.09,2.24,0.38
2019,15,32.41,30.94,12.42,50.81,0.05,2.65,0.38
2019,16,32.94,33.94,12.98,51.04,0.06,2.32,0.38
2019,17,32.36,32.37,15.48,53.79,0.1,3.05,0.37
2019,18,19.35,22.29,10.05,66.63,1.01,4.42,0.37
2019,19,33.56,25.48,8.95,43.83,0.0,2.87,0.37
2019,20,29.7,32.96,7.99,35.97,0.0,2.12,0.37
2019,21,32.72,31.02,15.71,24.37,0.0,2.87,0.37
2019,22,33.03,29.33,12.35,47.89,0.12,2.54,0.37
2019,23,31.29,26.31,10.87,55.8,0.04,3.11,0.37
2019,24,32.59,29.72,9.85,49.83,0.01,3.73,0.37
2019,25,32.25,29.44,10.16,53.59,0.0,3.61,0.37
2019,26,32.61,34.5,11.08,47.09,0.0,2.18,0.37
2019,27,32.24,35.62,13.84,48.94,0.0,3.34,0.37
2019,28,31.76,38.33,14.89,40.38,0.0,2.6,0.37
2019,29,31.91,31.38,16.13,45.7,0.0,3.23,0.37
2019,30,27.76,32.73,14.25,55.57,0.04,2.6,0.37
2019,31,28.11,31.45,15.39,58.51,0.96,4.1,0.37
2019,32,29.38,34.04,15.82,53.18,0.17,4.23,0.37
2019,33,20.07,28.55,15.87,60.89,2.67,2.37,0.37
2019,34,15.97,23.62,14.5,79.38,12.75,2.84,0.39
2019,35,31.01,29.84,12.89,57.14,1.16,2.2,0.4
2019,36,31.82,35.4,11.87,44.65,0.02,2.34,0.39
2019,37,30.91,37.56,13.15,43.53,0.02,3.09,0.39
2019,38,31.01,39.29,15.89,41.49,0.0,3.3,0.38
2019,39,29.04,33.15,16.46,48.69,0.02,2.97,0.38
2019,40,28.43,35.03,16.25,51.04,0.09,2.2,0.38
2019,41,26.63,31.96,15.76,64.64,3.29,3.13,0.38
2019,42,24.37,31.54,15.18,63.78,2.63,3.15,0.38
2019,43,27.52,29.8,14.37,64.06,2.29,3.17,0.39
2019,44,30.5,31.75,12.21,53.21,0.25,3.37,0.38
2019,45,28.98,37.86,14.16,41.2,0.01,2.37,0.38
2019,46,28.57,34.87,19.84,40.43,0.0,2.56,0.38
2019,47,26.74,31.3,15.45,57.33,0.01,2.6,0.38
2019,48,29.36,34.1,12.73,48.42,0.0,2.17,0.38
2019,49,29.06,35.36,14.11,43.67,0.0,2.52,0.37
2019,50,27.81,34.65,15.47,47.62,0.0,2.58,0.37
2019,51,24.8,30.61,16.9,56.58,0.0,2.94,0.37
2019,52,25.49,32.13,16.28,56.87,0.0,3.1,0.37
2019,53,26.55,34.12,17.47,49.04,0.0,2.15,0.37
2019,54,27.03,32.14,15.56,50.47,0.0,2.04,0.37
2019,55,27.01,31.62,15.38,51.37,0.0,1.99,0.37
2019,56,26.3,33.17,13.58,49.38,0.03,2.52,0.37
2019,57,14.77,24.69,11.65,68.13,1.34,3.6,0.37
2019,58,23.83,24.53,9.78,55.45,0.02,2.38,0.37
2019,59,25.17,25.69,10.7,67.96,0.15,2.67,0.37
2019,60,25.78,29.66,14.27,60.68,0.14,1.8,0.37
2019,61,22.16,28.58,14.79,60.43,0.51,2.12,0.37
2019,62,26.59,29.35,14.29,54.87,0.06,2.19,0.37
2019,63,17.68,26.57,13.12,66.96,1.43,2.84,0.37
2019,64,27.12,33.68,11.92,53.83,0.14,1.75,0.37
2019,65,26.25,31.92,14.63,47.88,0.01,2.87,0.37
2019,66,18.93,26.08,10.67,70.84,2.58,3.39,0.37
2019,67,18.45,22.68,10.41,72.51,1.75,3.55,0.38
2019,68,20.91,25.81,12.27,73.46,2.27,2.67,0.38
2019,69,7.47,22.13,13.48,81.29,51.19,3.61,0.41
2019,70,14.23,21.89,12.49,77.48,5.74,1.24,0.49
2019,71,16.7,22.25,12.73,77.71,0.68,1.44,0.47
2019,72,23.8,26.58,11.23,70.07,0.02,1.71,0.46
2019,73,24.63,30.67,13.4,65.25,0.01,2.09,0.45
2019,74,24.1,34.04,14.28,61.23,0.0,1.79,0.44
2019,75,24.13,32.12,16.09,57.13,0.02,1.44,0.43
2019,76,19.45,27.08,13.61,73.52,0.26,2.06,0.43
2019,77,21.78,30.37,14.98,67.49,0.08,1.54,0.43
2019,78,20.13,29.34,14.63,66.81,0.02,2.28,0.42
2019,79,20.4,24.81,10.88,69.38,0.14,2.22,0.42
2019,80,23.7,24.92,7.9,65.39,0.01,2.58,0.42
2019,81,18.42,26.72,11.93,65.87,0.1,2.27,0.42
2019,82,22.45,31.78,13.02,45.77,0.01,1.57,0.42
2019,83,22.18,29.11,15.51,54.18,0.51,2.01,0.42
2019,84,19.27,24.07,12.8,74.58,2.36,3.42,0.42
2019,85,21.57,26.63,11.43,61.96,0.26,2.24,0.42
2019,86,22.19,29.72,13.68,43.63,0.0,2.31,0.42
2019,87,18.38,25.59,13.57,51.77,0.02,1.97,0.41
2019,88,22.05,29.99,11.01,61.49,0.04,1.98,0.41
2019,89,21.43,26.43,12.95,65.51,0.18,1.6,0.41
2019,90,19.78,23.79,11.6,71.18,0.55,2.7,0.41
2019,91,19.73,18.41,7.27,60.57,0.22,2.69,0.41
2019,92,21.11,23.69,5.67,59.77,0.0,1.99,0.41
2019,93,21.0,27.5,9.66,42.08,0.02,1.97,0.41
2019,94,5.89,17.21,10.45,82.91,4.68,2.73,0.41
2019,95,20.89,21.55,7.44,65.95,0.16,2.59,0.42
2019,96,20.66,27.32,7.04,59.52,0.0,1.81,0.41
2019,97,18.85,29.72,12.85,47.01,0.01,1.49,0.41
2019,98,19.72,26.81,10.49,66.67,0.04,1.72,0.41
2019,99,17.82,29.09,13.68,66.76,0.04,1.35,0.41
2019,100,19.4,30.63,15.78,47.27,0.0,1.6,0.4
2019,101,18.18,31.64,14.0,50.66,0.1,0.94,0.4
2019,102,17.3,27.97,13.65,59.67,0.76,1.99,0.4
2019,103,10.7,23.6,11.5,79.51,1.82,2.21,0.4
2019,104,8.52,13.15,7.37,76.53,4.34,1.98,0.41
2019,105,15.09,16.87,4.87,76.72,0.4,1.35,0.41
2019,106,17.45,19.5,6.5,70.54,0.46,1.48,0.41
2019,107,17.05,22.64,7.11,63.78,0.0,1.46,0.41
2019,108,18.71,26.55,5.79,51.89,0.01,1.34,0.41
2019,109,16.63,24.73,11.98,50.85,0.89,2.89,0.41
2019,110,15.14,19.63,9.34,76.05,1.44,2.2,0.41
2019,111,15.58,20.01,9.77,72.69,0.33,4.42,0.41
2019,112,12.83,20.97,10.32,74.29,0.33,4.7,0.41
2019,113,8.27,20.73,11.48,79.24,1.71,4.38,0.41
2019,114,15.9,24.67,10.71,74.54,0.27,1.2,0.41
2019,115,16.8,26.07,11.12,63.03,0.03,1.57,0.41
2019,116,16.4,25.04,10.55,67.22,0.14,1.3,0.4
2019,117,16.1,27.72,10.11,60.34,0.06,1.54,0.4
2019,118,17.16,31.16,10.72,33.69,0.0,2.19,0.4
2019,119,13.61,31.41,13.19,32.17,0.0,2.38,0.4
2019,120,9.26,17.74,11.87,74.15,0.21,2.45,0.4
2019,121,15.64,22.67,10.8,66.53,0.16,1.19,0.4
2019,122,15.47,20.19,9.47,67.15,0.98,4.2,0.4
2019,123,11.67,16.94,7.65,77.63,1.36,2.52,0.4
2019,124,12.89,16.96,5.51,67.12,0.01,2.29,0.4
2019,125,11.44,22.3,8.1,61.49,0.0,1.61,0.4
2019,126,15.06,24.55,9.92,54.17,0.0,2.16,0.4
2019,127,11.56,22.46,8.95,60.85,0.02,1.05,0.4
2019,128,6.64,14.54,7.87,89.5,1.11,2.52,0.4
2019,129,14.56,20.68,8.83,66.63,0.18,0.94,0.4
2019,130,15.07,26.0,9.2,41.22,0.0,1.25,0.4
2019,131,13.87,28.47,11.77,32.21,0.0,1.44,0.4
2019,132,13.76,25.12,11.95,49.28,0.17,1.54,0.4
2019,133,12.73,27.2,11.45,63.76,0.14,1.37,0.4
2019,134,8.45,28.76,14.48,40.96,0.13,2.16,0.39
2019,135,13.34,20.75,10.09,69.37,0.06,1.75,0.39
2019,136,11.19,23.87,8.7,62.41,0.18,1.38,0.39
2019,137,13.63,26.51,10.05,48.32,0.07,1.71,0.39
2019,138,13.25,20.66,9.12,67.51,0.12,1.34,0.39
2019,139,10.72,17.54,9.72,63.33,0.75,3.9,0.39
2019,140,6.65,12.13,5.83,79.8,17.02,4.44,0.42
2019,141,10.59,15.57,4.26,79.48,0.03,1.68,0.42
2019,142,13.58,19.3,5.52,67.31,0.12,1.16,0.42
2019,143,13.5,18.84,5.48,76.0,0.18,1.45,0.42
2019,144,13.32,26.61,5.04,47.86,0.0,1.3,0.41
2019,145,10.46,26.19,12.48,40.73,0.0,1.83,0.41
2019,146,4.44,27.58,11.99,54.25,0.31,2.9,0.41
2019,147,10.79,17.01,10.58,84.26,2.28,2.8,0.41
2019,148,9.43,18.64,7.62,80.53,0.56,2.85,0.41
2019,149,11.64,24.18,6.77,59.18,0.0,2.0,0.41
2019,150,10.0,21.79,8.74,50.42,0.13,1.89,0.41
2019,151,11.97,20.42,8.55,60.85,0.31,0.94,0.41
2019,152,11.0,19.52,8.15,66.03,0.0,1.59,0.41
2019,153,11.57,20.36,7.91,63.4,0.06,0.89,0.41
2019,154,9.19,23.76,9.9,46.13,0.0,1.71,0.41
2019,155,4.71,15.36,10.55,71.29,17.15,2.7,0.42
2019,156,8.4,11.73,7.33,84.14,10.29,4.72,0.44
2019,157,11.72,11.53,4.71,73.87,1.94,1.53,0.46
2019,158,11.64,15.12,1.65,62.23,0.88,2.56,0.45
2019,159,10.53,21.08,7.83,77.36,0.43,1.26,0.45
2019,160,11.46,21.82,8.17,53.54,1.37,4.64,0.44
2019,161,7.42,15.35,6.44,89.31,3.83,3.23,0.45
2019,162,12.16,18.22,5.22,76.69,0.92,3.91,0.45
2019,163,7.47,11.19,4.63,82.4,2.81,3.17,0.45
2019,164,12.39,14.07,1.7,62.78,0.02,1.16,0.45
2019,165,12.17,20.72,3.27,35.4,0.0,1.33,0.45
2019,166,12.21,18.25,4.56,38.39,0.0,1.72,0.45
2019,167,11.93,22.28,4.69,34.88,0.0,2.02,0.44
2019,168,9.46,21.26,9.23,36.79,0.01,1.33,0.44
2019,169,11.21,23.77,7.37,41.45,0.0,2.2,0.44
2019,170,10.42,22.07,8.79,47.95,0.0,2.23,0.44
2019,171,10.24,23.35,7.33,45.46,0.0,2.22,0.44
2019,172,9.98,18.42,6.24,56.52,5.09,4.99,0.44
2019,173,6.42,11.65,8.07,95.48,22.41,2.59,0.47
2019,174,11.63,16.31,6.9,78.58,0.43,1.01,0.49
2019,175,10.16,15.39,6.71,78.87,1.22,1.49,0.48
2019,176,9.74,17.97,7.16,80.48,0.62,2.27,0.48
2019,177,11.02,17.79,5.37,71.09,0.1,1.31,0.47
2019,178,12.08,16.9,3.2,63.79,2.61,4.28,0.47
2019,179,7.11,10.66,7.13,89.75,7.76,4.57,0.48
2019,180,10.19,14.96,5.29,83.85,0.33,2.66,0.48
2019,181,9.42,13.84,2.31,81.14,2.42,3.29,0.48
2019,182,6.71,11.33,6.26,87.64,6.23,3.52,0.49
2019,183,4.85,9.27,7.04,91.86,5.07,5.16,0.49
2019,184,9.94,16.76,6.33,85.88,0.64,2.01,0.5
2019,185,10.76,14.55,4.99,87.9,3.55,2.55,0.5
2019,186,12.38,16.22,4.72,82.36,0.45,1.42,0.5
2019,187,6.66,13.21,4.45,90.74,6.8,4.32,0.5
2019,188,9.86,12.63,6.03,89.63,1.9,2.25,0.51
2019,189,7.43,14.47,6.4,92.86,1.03,2.57,0.51
2019,190,12.08,21.39,5.61,70.78,0.1,1.34,0.5
2019,191,12.4,23.19,9.81,48.87,0.04,1.35,0.5
2019,192,12.39,19.43,6.4,63.99,0.33,2.09,0.5
2019,193,10.7,16.56,7.49,83.59,0.57,1.4,0.5
2019,194,12.65,18.96,6.84,67.66,0.04,0.84,0.5
2019,195,12.62,16.23,4.25,73.76,0.03,1.9,0.49
2019,196,12.42,18.71,2.82,68.25,0.06,1.0,0.49
2019,197,12.18,17.13,4.2,64.24,0.01,1.82,0.49
2019,198,11.32,14.28,3.56,80.06,0.35,3.5,0.49
2019,199,4.12,12.46,8.29,93.42,9.66,4.98,0.5
2019,200,7.07,11.24,3.14,86.78,7.44,3.56,0.52
2019,201,12.47,9.83,0.56,81.88,0.73,1.76,0.52
2019,202,13.35,18.29,-0.54,62.52,0.0,2.6,0.51
2019,203,10.12,14.09,4.05,75.71,1.93,4.7,0.51
2019,204,3.64,10.75,6.59,92.2,65.37,6.84,0.56
2019,205,7.27,10.09,5.48,91.24,6.25,4.15,0.62
2019,206,11.98,13.88,4.73,86.92,1.09,3.3,0.6
2019,207,13.73,19.05,4.57,72.3,0.61,1.37,0.59
2019,208,13.17,21.88,5.6,54.78,0.01,1.57,0.58
2019,209,10.82,18.6,6.96,68.55,0.05,2.01,0.58
2019,210,11.2,16.01,5.39,77.17,2.44,4.48,0.57
2019,211,8.04,11.23,7.71,90.63,11.18,6.42,0.59
2019,212,10.48,12.12,4.24,88.28,6.57,1.72,0.6
2019,213,14.56,16.64,3.13,74.47,0.11,1.52,0.59
2019,214,14.57,15.0,5.69,70.03,0.13,1.48,0.59
2019,215,14.52,16.13,4.68,77.44,0.15,1.08,0.59
2019,216,14.17,15.24,3.44,81.55,0.17,2.12,0.58
2019,217,7.28,10.64,5.49,95.05,3.9,4.4,0.58
2019,218,11.48,16.16,4.67,87.32,0.5,2.72,0.59
2019,219,8.8,11.02,3.08,86.04,6.58,4.01,0.59
2019,220,9.21,10.72,2.27,86.85,0.64,1.94,0.59
2019,221,15.65,14.39,0.78,76.54,0.02,1.62,0.59
2019,222,16.27,17.64,3.59,66.12,0.04,2.2,0.58
2019,223,9.11,9.86,6.55,92.76,4.87,3.61,0.59
2019,224,11.17,11.83,4.32,85.78,2.75,1.91,0.59
2019,225,15.47,14.08,2.55,86.76,0.21,1.94,0.59
2019,226,15.51,17.02,6.05,86.34,0.32,1.12,0.59
2019,227,16.8,22.99,5.38,58.78,0.01,1.34,0.58
2019,228,16.46,17.27,6.25,79.51,0.32,2.07,0.58
2019,229,16.16,24.17,7.72,69.3,0.15,2.21,0.58
2019,230,16.38,19.62,8.93,70.21,0.07,2.53,0.57
2019,231,17.35,15.33,4.89,79.28,0.16,1.52,0.57
2019,232,17.63,21.16,3.06,72.01,0.0,1.48,0.57
2019,233,17.67,25.17,5.25,45.83,0.0,1.64,0.56
2019,234,16.13,24.92,11.65,39.84,0.03,1.48,0.56
2019,235,17.21,25.12,10.14,37.5,0.03,1.26,0.56
2019,236,17.65,23.93,8.05,48.28,0.04,2.09,0.55
2019,237,16.14,17.07,5.96,83.87,1.82,2.31,0.55
2019,238,14.55,13.66,4.1,81.74,0.9,2.17,0.55
2019,239,12.05,12.38,2.62,81.09,0.56,1.66,0.55
2019,240,17.99,13.6,3.03,72.42,0.1,1.16,0.55
2019,241,18.37,13.46,1.79,78.0,0.04,1.42,0.55
2019,242,14.3,11.72,2.67,87.03,4.51,2.16,0.55
2019,243,16.17,13.2,3.76,82.84,1.96,2.2,0.56
2019,244,18.28,16.86,2.66,85.18,0.33,2.03,0.55
2019,245,19.66,21.43,7.19,71.99,0.37,0.83,0.55
2019,246,19.7,24.12,8.11,59.69,0.23,1.47,0.54
2019,247,19.02,17.43,6.58,82.56,0.54,2.79,0.54
2019,248,17.51,18.64,6.36,78.96,0.06,2.91,0.54
2019,249,20.51,24.72,4.4,60.15,0.0,1.52,0.54
2019,250,19.35,29.13,8.47,48.58,0.0,2.3,0.53
2019,251,19.24,29.24,13.67,56.25,0.0,2.88,0.53
2019,252,15.84,25.43,12.02,52.59,0.02,1.97,0.52
2019,253,17.74,21.77,10.21,70.72,0.1,2.99,0.52
2019,254,17.43,18.15,8.98,80.35,4.18,2.67,0.52
2019,255,8.61,10.46,5.71,90.33,12.76,3.24,0.54
2019,256,17.58,14.51,4.81,74.84,0.33,1.65,0.54
2019,257,15.05,17.25,5.28,69.13,0.81,1.51,0.54
2019,258,18.93,20.53,8.45,64.56,0.03,2.39,0.53
2019,259,21.1,23.4,8.46,67.08,0.01,1.74,0.53
2019,260,21.81,26.26,9.86,60.82,0.0,1.2,0.52
2019,261,15.01,26.73,10.73,62.61,0.0,1.23,0.52
2019,262,15.07,31.59,12.99,57.38,0.05,2.72,0.52
2019,263,12.76,19.89,9.73,81.62,0.62,3.28,0.51
2019,264,15.32,17.62,8.44,81.38,1.47,2.75,0.51
2019,265,17.37,14.58,3.81,74.13,1.57,2.42,0.51
2019,266,23.33,20.22,2.74,70.41,0.01,2.0,0.51
2019,267,23.58,21.09,6.1,76.91,0.48,3.67,0.51
2019,268,24.6,27.75,6.63,48.92,0.01,2.54,0.5
2019,269,24.33,30.98,8.89,32.23,0.0,1.95,0.5
2019,270,23.42,30.37,13.29,42.98,0.1,2.4,0.49
2019,271,16.22,27.15,13.41,58.11,10.22,1.05,0.49
2019,272,7.27,15.77,6.96,86.61,13.43,2.83,0.53
2019,273,21.22,17.93,6.51,76.59,0.29,1.81,0.53
2019,274,25.09,21.78,7.23,61.9,0.05,1.34,0.52
2019,275,21.54,24.23,9.99,56.92,0.12,2.12,0.51
2019,276,23.83,20.85,10.11,73.54,0.08,1.88,0.51
2019,277,22.58,19.5,8.91,72.7,0.02,2.83,0.5
2019,278,26.22,26.47,5.85,64.63,0.0,2.04,0.5
2019,279,24.0,20.61,8.34,71.27,0.02,1.42,0.49
2019,280,19.89,19.69,8.98,77.07,0.04,2.48,0.49
2019,281,25.46,20.56,7.78,71.62,1.64,3.31,0.49
2019,282,20.04,14.57,3.46,71.65,1.71,2.76,0.49
2019,283,27.6,23.14,2.65,59.83,0.01,1.7,0.49
2019,284,25.61,27.99,6.43,50.04,0.0,1.68,0.48
2019,285,27.06,24.5,7.88,65.06,0.23,2.36,0.48
2019,286,27.69,26.46,10.84,59.44,0.18,2.12,0.48
2019,287,26.99,23.89,9.47,56.88,0.0,2.93,0.47
2019,288,28.23,28.4,7.84,54.38,0.01,1.35,0.47
2019,289,27.85,33.58,10.65,39.61,0.0,1.64,0.46
2019,290,25.13,29.77,13.37,48.87,0.02,1.6,0.46
2019,291,26.48,30.47,12.11,56.34,0.26,1.6,0.46
2019,292,24.91,29.65,12.33,54.51,0.32,2.09,0.46
2019,293,22.24,22.06,10.96,72.71,2.91,2.7,0.46
2019,294,25.54,17.55,6.92,66.99,1.4,3.54,0.46
2019,295,28.07,22.97,5.64,57.79,0.07,2.67,0.46
2019,296,15.14,18.4,7.74,72.11,0.46,3.02,0.46
2019,297,16.44,18.35,8.88,60.62,0.12,3.4,0.45
2019,298,10.11,19.4,10.69,77.73,24.76,5.18,0.47
2019,299,23.63,20.93,9.74,74.35,3.06,2.28,0.5
2019,300,18.7,16.34,7.97,79.05,17.08,5.23,0.49
2019,301,18.08,12.45,6.0,78.32,11.71,4.43,0.53
2019,302,26.45,15.86,3.94,68.99,0.13,2.47,0.52
2019,303,29.77,19.06,5.06,66.9,0.07,2.01,0.51
2019,304,30.72,25.34,5.52,61.73,0.02,2.16,0.5
2019,305,17.9,26.92,8.58,55.09,0.01,2.0,0.5
2019,306,30.29,22.07,8.24,64.87,0.24,3.9,0.49
2019,307,29.52,23.86,9.68,68.53,0.2,2.25,0.49
2019,308,30.41,31.14,8.31,55.09,0.0,1.72,0.48
2019,309,28.17,29.13,12.53,51.98,0.06,3.27,0.48
2019,310,21.57,18.07,9.42,74.57,1.13,5.81,0.47
2019,311,19.77,16.15,7.83,72.81,0.19,3.06,0.47
2019,312,30.22,26.87,9.07,60.88,0.1,3.1,0.47
2019,313,30.29,30.3,11.58,52.64,0.0,2.27,0.47
2019,314,25.21,25.31,10.76,67.31,0.08,1.32,0.46
2019,315,16.36,24.19,12.54,77.68,2.15,1.48,0.46
2019,316,21.28,23.5,13.27,77.57,5.9,2.76,0.47
2019,317,28.05,25.11,11.8,67.86,0.71,3.98,0.47
2019,318,29.33,24.28,10.81,71.6,0.48,3.45,0.46
2019,319,31.8,30.6,12.92,65.02,0.41,2.8,0.46
2019,320,28.26,26.56,11.55,70.36,1.81,4.04,0.46
2019,321,31.38,19.81,7.0,64.94,0.84,3.32,0.46
2019,322,32.79,21.29,5.13,62.82,0.16,2.71,0.45
2019,323,32.75,22.38,7.4,58.61,0.17,2.51,0.45
2019,324,25.28,27.28,6.02,56.11,0.01,2.22,0.45
2019,325,32.78,27.54,8.52,59.7,0.13,2.1,0.45
2019,326,33.21,28.76,8.41,61.79,0.09,2.89,0.44
2019,327,30.26,23.39,10.91,65.55,0.11,3.16,0.44
2019,328,31.71,24.18,10.45,61.23,0.08,2.42,0.44
2019,329,32.97,27.61,10.39,45.42,0.01,2.27,0.43
2019,330,33.38,34.34,8.83,43.09,0.02,2.0,0.43
2019,331,34.08,36.12,10.23,42.03,0.0,2.1,0.43
2019,332,33.71,36.53,12.9,36.95,0.0,2.46,0.42
2019,333,33.12,28.48,12.01,52.6,0.02,3.01,0.42
2019,334,26.73,23.31,12.04,62.38,0.05,2.97,0.42
2019,335,33.17,29.73,11.87,53.65,0.03,2.63,0.42
2019,336,31.23,24.92,12.76,60.83,0.82,3.94,0.42
2019,337,32.21,20.55,7.88,55.0,0.51,4.46,0.42
2019,338,34.78,27.6,6.38,45.15,0.0,4.06,0.41
2019,339,34.64,34.89,10.09,32.66,0.0,2.08,0.41
2019,340,34.12,32.56,14.7,36.11,0.08,2.92,0.41
2019,341,33.28,31.78,12.55,55.42,0.09,2.96,0.41
2019,342,31.74,31.16,11.72,57.48,0.06,3.61,0.4
2019,343,31.01,31.12,13.35,52.84,0.09,1.89,0.4
2019,344,29.49,29.98,13.2,50.62,0.06,1.91,0.4
2019,345,29.39,29.7,14.98,55.77,0.06,1.85,0.4
2019,346,30.63,32.16,14.38,56.51,0.07,1.79,0.4
2019,347,31.13,32.38,15.8,55.24,0.18,2.22,0.39
2019,348,22.99,23.45,9.61,68.16,2.92,4.89,0.39
2019,349,28.06,20.79,8.49,53.69,0.03,2.87,0.4
2019,350,34.18,32.5,7.27,44.69,0.0,2.03,0.4
2019,351,34.03,29.53,12.0,47.49,0.24,5.63,0.39
2019,352,15.25,17.95,11.37,68.27,2.7,5.8,0.4
2019,353,20.9,21.15,11.0,69.25,0.44,5.45,0.4
2019,354,31.69,27.93,11.75,62.86,0.24,4.03,0.4
2019,355,26.67,24.1,9.69,59.9,0.98,3.2,0.39
2019,356,35.22,33.24,8.11,49.95,0.0,2.31,0.39
2019,357,34.91,30.14,12.69,50.16,0.03,2.52,0.39
2019,358,31.61,23.77,8.71,59.66,0.25,3.82,0.39
2019,359,27.15,20.45,11.27,63.58,1.04,4.37,0.39
2019,360,15.93,17.09,8.95,72.06,3.07,5.14,0.39
2019,361,33.13,23.75,8.23,56.33,0.2,3.91,0.39
2019,362,34.67,33.41,8.3,49.89,0.0,3.05,0.39
2019,363,33.89,33.41,11.89,54.85,0.06,3.11,0.39
2019,364,33.13,30.56,12.79,60.58,0.09,3.62,0.39
2019,365,33.87,32.15,10.78,53.75,0.02,3.26,0.38
2020,1,33.93,33.35,11.5,54.46,0.01,2.49,0.38
2020,2,33.36,32.11,14.69,60.12,0.01,3.07,0.38
2020,3,34.18,32.24,13.38,54.65,0.01,2.66,0.38
2020,4,33.93,34.55,13.3,50.08,0.0,2.84,0.38
2020,5,21.36,24.92,13.57,63.08,0.0,2.71,0.38
2020,6,22.12,26.32,14.9,58.67,0.08,1.94,0.38
2020,7,21.87,30.25,15.08,48.34,0.4,2.36,0.38
2020,8,25.18,30.54,15.29,57.04,0.21,3.55,0.38
2020,9,31.56,26.81,13.74,59.78,0.37,3.28,0.38
2020,10,33.42,32.91,12.64,48.24,0.07,2.25,0.38
2020,11,33.59,34.14,16.27,39.31,0.0,2.56,0.37
2020,12,32.89,35.25,13.53,47.64,0.0,2.46,0.37
2020,13,32.41,35.96,15.39,51.03,0.0,2.64,0.37
2020,14,32.16,37.98,18.21,52.63,0.0,2.62,0.37
2020,15,32.69,41.37,18.35,50.42,0.0,2.94,0.37
2020,16,32.27,39.87,19.49,50.87,0.19,2.94,0.37
2020,17,26.38,31.97,15.47,63.56,2.33,5.17,0.37
2020,18,14.77,21.6,12.75,73.93,7.23,5.96,0.38
2020,19,8.64,18.32,12.22,78.98,17.79,6.36,0.41
2020,20,22.12,27.75,13.21,66.33,1.08,3.35,0.42
2020,21,21.88,29.26,14.37,65.81,0.57,2.65,0.41
2020,22,17.37,26.12,14.57,72.56,3.37,2.65,0.41
2020,23,29.38,28.98,13.68,59.97,0.09,3.82,0.41
2020,24,30.84,32.78,15.27,52.03,0.02,2.14,0.4
2020,25,27.38,29.19,14.21,64.68,0.35,3.88,0.4
2020,26,24.94,20.47,9.37,59.66,0.47,3.91,0.4
2020,27,30.8,27.32,8.72,51.97,0.0,1.68,0.4
2020,28,32.17,31.69,12.29,42.45,0.01,2.1,0.39
2020,29,30.74,30.31,12.44,61.2,0.06,3.05,0.39
2020,30,32.04,37.11,13.02,47.39,0.01,2.89,0.39
2020,31,30.53,30.65,16.01,48.44,0.01,2.93,0.39
2020,32,28.65,35.31,13.71,51.66,0.07,2.02,0.38
2020,33,30.04,35.41,19.26,43.29,0.02,2.45,0.38
2020,34,30.95,36.22,18.08,51.21,0.1,2.06,0.38
2020,35,31.45,36.82,18.25,49.3,0.04,2.58,0.38
2020,36,27.61,26.85,14.06,58.1,0.55,3.74,0.38
2020,37,22.94,25.47,12.96,64.1,1.01,4.69,0.38
2020,38,17.4,27.63,13.68,63.68,0.08,2.34,0.38
2020,39,30.44,31.54,12.27,53.55,0.08,2.18,0.38
2020,40,29.6,31.04,15.14,61.33,0.52,3.3,0.38
2020,41,29.81,33.12,15.5,56.71,0.82,2.67,0.38
2020,42,30.21,36.13,14.37,45.7,0.05,2.29,0.38
2020,43,30.27,37.72,17.44,32.96,0.02,2.28,0.37
2020,44,29.74,32.46,15.23,47.12,0.12,2.53,0.37
2020,45,28.94,31.97,14.29,56.62,0.27,2.54,0.37
2020,46,28.33,37.89,14.3,45.77,0.09,2.1,0.37
2020,47,25.11,30.17,14.86,50.28,0.03,4.85,0.37
2020,48,25.4,28.45,14.26,66.02,1.43,3.28,0.37
2020,49,28.4,34.21,14.16,56.66,0.17,2.86,0.37
2020,50,27.1,36.67,16.48,45.91,0.14,2.32,0.37
2020,51,26.65,32.14,15.22,56.12,0.47,2.85,0.37
2020,52,29.17,33.43,13.06,47.74,0.04,2.08,0.37
2020,53,23.83,26.74,12.88,65.29,0.71,3.45,0.37
2020,54,28.98,31.03,11.84,46.76,0.03,4.06,0.37
2020,55,28.52,35.81,11.47,34.62,0.0,1.83,0.37
2020,56,28.37,38.83,16.09,23.32,0.01,2.99,0.37
2020,57,27.33,32.54,15.02,44.54,0.32,2.72,0.37
2020,58,24.45,25.82,13.88,64.97,0.98,4.46,0.37
2020,59,24.64,28.34,12.92,58.12,0.52,4.86,0.37
2020,60,27.45,34.02,11.5,42.29,0.0,3.02,0.37
2020,61,27.01,35.4,15.44,32.55,0.01,2.38,0.37
2020,62,26.28,32.21,15.54,54.86,0.32,1.83,0.37
2020,63,26.92,35.99,14.47,42.35,0.04,1.94,0.37
2020,64,19.66,34.52,18.99,36.64,0.02,2.97,0.37
2020,65,20.06,31.51,17.94,53.46,0.74,2.02,0.37
2020,66,22.46,38.64,19.79,35.48,0.0,2.02,0.37
2020,67,24.41,37.5,19.93,29.86,0.02,2.26,0.37
2020,68,15.82,27.18,15.07,59.9,1.42,3.05,0.37
2020,69,19.98,29.19,14.18,66.25,2.51,3.48,0.37
2020,70,19.18,27.15,15.45,67.37,1.64,2.75,0.38
2020,71,16.31,31.13,15.1,59.47,0.35,1.71,0.38
2020,72,20.89,31.08,14.51,56.74,0.26,1.25,0.37
2020,73,23.04,30.6,14.57,59.47,0.1,2.02,0.37
2020,74,21.08,28.06,12.56,64.45,0.91,2.61,0.37
2020,75,21.54,23.05,12.75,73.0,2.49,4.75,0.38
2020,76,22.56,29.26,12.77,58.82,0.3,4.27,0.38
2020,77,24.36,30.69,13.52,45.11,0.02,2.8,0.38
2020,78,23.61,28.78,12.17,63.46,0.05,1.91,0.37
2020,79,23.87,29.57,12.14,58.65,0.01,2.05,0.37
2020,80,22.01,25.48,11.53,66.69,0.02,2.23,0.37
2020,81,23.03,28.65,12.6,59.97,0.04,1.83,0.37
2020,82,22.8,28.77,12.32,63.19,0.25,2.08,0.37
2020,83,21.81,29.22,12.67,57.82,0.12,1.98,0.37
2020,84,20.57,31.34,12.17,50.21,0.01,1.7,0.37
2020,85,21.01,26.81,10.56,59.17,1.12,3.78,0.37
2020,86,20.92,18.72,7.84,54.86,0.03,3.36,0.37
2020,87,22.15,25.45,6.26,46.78,0.0,1.95,0.37
2020,88,22.21,25.42,11.25,40.03,0.03,2.26,0.37
2020,89,22.48,25.7,10.33,63.85,0.37,2.02,0.37
2020,90,22.43,30.05,8.36,55.84,0.04,1.97,0.37
2020,91,19.23,22.19,10.5,69.86,0.38,2.58,0.37
2020,92,19.79,25.67,11.54,61.93,0.23,3.62,0.37
2020,93,21.24,31.18,10.55,46.35,0.0,1.73,0.37
2020,94,20.84,32.37,15.08,33.96,0.0,1.74,0.37
2020,95,20.36,31.08,13.46,38.99,0.02,2.61,0.37
2020,96,16.01,21.77,11.11,73.17,0.75,3.69,0.37
2020,97,8.86,13.83,7.66,77.01,4.45,3.88,0.38
2020,98,15.95,17.77,6.37,61.39,0.4,2.22,0.38
2020,99,20.51,24.1,4.9,48.3,0.0,1.85,0.38
2020,100,19.38,28.26,9.32,29.55,0.0,2.13,0.38
2020,101,17.71,27.27,13.42,40.23,0.0,1.63,0.38
2020,102,10.79,25.01,13.06,64.87,1.16,3.5,0.37
2020,103,16.77,17.91,8.94,78.26,16.25,3.98,0.4
2020,104,17.68,19.57,6.56,72.77,0.42,1.46,0.41
2020,105,18.97,20.59,8.57,71.13,0.95,1.77,0.4
2020,106,14.54,21.03,7.06,64.43,0.02,1.59,0.4
2020,107,18.01,22.19,8.86,66.79,0.04,1.34,0.4
2020,108,17.61,22.53,8.54,65.35,0.01,1.47,0.4
2020,109,18.12,27.58,7.18,48.23,0.0,1.81,0.39
2020,110,16.93,27.85,10.4,43.53,0.0,2.73,0.39
2020,111,14.26,19.72,8.51,79.65,0.11,3.74,0.39
2020,112,13.73,19.63,8.16,72.15,0.06,1.23,0.39
2020,113,17.6,24.06,6.38,65.74,0.01,1.6,0.39
2020,114,11.42,20.19,7.92,67.45,0.06,1.09,0.39
2020,115,15.79,22.04,11.44,75.41,0.04,1.23,0.39
2020,116,15.57,24.93,10.24,67.73,0.03,2.18,0.39
2020,117,15.03,25.23,10.87,68.7,2.38,2.41,0.39
2020,118,13.37,19.34,9.47,80.65,4.34,3.44,0.4
2020,119,16.72,23.64,8.15,60.58,0.08,1.51,0.4
2020,120,16.59,24.75,7.81,40.99,0.0,1.48,0.4
2020,121,16.26,26.15,10.21,38.84,0.0,2.0,0.39
2020,122,14.34,24.73,10.29,37.26,0.0,1.78,0.39
2020,123,15.81,24.18,10.42,53.39,0.8,2.5,0.39
2020,124,10.43,18.21,9.88,83.81,3.3,1.91,0.4
2020,125,15.62,21.82,7.92,70.59,0.11,1.67,0.4
2020,126,14.54,23.05,7.3,72.57,0.2,1.29,0.39
2020,127,14.95,27.14,9.64,59.45,0.11,1.36,0.39
2020,128,12.28,26.78,12.25,38.99,0.07,1.4,0.39
2020,129,15.14,28.51,9.18,52.34,0.11,1.41,0.39
2020,130,14.44,29.56,10.55,34.4,0.01,1.64,0.39
2020,131,14.86,29.67,12.09,31.79,0.01,2.19,0.39
2020,132,14.22,24.77,11.89,51.6,0.52,1.43,0.39
2020,133,11.38,19.41,10.29,81.23,1.48,1.7,0.39
2020,134,12.14,16.58,9.28,76.11,0.24,1.29,0.39
2020,135,14.18,22.01,5.56,61.64,0.01,1.41,0.39
2020,136,10.42,16.89,7.15,79.98,0.56,1.79,0.39
2020,137,14.07,21.14,6.01,56.52,0.08,1.15,0.39
2020,138,13.1,25.63,9.04,39.75,0.0,1.6,0.39
2020,139,11.68,24.08,7.84,55.91,0.0,1.21,0.39
2020,140,13.8,25.83,11.96,26.03,0.0,1.2,0.39
2020,141,13.4,27.85,8.87,29.66,0.0,2.66,0.38
2020,142,11.94,20.06,10.34,60.48,1.3,2.94,0.38
2020,143,13.35,18.75,6.83,77.07,0.27,1.73,0.39
2020,144,13.31,20.81,6.69,71.06,0.16,1.49,0.39
2020,145,13.32,20.88,7.31,67.42,0.19,2.16,0.38
2020,146,6.0,11.43,6.4,85.46,29.23,5.88,0.42
2020,147,7.84,9.9,3.93,81.18,4.63,1.83,0.45
2020,148,8.6,10.34,3.47,85.06,0.29,2.32,0.44
2020,149,5.43,13.58,5.14,90.57,4.42,3.97,0.44
2020,150,6.5,17.21,10.24,91.57,6.42,2.21,0.45
2020,151,12.31,22.33,8.01,65.8,0.18,1.37,0.45
2020,152,12.53,24.6,8.43,39.65,0.0,1.84,0.44
2020,153,12.32,24.8,9.69,36.65,0.04,1.42,0.44
2020,154,8.59,18.1,10.1,51.19,0.05,1.6,0.43
2020,155,10.4,19.21,8.93,81.19,0.8,1.33,0.43
2020,156,11.58,24.97,8.16,51.82,0.03,1.67,0.43
2020,157,10.91,24.04,9.7,51.56,0.1,1.94,0.43
2020,158,10.86,22.59,8.33,54.94,0.29,1.34,0.43
2020,159,11.3,24.14,9.77,47.81,0.05,1.7,0.43
2020,160,11.24,21.31,6.39,53.93,0.0,2.11,0.43
2020,161,7.18,18.94,8.01,60.7,0.99,3.18,0.43
2020,162,2.82,11.63,6.84,89.82,30.7,6.16,0.46
2020,163,4.14,6.47,2.31,94.36,23.05,2.91,0.52
2020,164,9.63,10.33,2.46,88.24,0.55,1.52,0.52
2020,165,10.75,13.18,1.24,71.61,0.01,1.53,0.51
2020,166,10.87,14.21,3.26,64.19,5.86,1.54,0.5
2020,167,10.93,14.56,4.08,88.22,1.88,1.5,0.51
2020,168,11.84,18.2,1.95,66.49,0.0,1.49,0.5
2020,169,11.96,18.61,2.93,54.39,0.0,1.89,0.5
2020,170,11.9,19.36,3.04,66.52,0.0,2.45,0.49
2020,171,11.36,21.62,6.67,60.74,0.0,2.95,0.49
2020,172,10.92,17.42,7.16,81.15,0.54,2.3,0.49
2020,173,7.17,14.18,7.26,90.12,1.64,2.16,0.49
2020,174,11.5,16.66,4.88,81.14,0.0,1.66,0.49
2020,175,11.93,18.15,4.2,63.23,0.0,1.96,0.49
2020,176,11.8,22.02,5.14,53.44,0.0,2.48,0.49
2020,177,11.57,15.52,5.46,74.29,4.36,3.56,0.49
2020,178,7.8,11.02,5.27,89.59,11.56,2.69,0.51
2020,179,4.68,10.8,5.87,93.38,13.38,6.38,0.52
2020,180,7.41,10.14,6.27,89.92,0.74,2.03,0.53
2020,181,8.36,11.74,4.61,95.27,2.16,1.27,0.53
2020,182,11.82,18.63,5.1,75.34,0.06,1.66,0.52
2020,183,11.88,19.34,4.46,56.24,0.0,1.55,0.52
2020,184,9.12,13.99,3.85,79.97,0.97,1.91,0.52
2020,185,11.94,15.69,5.9,71.1,0.09,0.7,0.52
2020,186,10.24,15.22,4.38,65.14,0.03,1.88,0.51
2020,187,11.35,16.69,4.8,86.91,0.86,1.63,0.51
2020,188,12.23,18.84,4.36,68.08,3.42,2.63,0.51
2020,189,12.81,13.06,1.81,80.44,1.74,1.6,0.52
2020,190,12.8,19.44,0.12,60.26,0.0,1.98,0.52
2020,191,6.74,11.39,6.23,78.75,23.01,5.82,0.52
2020,192,2.49,9.22,4.38,93.01,49.35,3.46,0.6
2020,193,8.9,8.92,2.14,87.08,8.64,2.48,0.64
2020,194,12.75,13.41,-0.3,78.47,1.26,3.95,0.62
2020,195,5.48,8.59,4.69,89.16,35.9,6.71,0.65
2020,196,9.9,8.54,0.59,85.53,9.79,1.87,0.66
2020,197,12.75,12.79,-1.2,72.21,0.0,1.25,0.65
2020,198,13.04,17.21,1.67,57.12,0.0,1.73,0.64
2020,199,13.23,19.05,1.55,61.52,0.0,2.16,0.63
2020,200,13.03,17.18,3.9,57.81,0.11,2.25,0.63
2020,201,13.07,19.2,1.63,63.6,0.44,1.43,0.62
2020,202,12.6,19.69,3.97,60.26,0.2,1.43,0.62
2020,203,12.88,18.57,4.91,60.62,0.01,1.76,0.62
2020,204,13.26,20.25,5.51,58.3,0.06,1.35,0.62
2020,205,13.46,21.42,6.13,57.66,0.03,1.78,0.61
2020,206,13.5,21.08,4.79,55.9,0.0,2.06,0.61
2020,207,13.23,18.7,5.16,73.28,0.15,2.17,0.61
2020,208,11.49,12.55,4.16,89.85,1.64,1.82,0.61
2020,209,14.29,18.3,2.9,73.13,0.02,1.88,0.61
2020,210,13.73,15.43,5.29,74.72,0.12,1.39,0.6
2020,211,14.16,15.04,3.71,87.75,0.32,1.23,0.6
2020,212,14.0,15.35,6.12,88.97,1.55,0.84,0.6
2020,213,14.58,20.86,5.71,64.21,0.06,1.21,0.6
2020,214,14.81,22.26,6.82,49.35,0.21,1.51,0.6
2020,215,14.37,20.97,6.17,58.23,0.0,2.25,0.59
2020,216,14.37,16.06,5.64,77.46,3.72,2.41,0.59
2020,217,8.49,9.19,0.27,87.53,15.57,2.28,0.61
2020,218,12.09,9.55,-0.2,87.26,2.29,1.9,0.62
2020,219,13.39,9.89,2.61,90.03,4.33,1.24,0.62
2020,220,15.98,16.43,-0.09,71.65,0.14,1.65,0.62
2020,221,13.63,16.15,1.79,64.36,12.16,4.67,0.62
2020,222,7.32,11.45,6.45,91.49,22.26,5.29,0.65
2020,223,14.32,14.35,3.64,85.14,1.17,1.61,0.66
2020,224,8.63,10.38,3.07,91.25,6.92,3.21,0.66
2020,225,8.92,9.6,5.82,93.41,10.96,4.67,0.65
2020,226,15.8,13.33,3.14,85.84,0.52,1.83,0.66
2020,227,16.56,14.57,1.92,84.62,0.4,2.87,0.66
2020,228,8.78,8.55,2.44,88.55,18.08,3.67,0.67
2020,229,12.5,9.52,2.71,84.25,4.29,1.45,0.68
2020,230,12.54,9.94,0.85,86.45,17.71,3.74,0.68
2020,231,12.38,8.48,1.59,86.72,5.07,2.33,0.7
2020,232,16.73,11.73,1.55,83.79,0.09,0.92,0.69
2020,233,10.71,11.57,2.97,93.91,1.82,1.28,0.69
2020,234,17.52,18.16,5.88,79.17,0.08,1.84,0.69
2020,235,18.28,20.18,6.7,58.99,0.0,1.86,0.68
2020,236,17.07,17.83,6.92,65.41,0.27,1.24,0.68
2020,237,15.02,17.18,7.09,86.98,2.04,1.3,0.68
2020,238,13.82,14.5,5.0,90.17,5.54,2.26,0.67
2020,239,17.48,15.5,4.62,83.09,1.41,2.89,0.68
2020,240,15.35,14.46,3.49,85.06,3.21,2.32,0.68
2020,241,7.88,9.17,4.79,94.44,33.94,3.38,0.7
2020,242,10.24,6.07,0.24,89.64,12.75,2.43,0.74
2020,243,17.81,10.3,-1.7,81.28,0.36,0.94,0.73
2020,244,10.59,8.53,-1.33,90.48,3.04,1.92,0.72
2020,245,13.46,14.86,3.93,81.56,0.69,3.92,0.72
2020,246,9.94,11.13,7.3,89.41,4.88,5.84,0.72
2020,247,19.49,18.89,7.33,71.39,0.49,1.86,0.72
2020,248,18.49,16.85,6.34,75.82,0.01,2.75,0.71
2020,249,8.45,13.81,5.89,89.84,2.83,1.82,0.71
2020,250,16.34,15.4,5.95,88.07,1.41,2.48,0.71
2020,251,20.72,21.18,4.98,74.65,0.04,1.59,0.71
2020,252,20.88,26.02,8.63,62.38,0.02,1.84,0.7
2020,253,20.02,19.3,8.58,74.92,3.69,2.04,0.7
2020,254,18.11,18.16,9.35,87.24,3.7,4.17,0.7
2020,255,15.26,24.81,7.68,79.61,0.87,1.74,0.7
2020,256,18.13,23.52,11.11,71.76,0.42,2.4,0.69
2020,257,13.96,11.48,7.13,85.26,7.5,6.03,0.69
2020,258,12.66,11.87,5.04,85.76,5.31,2.58,0.7
2020,259,19.47,15.35,4.37,80.9,0.07,1.57,0.7
2020,260,13.99,13.02,3.09,88.82,3.52,2.62,0.69
2020,261,21.58,18.48,6.97,79.2,0.31,1.12,0.69
2020,262,21.45,17.89,6.54,82.59,0.11,1.58,0.69
2020,263,22.57,19.48,6.85,80.6,0.08,1.33,0.68
2020,264,12.67,11.96,6.25,92.36,1.22,2.92,0.68
2020,265,23.93,16.56,3.91,74.82,0.09,1.89,0.68
2020,266,24.76,23.23,2.54,61.3,0.0,1.34,0.67
2020,267,24.61,25.76,8.16,50.41,0.0,1.44,0.66
2020,268,24.38,26.37,8.18,56.9,0.06,1.83,0.66
2020,269,11.32,11.66,4.13,91.49,15.45,4.59,0.67
2020,270,17.03,10.91,2.91,83.05,5.24,2.85,0.68
2020,271,22.35,12.96,1.46,73.08,0.18,1.16,0.68
2020,272,23.4,13.98,1.06,78.05,0.07,1.84,0.67
2020,273,24.84,15.86,4.07,77.19,0.06,1.56,0.66
2020,274,22.86,15.28,3.78,80.99,1.77,2.46,0.66
2020,275,15.0,10.44,6.18,88.4,10.98,6.53,0.67
2020,276,13.54,13.49,6.31,86.17,10.01,4.55,0.68
2020,277,17.82,18.67,7.88,84.5,2.72,2.28,0.68
2020,278,24.57,21.14,7.71,79.47,0.05,1.43,0.67
2020,279,25.92,22.14,9.26,79.15,0.06,1.35,0.67
2020,280,26.14,23.9,9.03,79.78,0.29,1.44,0.66
2020,281,25.23,23.11,9.15,78.59,0.63,1.44,0.65
2020,282,23.79,19.14,9.06,81.26,2.75,2.07,0.65
2020,283,14.36,11.5,3.28,85.91,20.7,3.32,0.67
2020,284,22.55,14.5,3.02,79.24,1.05,3.91,0.68
2020,285,27.12,18.81,2.31,70.98,0.0,2.37,0.67
2020,286,26.79,22.06,6.1,59.34,0.0,2.17,0.66
2020,287,27.18,18.96,5.8,78.77,0.04,1.82,0.65
2020,288,27.88,26.39,4.37,57.74,0.0,1.59,0.64
2020,289,27.34,25.39,9.15,54.2,0.0,1.56,0.64
2020,290,28.32,28.21,7.38,62.03,0.0,2.02,0.63
2020,291,27.58,24.72,10.32,56.78,0.01,1.58,0.62
2020,292,23.56,19.68,9.02,81.22,0.43,1.45,0.62
2020,293,25.98,19.23,9.38,77.94,0.54,2.59,0.61
2020,294,26.73,18.8,6.3,75.33,0.9,1.85,0.61
2020,295,30.01,25.53,5.18,62.67,0.01,1.22,0.6
2020,296,29.2,29.62,7.12,60.62,0.25,1.67,0.59
2020,297,26.6,26.82,14.52,65.82,0.06,1.35,0.59
2020,298,25.86,25.7,11.49,77.67,0.1,1.59,0.58
2020,299,25.45,22.39,10.46,78.67,0.21,2.28,0.58
2020,300,28.04,25.93,9.86,74.13,0.29,1.48,0.57
2020,301,23.06,20.41,9.18,80.98,0.04,2.7,0.57
2020,302,26.37,20.11,9.4,75.25,0.43,4.05,0.56
2020,303,17.16,14.73,5.74,79.84,2.34,4.13,0.56
2020,304,31.31,19.14,3.67,65.97,0.01,2.5,0.56
2020,305,30.94,24.09,3.93,64.65,0.0,3.33,0.55
2020,306,30.94,27.36,6.96,63.07,0.01,2.29,0.54
2020,307,31.05,30.32,9.32,61.01,0.03,1.87,0.54
2020,308,28.88,30.15,13.14,61.26,0.32,2.02,0.53
2020,309,28.65,29.29,13.75,72.72,0.85,2.09,0.53
2020,310,20.82,24.75,12.68,80.79,1.23,3.27,0.52
2020,311,11.12,13.47,10.18,86.68,10.04,4.82,0.53
2020,312,23.89,16.8,9.84,81.49,3.74,6.05,0.54
2020,313,13.47,16.68,7.57,80.36,7.79,4.77,0.55
2020,314,32.15,18.02,5.0,65.64,0.59,1.99,0.55
2020,315,32.63,21.63,3.69,64.31,0.0,2.82,0.54
2020,316,32.47,26.54,5.76,65.4,0.01,2.12,0.53
2020,317,32.06,30.84,9.17,47.41,0.0,1.84,0.52
2020,318,32.37,30.53,11.63,49.03,0.01,2.68,0.51
2020,319,23.87,18.82,10.33,74.66,0.32,2.61,0.51
2020,320,30.31,23.06,9.2,66.47,0.29,2.38,0.51
2020,321,29.32,25.19,8.06,67.84,0.33,2.37,0.5
2020,322,22.44,23.39,11.28,74.49,8.42,2.14,0.5
2020,323,24.81,20.63,11.1,78.2,7.05,4.06,0.52
2020,324,31.31,24.55,8.42,67.19,0.5,3.77,0.52
2020,325,33.34,29.83,8.68,53.01,0.0,2.16,0.51
2020,326,31.74,26.1,12.72,53.33,0.03,3.08,0.5
2020,327,16.98,22.32,11.82,71.55,0.96,1.52,0.49
2020,328,23.75,20.24,9.33,75.69,0.39,3.63,0.49
2020,329,16.5,17.25,8.2,79.51,2.28,4.49,0.49
2020,330,30.5,20.2,6.57,67.09,0.04,2.11,0.49
2020,331,32.0,22.27,7.92,66.16,0.13,2.79,0.49
2020,332,33.11,28.06,7.76,58.5,0.0,2.89,0.48
2020,333,28.84,23.6,9.5,67.87,0.18,3.03,0.48
2020,334,34.0,27.77,7.58,58.24,0.0,1.96,0.47
2020,335,32.39,22.87,8.59,67.4,0.03,3.08,0.47
2020,336,27.13,19.75,7.97,68.68,0.1,3.27,0.47
2020,337,33.12,23.74,6.58,57.57,0.02,3.53,0.46
2020,338,34.37,26.58,5.8,59.68,0.08,3.78,0.46
2020,339,31.38,27.73,11.19,60.33,0.28,4.56,0.46
2020,340,33.94,31.46,10.22,55.62,0.01,2.75,0.45
2020,341,32.81,30.42,11.7,60.94,0.91,2.56,0.45
2020,342,23.91,28.73,14.12,67.89,1.51,1.54,0.45
2020,343,30.21,26.02,13.7,66.71,0.83,3.01,0.45
2020,344,23.67,23.56,13.45,73.76,5.06,2.21,0.45
2020,345,30.9,25.6,12.2,64.95,0.27,2.29,0.45
2020,346,18.93,20.99,11.23,72.07,0.78,2.83,0.45
2020,347,30.96,25.65,10.34,62.54,0.11,1.94,0.45
2020,348,34.33,29.58,10.07,54.99,0.0,2.85,0.44
2020,349,31.74,25.24,9.47,62.4,0.18,2.68,0.44
2020,350,34.34,27.88,11.61,58.53,0.04,2.8,0.44
2020,351,34.41,32.19,9.84,51.81,0.01,2.55,0.43
2020,352,26.07,29.3,11.74,58.66,0.04,3.23,0.43
2020,353,34.17,34.14,12.65,52.87,0.05,2.84,0.43
2020,354,33.62,34.03,12.97,54.4,0.03,2.84,0.42
2020,355,33.61,36.34,14.07,56.0,0.09,3.02,0.42
2020,356,21.5,34.57,15.26,62.36,0.43,2.79,0.42
2020,357,32.48,32.64,15.97,60.28,0.82,3.07,0.42
2020,358,28.1,24.79,14.2,68.91,1.0,4.01,0.42
2020,359,28.83,27.05,13.54,62.1,0.95,2.57,0.42
2020,360,33.12,28.58,13.25,58.56,0.17,2.46,0.41
2020,361,34.2,32.49,14.32,59.51,0.13,2.8,0.41
2020,362,29.15,25.71,12.38,61.86,0.09,3.26,0.41
2020,363,34.8,29.93,11.5,50.5,0.01,2.82,0.41
2020,364,32.62,25.6,11.38,60.16,0.02,3.13,0.41
2020,365,33.95,26.68,11.11,56.77,0.01,2.51,0.4
2020,366,33.72,26.38,10.11,61.18,0.04,3.04,0.4
2021,1,35.04,26.09,10.8,49.3,0.07,4.85,0.4
2021,2,35.06,35.58,10.53,42.44,0.0,3.03,0.4
2021,3,31.83,37.29,13.8,51.74,0.35,3.02,0.4
2021,4,27.53,34.73,18.74,55.08,2.99,2.54,0.4
2021,5,27.11,30.89,14.56,62.63,0.88,2.91,0.4
2021,6,33.75,31.49,12.62,55.45,0.09,2.51,0.4
2021,7,33.89,33.5,13.82,54.69,0.16,2.87,0.39
2021,8,33.43,32.94,14.92,56.82,0.13,2.48,0.39
2021,9,33.18,28.04,13.79,58.46,0.07,2.91,0.39
2021,10,32.17,28.54,13.61,59.49,0.35,3.71,0.39
2021,11,33.0,33.74,12.08,56.06,0.2,3.01,0.39
2021,12,30.81,34.71,15.74,59.05,0.56,3.2,0.39
2021,13,30.25,36.92,17.13,55.74,0.23,2.57,0.38
2021,14,32.45,36.71,17.57,46.48,0.05,3.23,0.38
2021,15,26.81,25.46,14.4,66.91,0.68,4.89,0.38
2021,16,24.0,26.32,13.65,63.25,0.23,3.09,0.38
2021,17,33.13,32.67,13.19,53.68,0.06,2.35,0.38
2021,18,33.22,34.16,13.55,51.41,0.02,2.46,0.38
2021,19,31.29,27.84,13.41,60.48,0.14,3.42,0.38
2021,20,33.68,35.05,11.11,46.18,0.0,2.77,0.38
2021,21,28.15,36.77,13.87,44.04,0.47,3.11,0.38
2021,22,31.95,37.31,18.56,43.59,0.0,2.36,0.37
2021,23,30.99,29.77,13.42,52.95,0.19,3.88,0.37
2021,24,33.2,28.31,11.88,48.01,0.05,4.6,0.37
2021,25,33.09,35.08,11.84,44.68,0.0,2.36,0.37
2021,26,31.98,31.24,13.16,56.13,0.35,3.1,0.37
2021,27,30.29,25.64,12.38,58.69,1.25,3.32,0.37
2021,28,32.98,29.89,9.73,48.07,0.01,2.24,0.37
2021,29,32.86,29.59,9.89,53.76,0.13,1.97,0.37
2021,30,31.97,28.2,13.93,58.47,0.3,2.33,0.37
2021,31,28.18,25.79,12.62,75.15,17.65,3.94,0.38
2021,32,24.3,25.45,11.47,60.58,4.04,4.48,0.42
2021,33,31.56,33.67,11.7,45.59,0.0,2.42,0.41
2021,34,31.91,32.28,14.11,48.74,0.54,2.47,0.4
2021,35,30.95,30.74,12.06,65.28,4.56,2.36,0.4
2021,36,31.23,32.73,14.26,57.62,0.15,2.25,0.4
2021,37,31.07,32.39,13.93,56.27,0.06,2.64,0.4
2021,38,30.47,30.36,13.24,57.9,0.17,2.68,0.39
2021,39,30.55,30.8,11.03,59.61,0.03,2.61,0.39
2021,40,31.01,35.11,14.57,55.07,0.05,2.9,0.39
2021,41,30.95,37.24,13.22,51.26,0.01,2.76,0.39
2021,42,29.17,37.49,14.19,48.51,0.12,2.16,0.38
2021,43,28.15,34.21,17.69,50.27,0.39,2.14,0.38
2021,44,29.84,31.06,16.56,55.1,0.05,2.7,0.38
2021,45,23.81,25.73,13.97,66.1,0.71,3.89,0.38
2021,46,30.07,23.9,11.08,52.57,0.12,3.54,0.38
2021,47,30.19,29.02,9.51,48.27,0.01,3.32,0.38
2021,48,29.81,28.76,12.12,50.85,0.18,3.29,0.38
2021,49,25.37,24.25,12.64,59.03,0.14,2.96,0.38
2021,50,28.94,28.5,12.27,55.14,0.18,2.87,0.38
2021,51,26.01,23.52,12.21,60.09,0.6,2.76,0.38
2021,52,27.04,22.8,9.71,61.05,0.32,2.59,0.38
2021,53,29.62,29.52,8.2,50.49,0.03,2.38,0.38
2021,54,28.34,27.64,10.39,62.19,0.22,2.11,0.38
2021,55,27.78,29.33,12.8,61.42,0.44,2.6,0.38
2021,56,28.23,28.0,10.75,62.11,0.24,3.8,0.38
2021,57,27.93,30.84,12.82,58.03,0.36,4.29,0.38
2021,58,27.76,33.67,12.42,53.05,0.05,3.59,0.37
2021,59,27.29,37.79,14.56,48.56,0.03,2.65,0.37
2021,60,12.83,34.8,18.62,47.05,6.83,2.26,0.38
2021,61,27.25,30.18,14.85,56.03,0.02,2.9,0.39
2021,62,27.44,29.1,12.03,57.4,0.15,1.95,0.38
2021,63,21.57,25.57,13.3,69.25,0.56,2.3,0.38
2021,64,27.16,31.13,11.11,52.22,0.07,1.71,0.38
2021,65,26.05,25.65,11.93,56.21,0.0,2.79,0.38
2021,66,21.64,24.4,11.42,71.93,2.42,2.38,0.38
2021,67,19.46,18.54,9.86,62.28,0.58,1.89,0.38
2021,68,17.1,21.38,9.32,66.56,1.71,5.49,0.38
2021,69,9.57,20.82,13.39,85.63,16.94,6.15,0.4
2021,70,18.26,25.95,12.87,67.58,3.79,1.41,0.42
2021,71,20.34,29.65,13.79,49.96,0.0,1.99,0.41
2021,72,21.95,27.34,13.19,55.77,0.18,3.48,0.41
2021,73,10.38,29.89,13.75,65.89,9.42,1.68,0.41
2021,74,13.36,21.82,12.13,78.45,3.42,2.57,0.42
2021,75,23.4,25.69,10.79,69.99,0.37,2.57,0.42
2021,76,24.77,30.23,10.71,59.89,0.12,1.9,0.41
2021,77,24.19,25.63,11.61,67.07,0.04,2.85,0.41
2021,78,22.33,25.53,10.92,66.44,0.59,2.42,0.41
2021,79,22.13,23.17,10.33,73.08,1.18,2.63,0.41
2021,80,24.08,26.46,8.18,62.67,0.02,3.47,0.41
2021,81,23.68,31.81,9.13,56.66,0.02,2.6,0.4
2021,82,22.41,34.72,12.65,46.88,0.03,1.88,0.4
2021,83,20.3,28.47,15.2,55.21,0.06,1.06,0.4
2021,84,22.02,30.65,14.18,54.48,0.02,1.77,0.4
2021,85,15.22,22.28,12.74,73.12,0.38,3.63,0.4
2021,86,20.37,22.85,10.37,66.69,0.6,2.6,0.4
2021,87,20.36,25.38,8.97,58.0,0.0,1.97,0.4
2021,88,22.07,30.85,14.1,40.26,0.0,2.03,0.4
2021,89,22.13,26.46,10.3,56.12,0.02,2.53,0.39
2021,90,14.86,22.22,9.47,76.89,0.35,2.59,0.39
2021,91,19.76,23.83,11.33,68.15,0.53,1.68,0.39
2021,92,13.22,19.34,10.22,72.49,0.25,1.44,0.39
2021,93,20.39,27.09,9.7,60.81,0.0,1.65,0.39
2021,94,19.96,26.25,13.83,68.48,1.78,2.1,0.39
2021,95,17.89,25.2,12.43,77.24,1.58,2.93,0.4
2021,96,19.49,25.48,11.33,65.59,0.33,2.19,0.4
2021,97,20.06,28.88,12.35,58.71,0.12,1.4,0.39
2021,98,19.96,30.07,12.06,58.59,0.14,1.66,0.39
2021,99,19.5,30.46,11.17,64.64,0.29,1.45,0.39
2021,100,18.8,30.37,13.29,58.25,0.18,1.78,0.39
2021,101,18.49,29.04,13.94,54.9,0.03,1.29,0.39
2021,102,16.9,33.06,14.54,43.92,0.12,1.66,0.39
2021,103,16.31,33.82,15.54,33.71,0.01,1.89,0.38
2021,104,16.3,32.78,17.56,33.06,0.17,1.66,0.38
2021,105,15.4,27.24,13.44,53.79,0.28,3.29,0.38
2021,106,18.23,31.9,11.73,50.31,0.0,2.77,0.38
2021,107,17.76,31.73,16.77,28.23,0.0,1.83,0.38
2021,108,16.98,33.07,15.16,30.25,0.24,2.67,0.38
2021,109,9.38,21.55,12.91,77.31,2.99,4.07,0.39
2021,110,17.24,30.33,11.66,55.84,0.09,2.15,0.38
2021,111,16.6,28.3,14.61,45.82,0.07,1.65,0.38
2021,112,17.78,30.33,11.38,49.21,0.05,1.7,0.38
2021,113,16.62,27.9,13.47,43.13,0.03,2.08,0.38
2021,114,14.76,29.07,11.35,47.59,0.05,1.69,0.38
2021,115,10.14,23.77,12.25,46.93,0.01,1.66,0.38
2021,116,11.08,22.47,10.38,69.13,1.13,3.31,0.38
2021,117,10.18,20.64,12.08,76.76,2.4,1.96,0.38
2021,118,14.22,20.03,9.67,78.59,1.14,2.1,0.38
2021,119,10.83,15.29,7.63,79.11,1.94,2.62,0.39
2021,120,16.52,18.82,6.65,69.63,0.11,1.67,0.39
2021,121,16.17,23.98,4.94,54.32,0.0,1.15,0.39
2021,122,15.67,26.39,9.07,34.15,0.0,1.76,0.38
2021,123,14.57,29.72,10.44,39.64,14.13,2.05,0.38
2021,124,11.98,25.68,12.1,59.3,0.26,1.75,0.41
2021,125,11.67,19.79,9.81,76.08,20.36,1.07,0.42
2021,126,9.21,15.16,11.62,93.23,12.92,2.17,0.46
2021,127,7.17,14.93,10.43,91.5,4.45,1.95,0.46
2021,128,13.16,18.03,9.69,82.16,0.8,1.47,0.46
2021,129,14.36,19.23,7.84,80.85,0.04,1.37,0.45
2021,130,14.51,22.51,9.55,75.53,0.08,1.24,0.45
2021,131,14.63,23.96,8.76,59.33,0.05,1.37,0.44
2021,132,14.46,22.24,9.14,63.07,0.09,0.86,0.44
2021,133,11.53,21.18,8.23,62.26,0.05,1.98,0.44
2021,134,12.48,21.25,10.25,66.12,1.5,4.02,0.44
2021,135,5.69,15.5,10.01,90.86,36.24,4.12,0.46
2021,136,13.1,14.42,7.12,80.68,1.54,1.58,0.51
2021,137,14.28,16.08,5.5,65.88,0.03,0.66,0.5
2021,138,13.08,22.31,6.17,51.84,0.0,2.02,0.49
2021,139,13.35,20.28,6.95,55.31,0.61,3.14,0.48
2021,140,4.0,11.91,7.83,90.61,52.7,5.11,0.53
2021,141,8.68,10.78,4.36,85.59,2.06,3.31,0.56
2021,142,13.52,14.81,0.92,72.31,0.0,1.24,0.54
2021,143,13.2,22.31,5.24,55.8,0.0,2.16,0.53
2021,144,10.37,19.51,8.6,63.23,0.01,2.58,0.52
2021,145,9.85,16.58,6.19,84.54,0.07,1.97,0.52
2021,146,11.53,15.86,4.91,74.2,0.07,1.22,0.52
2021,147,10.06,15.51,7.08,70.16,0.3,2.61,0.52
2021,148,7.82,15.29,8.45,92.81,5.72,3.42,0.52
2021,149,7.5,14.0,7.88,90.41,2.93,1.99,0.53
2021,150,12.09,15.61,4.6,75.43,0.17,1.26,0.53
2021,151,8.6,12.79,4.48,90.94,6.58,1.5,0.53
2021,152,10.96,14.42,6.59,88.89,0.38,0.82,0.53
2021,153,11.3,16.18,5.69,87.23,0.76,1.94,0.53
2021,154,12.94,17.63,7.45,79.2,0.19,2.1,0.53
2021,155,12.71,19.66,5.37,59.98,0.0,1.19,0.53
2021,156,12.48,20.45,4.51,43.54,0.0,1.57,0.52
2021,157,12.32,20.15,3.7,49.39,0.0,3.04,0.52
2021,158,10.2,20.67,6.84,57.85,0.0,3.57,0.52
2021,159,9.48,18.29,8.61,76.64,0.71,1.84,0.51
2021,160,11.24,18.98,7.07,70.99,0.0,0.94,0.51
2021,161,11.54,19.99,7.05,65.82,0.0,1.38,0.51
2021,162,11.65,21.2,7.08,64.33,0.0,1.69,0.51
2021,163,11.17,20.39,9.08,55.79,0.0,1.17,0.51
2021,164,9.68,15.5,6.11,76.48,0.06,1.52,0.51
2021,165,11.39,17.69,5.34,79.56,0.16,1.38,0.51
2021,166,6.18,17.01,5.95,85.91,1.98,1.99,0.51
2021,167,6.16,14.22,6.79,92.19,0.2,1.71,0.51
2021,168,9.88,15.84,5.29,90.63,0.59,1.58,0.51
2021,169,12.05,18.03,6.64,75.01,0.05,1.67,0.51
2021,170,11.37,22.09,4.59,52.67,0.0,1.81,0.51
2021,171,10.5,23.68,9.85,54.01,0.0,2.48,0.5
2021,172,10.44,21.4,10.28,57.75,0.22,4.44,0.5
2021,173,8.6,14.08,9.48,87.59,6.39,5.16,0.51
2021,174,5.63,11.09,7.2,92.36,9.4,2.09,0.52
2021,175,11.02,13.98,3.42,80.63,0.33,0.97,0.52
2021,176,6.66,11.5,2.72,88.87,5.81,4.59,0.52
2021,177,8.36,9.83,4.42,92.28,2.18,3.13,0.53
2021,178,11.67,15.18,2.77,78.77,0.12,3.02,0.53
2021,179,3.0,10.33,3.95,94.12,34.88,3.16,0.55
2021,180,3.83,13.49,4.14,91.67,24.19,2.54,0.6
2021,181,7.17,10.46,6.74,90.81,14.36,6.52,0.62
2021,182,7.1,11.77,8.47,90.91,12.14,4.39,0.64
2021,183,11.49,14.97,6.76,87.51,0.74,4.37,0.62
2021,184,5.67,11.62,6.26,93.74,12.33,4.73,0.63
2021,185,8.49,10.67,5.02,89.82,1.42,1.81,0.63
2021,186,12.48,12.62,3.07,76.37,0.15,0.92,0.62
2021,187,12.28,15.9,2.34,60.66,0.01,0.95,0.62
2021,188,11.85,17.75,1.87,62.67,0.03,1.48,0.61
2021,189,6.32,9.94,2.05,85.92,20.34,4.43,0.62
2021,190,10.68,10.75,0.94,89.16,0.28,1.99,0.64
2021,191,12.62,12.25,-0.5,82.95,0.0,1.57,0.63
2021,192,12.81,14.17,1.77,75.13,0.0,1.59,0.63
2021,193,3.77,8.84,2.07,93.81,39.01,3.65,0.65
2021,194,9.35,8.13,1.91,86.95,4.5,1.95,0.69
2021,195,12.71,10.53,-1.07,81.24,0.06,1.6,0.67
2021,196,12.9,13.89,1.05,60.35,0.0,1.32,0.67
2021,197,13.1,15.93,1.3,52.94,0.0,1.62,0.66
2021,198,12.96,15.94,4.11,53.33,0.11,0.94,0.66
2021,199,13.12,18.67,3.01,64.75,0.0,2.28,0.65
2021,200,12.11,14.2,4.05,77.82,2.22,1.9,0.65
2021,201,6.85,7.96,2.44,90.61,5.42,1.82,0.66
2021,202,5.3,6.31,0.78,96.93,20.24,2.86,0.68
2021,203,10.78,7.83,-0.32,89.15,3.36,1.4,0.69
2021,204,13.99,11.4,-0.99,81.13,0.22,2.36,0.68
2021,205,13.54,14.92,-0.52,62.57,0.0,1.56,0.68
2021,206,12.31,18.25,2.28,61.92,0.0,2.08,0.67
2021,207,12.95,18.65,5.12,67.66,0.0,2.99,0.67
2021,208,13.1,13.1,3.31,81.74,2.86,3.93,0.67
2021,209,8.43,9.97,4.29,90.97,0.68,2.29,0.67
2021,210,7.67,8.58,4.72,96.19,2.75,2.56,0.67
2021,211,13.93,19.05,4.54,78.34,0.07,1.02,0.67
2021,212,13.42,21.04,5.46,59.38,0.0,1.82,0.67
2021,213,13.21,16.01,5.26,68.6,0.07,1.81,0.66
2021,214,14.28,19.29,3.88,71.95,0.36,1.61,0.66
2021,215,14.2,19.88,5.14,60.44,0.06,1.65,0.66
2021,216,8.51,18.01,8.02,70.61,0.59,0.92,0.65
2021,217,13.34,15.74,7.23,88.36,1.23,1.07,0.65
2021,218,14.88,17.55,4.74,74.83,0.04,1.17,0.65
2021,219,14.04,19.12,4.46,55.4,0.0,1.5,0.65
2021,220,10.49,12.78,4.36,74.87,8.17,4.04,0.65
2021,221,13.17,11.1,2.13,84.01,7.3,1.81,0.67
2021,222,15.78,16.0,-0.77,71.02,0.0,1.23,0.66
2021,223,15.5,13.77,3.45,67.98,4.32,2.19,0.66
2021,224,12.64,9.71,2.41,87.2,6.21,2.52,0.67
2021,225,15.17,11.6,1.03,85.18,0.51,2.92,0.67
2021,226,16.96,14.83,0.31,79.86,0.06,2.4,0.66
2021,227,16.45,18.74,1.24,72.05,0.0,1.4,0.66
2021,228,14.54,22.34,4.71,72.48,0.02,2.2,0.65
2021,229,6.9,12.81,4.88,91.3,3.28,2.82,0.65
2021,230,7.11,10.97,6.61,94.39,29.96,1.8,0.68
2021,231,11.3,9.85,3.79,91.26,6.05,1.89,0.71
2021,232,15.98,14.19,2.7,85.6,0.04,1.34,0.7
2021,233,15.77,12.31,3.23,85.18,0.11,1.12,0.69
2021,234,17.97,15.41,2.04,74.35,0.0,0.93,0.68
2021,235,17.83,18.05,3.69,65.15,0.04,1.32,0.68
2021,236,14.48,13.53,4.44,91.63,0.86,2.43,0.68
2021,237,17.91,19.44,3.21,80.33,0.11,2.02,0.67
2021,238,12.11,12.69,2.58,90.75,20.69,5.1,0.67
2021,239,11.6,7.15,2.02,86.51,9.14,2.83,0.71
2021,240,14.72,8.54,2.22,80.48,6.07,1.33,0.71
2021,241,15.5,12.65,-1.05,71.01,0.0,2.17,0.7
2021,242,10.51,10.69,0.52,86.71,5.1,3.29,0.7
2021,243,13.19,10.64,3.91,87.27,2.19,2.53,0.7
2021,244,15.5,13.42,2.18,84.18,0.05,2.6,0.7
2021,245,19.52,18.5,2.43,81.26,0.07,2.58,0.7
2021,246,12.26,11.18,5.39,91.16,2.41,3.68,0.69
2021,247,19.56,15.0,1.54,83.11,0.04,2.5,0.69
2021,248,12.85,9.67,3.97,93.88,2.52,2.66,0.69
2021,249,16.1,12.25,2.33,84.38,0.8,1.79,0.69
2021,250,21.1,16.73,0.68,71.67,0.01,1.67,0.69
2021,251,21.31,19.34,4.58,62.08,0.0,1.33,0.68
2021,252,20.02,24.31,4.43,61.17,0.0,2.32,0.68
2021,253,21.08,19.46,5.92,64.65,0.01,2.83,0.67
2021,254,19.52,19.22,5.19,71.22,0.14,2.54,0.66
2021,255,15.02,14.92,7.09,88.8,1.75,2.46,0.66
2021,256,17.4,15.24,5.11,84.39,0.78,2.02,0.66
2021,257,15.09,13.5,5.6,87.66,2.29,1.67,0.66
2021,258,19.77,14.02,4.65,82.37,0.58,1.64,0.66
2021,259,19.87,14.81,4.05,84.46,0.81,2.45,0.66
2021,260,23.03,17.42,3.85,79.17,0.13,3.8,0.66
2021,261,21.9,23.19,3.57,65.17,0.0,2.36,0.65
2021,262,18.15,15.14,5.69,85.84,0.25,3.82,0.65
2021,263,13.87,12.65,2.43,85.13,1.84,2.65,0.65
2021,264,22.48,18.71,1.15,75.61,0.0,1.87,0.64
2021,265,22.79,25.2,3.58,49.49,0.0,1.84,0.64
2021,266,22.62,20.25,7.28,65.95,0.01,2.85,0.63
2021,267,23.58,20.99,7.33,72.21,0.04,1.4,0.63
2021,268,23.76,23.45,8.63,60.33,0.02,2.47,0.62
2021,269,21.47,23.06,10.68,68.2,0.04,1.2,0.61
2021,270,15.79,16.09,7.16,86.54,0.64,2.1,0.61
2021,271,24.28,17.68,5.59,78.06,0.36,1.76,0.61
2021,272,21.8,16.78,6.13,83.86,1.22,4.43,0.61
2021,273,23.09,21.4,7.44,76.9,0.12,2.1,0.6
2021,274,21.96,19.62,8.17,82.41,2.82,2.15,0.6
2021,275,17.86,12.56,3.05,81.07,4.22,2.48,0.6
2021,276,23.06,13.67,2.64,78.63,0.26,1.84,0.6
2021,277,26.64,17.67,4.61,73.96,0.05,3.33,0.6
2021,278,26.14,22.93,3.68,65.36,0.0,1.81,0.59
2021,279,25.89,25.5,6.66,67.07,0.01,1.93,0.58
2021,280,19.9,20.94,6.87,69.66,0.1,2.31,0.58
2021,281,21.76,17.75,3.29,74.57,0.36,2.89,0.57
2021,282,21.85,18.97,6.79,82.45,0.3,1.99,0.57
2021,283,27.13,24.99,5.67,57.6,0.0,1.61,0.57
2021,284,25.87,29.65,10.74,44.59,0.0,1.7,0.56
2021,285,24.1,26.99,13.71,53.7,0.02,1.31,0.55
2021,286,24.5,25.62,10.72,53.75,0.09,3.67,0.55
2021,287,15.76,17.08,9.56,81.66,5.4,3.61,0.55
2021,288,15.64,13.93,7.39,79.73,4.95,3.34,0.55
2021,289,17.55,12.48,4.47,81.84,4.51,3.52,0.56
2021,290,18.77,13.13,4.64,84.32,2.74,1.85,0.56
2021,291,28.78,19.74,4.07,73.33,0.02,2.18,0.56
2021,292,29.07,25.23,4.02,62.55,0.0,1.77,0.55
2021,293,26.48,30.6,8.23,49.25,0.03,1.5,0.54
2021,294,17.1,24.96,12.13,68.6,14.36,2.87,0.54
2021,295,13.18,15.91,9.16,82.36,7.25,6.35,0.56
2021,296,18.81,15.4,8.79,78.68,4.9,4.06,0.57
2021,297,29.73,20.33,6.35,68.91,0.02,1.82,0.56
2021,298,29.75,24.41,4.25,67.51,0.01,1.92,0.55
2021,299,26.43,26.66,8.62,67.29,0.02,2.07,0.54
2021,300,24.32,30.43,11.73,68.42,0.1,2.52,0.54
2021,301,26.83,25.52,11.43,72.2,0.35,3.02,0.53
2021,302,19.32,20.21,10.35,80.28,1.72,3.01,0.53
2021,303,29.87,26.67,10.01,65.92,0.54,0.88,0.53
2021,304,28.31,27.27,11.76,62.92,0.23,2.7,0.52
2021,305,14.52,15.64,6.66,82.76,9.48,4.19,0.53
2021,306,28.7,18.54,6.14,72.26,0.03,2.05,0.53
2021,307,28.35,19.81,4.89,75.14,0.01,3.06,0.52
2021,308,28.84,21.78,7.72,74.34,0.05,2.58,0.52
2021,309,24.11,19.56,8.45,73.36,0.09,2.2,0.51
2021,310,29.45,20.64,8.35,65.78,0.02,2.07,0.51
2021,311,20.14,17.21,8.19,73.13,0.07,1.83,0.51
2021,312,22.39,19.94,7.27,68.9,0.06,2.19,0.5
2021,313,31.92,23.74,5.83,61.03,0.01,1.25,0.5
2021,314,31.47,25.44,7.89,64.05,0.03,1.82,0.49
2021,315,30.97,27.8,11.03,66.48,0.13,2.02,0.49
2021,316,31.36,26.11,11.43,67.47,0.09,1.94,0.49
2021,317,25.23,23.15,10.9,73.65,0.06,1.92,0.48
2021,318,30.68,30.89,9.71,58.95,0.04,1.72,0.48
2021,319,29.55,31.04,12.11,53.42,0.03,2.39,0.47
2021,320,28.8,26.1,11.68,61.82,0.19,1.91,0.47
2021,321,13.74,19.0,9.39,76.15,17.43,3.49,0.48
2021,322,32.25,20.98,7.0,64.26,1.19,2.33,0.5
2021,323,33.0,23.23,8.46,67.32,0.66,3.08,0.49
2021,324,32.35,27.23,9.89,58.53,0.48,2.6,0.48
2021,325,29.36,28.86,10.54,64.83,1.5,3.17,0.48
2021,326,23.57,23.07,12.61,77.05,4.53,4.14,0.48
2021,327,27.48,23.92,10.92,65.72,0.83,3.42,0.48
2021,328,31.97,24.72,10.11,61.07,0.01,3.87,0.47
2021,329,32.93,27.81,9.13,54.57,0.01,4.52,0.47
2021,330,16.44,29.24,11.6,68.37,17.14,3.93,0.47
2021,331,20.54,19.92,11.03,75.73,2.3,5.11,0.49
2021,332,17.19,22.31,12.92,79.42,4.2,3.71,0.49
2021,333,31.0,23.58,9.89,69.82,0.09,2.59,0.49
2021,334,26.47,22.47,8.51,73.37,1.61,2.05,0.48
2021,335,30.8,23.25,10.19,66.86,0.52,2.9,0.48
2021,336,28.77,19.95,9.97,67.98,1.42,3.5,0.48
2021,337,29.76,27.49,7.81,55.75,0.98,3.06,0.47
2021,338,19.56,25.31,11.77,71.28,13.8,4.01,0.47
2021,339,19.69,21.12,12.31,79.31,20.84,1.68,0.52
2021,340,18.97,21.67,10.36,79.0,3.66,1.94,0.52
2021,341,31.81,25.6,9.51,69.63,0.1,2.65,0.51
2021,342,32.27,29.03,11.4,66.06,0.03,2.14,0.5
2021,343,29.68,30.21,12.47,66.07,0.13,2.28,0.49
2021,344,31.79,28.2,13.24,65.67,0.02,2.98,0.48
2021,345,31.0,23.93,12.27,66.02,0.02,3.52,0.48
2021,346,26.9,24.93,12.4,65.97,0.13,1.71,0.47
2021,347,27.52,25.4,11.84,71.97,2.51,2.34,0.47
2021,348,28.56,26.9,12.19,68.73,0.87,2.5,0.47
2021,349,20.54,20.03,9.5,70.27,1.34,3.81,0.47
2021,350,29.11,20.5,7.61,61.37,0.24,5.09,0.47
2021,351,33.9,28.45,8.2,50.01,0.02,4.14,0.46
2021,352,34.15,33.57,9.8,42.49,0.0,2.31,0.46
2021,353,31.22,31.73,14.76,49.27,0.03,2.11,0.45
2021,354,30.66,33.76,16.0,54.1,1.62,2.76,0.45
2021,355,31.5,33.54,16.91,57.13,0.33,2.24,0.45
2021,356,18.27,25.61,15.0,70.97,7.04,2.37,0.45
2021,357,24.83,24.21,13.12,70.45,3.41,2.17,0.46
2021,358,28.69,28.65,12.71,60.64,0.47,1.98,0.46
2021,359,30.85,29.69,13.04,57.93,0.24,1.9,0.45
2021,360,30.65,30.68,14.72,61.81,0.91,1.74,0.45
2021,361,14.71,23.3,13.42,68.33,0.27,3.4,0.44
2021,362,24.72,24.28,12.42,66.81,1.26,3.01,0.44
2021,363,31.17,22.93,10.54,61.85,0.3,3.06,0.44
2021,364,32.6,24.87,10.32,61.11,0.19,2.57,0.44
2021,365,34.37,29.23,9.63,55.39,0.03,3.45,0.44
2022,1,24.13,23.05,9.74,65.11,0.24,3.36,0.43
2022,2,33.3,26.5,7.86,55.62,0.01,2.19,0.43
2022,3,30.29,27.59,10.4,58.71,0.02,2.41,0.43
2022,4,33.63,29.39,11.45,57.67,0.01,2.42,0.43
2022,5,32.93,28.53,9.3,62.53,0.06,2.49,0.42
2022,6,33.44,31.29,12.27,58.62,0.04,2.88,0.42
2022,7,30.19,34.02,14.46,57.73,0.05,2.69,0.42
2022,8,32.79,38.58,17.68,47.63,0.0,2.11,0.42
2022,9,21.63,34.04,19.75,58.05,1.86,2.36,0.41
2022,10,22.07,26.99,14.4,68.22,0.08,3.77,0.42
2022,11,30.27,28.37,13.84,62.82,0.15,3.0,0.41
2022,12,32.35,34.72,13.45,53.11,0.01,2.75,0.41
2022,13,30.27,36.5,15.48,50.72,0.01,2.71,0.41
2022,14,30.8,38.02,18.17,47.49,0.04,2.26,0.4
2022,15,29.56,35.03,18.71,53.07,0.26,2.69,0.4
2022,16,29.03,30.95,16.38,60.64,0.07,3.34,0.4
2022,17,32.16,35.46,15.55,53.87,0.03,1.64,0.4
2022,18,25.67,26.77,14.62,63.09,0.2,4.0,0.4
2022,19,33.62,34.09,10.34,46.2,0.0,1.65,0.4
2022,20,33.17,33.8,14.71,34.98,0.0,2.55,0.39
2022,21,33.71,37.85,12.21,44.16,0.01,2.34,0.39
2022,22,27.61,39.52,18.99,42.23,0.07,1.62,0.39
2022,23,28.86,39.39,23.8,35.99,0.46,2.02,0.39
2022,24,29.01,34.83,18.03,50.61,0.24,2.93,0.38
2022,25,30.01,33.99,16.58,59.33,0.62,3.08,0.38
2022,26,31.68,33.77,15.48,57.25,0.13,2.72,0.38
2022,27,32.59,32.92,14.17,53.77,0.05,2.75,0.38
2022,28,32.04,29.17,11.33,57.78,0.04,3.25,0.38
2022,29,32.38,35.83,10.72,45.08,0.0,2.75,0.38
2022,30,31.28,39.04,14.86,37.45,0.0,2.56,0.38
2022,31,25.1,36.72,18.37,43.11,0.14,2.06,0.38
2022,32,28.01,35.73,20.45,47.0,3.51,1.66,0.38
2022,33,16.15,30.6,15.53,65.74,0.33,4.41,0.38
2022,34,20.34,24.71,12.9,66.37,0.98,3.86,0.38
2022,35,31.46,28.81,11.66,53.43,0.31,3.86,0.38
2022,36,31.41,34.59,12.27,45.73,0.0,2.47,0.38
2022,37,29.27,33.42,17.62,33.75,0.01,3.1,0.38
2022,38,31.8,35.33,15.52,29.33,0.06,2.09,0.37
2022,39,30.84,35.02,15.54,35.03,0.04,2.52,0.37
2022,40,30.58,29.16,14.26,45.77,0.02,2.67,0.37
2022,41,28.55,29.01,13.52,54.93,0.05,2.34,0.37
2022,42,30.6,35.39,11.98,48.33,0.01,2.18,0.37
2022,43,23.42,35.67,14.79,44.4,0.0,2.77,0.37
2022,44,25.19,33.86,17.3,55.75,0.21,3.1,0.37
2022,45,28.38,37.8,16.0,49.26,0.06,3.04,0.37
2022,46,13.36,32.17,18.43,47.13,1.66,2.46,0.37
2022,47,26.95,28.56,12.85,60.63,0.64,3.61,0.37
2022,48,30.45,34.71,10.79,49.5,0.0,2.7,0.37
2022,49,27.84,35.78,14.6,42.4,0.0,2.36,0.37
2022,50,28.61,30.67,16.49,44.2,0.13,3.37,0.37
2022,51,27.96,28.01,15.12,56.86,0.5,2.33,0.37
2022,52,28.35,27.24,13.34,57.66,0.09,2.22,0.37
2022,53,29.04,32.62,11.51,49.2,0.08,1.89,0.37
2022,54,28.68,33.99,13.62,46.11,0.0,2.34,0.37
2022,55,28.4,33.7,12.51,57.6,0.56,2.35,0.37
2022,56,24.75,32.66,17.16,64.97,0.45,3.02,0.37
2022,57,27.97,35.22,15.27,54.76,0.05,1.94,0.37
2022,58,27.37,37.24,17.06,44.66,0.0,2.43,0.37
2022,59,23.91,34.6,16.76,47.85,0.08,2.13,0.37
2022,60,23.9,30.94,15.07,58.36,0.11,2.47,0.37
2022,61,17.17,26.84,13.23,66.87,0.25,3.19,0.37
2022,62,22.06,26.54,14.44,63.2,0.4,2.58,0.37
2022,63,25.09,28.19,13.41,61.24,0.15,2.87,0.37
2022,64,25.91,33.28,13.8,49.79,0.01,1.73,0.37
2022,65,25.97,35.63,16.62,38.2,0.03,2.14,0.37
2022,66,25.66,31.02,15.23,64.66,2.56,2.95,0.37
2022,67,23.34,32.99,15.41,61.92,1.24,2.05,0.37
2022,68,25.12,33.53,16.59,53.66,1.37,2.94,0.37
2022,69,25.79,34.29,15.82,58.25,1.45,1.95,0.38
2022,70,8.71,35.64,17.22,46.24,0.1,2.23,0.37
2022,71,23.24,32.74,15.96,54.52,0.06,4.14,0.37
2022,72,12.55,18.18,9.5,74.1,2.85,3.11,0.38
2022,73,23.78,19.09,7.68,60.46,0.09,2.78,0.38
2022,74,25.35,26.19,7.91,59.32,0.05,2.04,0.38
2022,75,24.81,27.58,9.96,62.0,0.08,3.03,0.38
2022,76,25.21,33.01,10.7,47.21,0.01,1.93,0.37
2022,77,24.35,35.11,16.38,34.31,0.0,1.87,0.37
2022,78,22.75,34.45,15.91,47.69,0.07,2.41,0.37
2022,79,21.36,31.75,16.0,59.7,0.28,1.7,0.37
2022,80,21.83,34.25,15.91,57.43,0.05,2.38,0.37
2022,81,18.48,33.07,16.47,58.5,1.42,2.07,0.37
2022,82,15.06,25.0,17.0,69.52,7.54,1.37,0.38
2022,83,17.78,25.8,13.08,72.78,4.59,2.72,0.39
2022,84,18.88,21.99,11.51,72.68,3.2,3.85,0.4
2022,85,22.26,27.24,10.06,63.85,0.16,1.85,0.39
2022,86,22.96,30.84,10.33,47.87,0.0,1.93,0.39
2022,87,21.51,27.81,12.94,47.46,0.0,3.8,0.39
2022,88,11.84,19.8,11.6,81.55,1.7,4.88,0.39
2022,89,17.99,20.83,9.76,71.62,0.08,3.46,0.39
2022,90,19.72,24.57,10.16,67.6,0.18,2.46,0.39
2022,91,18.36,22.82,10.85,66.66,0.38,3.72,0.39
2022,92,17.21,22.32,11.37,70.38,0.95,4.57,0.39
2022,93,19.16,25.26,9.78,60.89,0.17,1.83,0.38
2022,94,17.38,19.04,8.95,77.87,1.38,3.26,0.38
2022,95,8.82,17.72,9.94,80.23,3.79,3.82,0.39
2022,96,10.49,15.17,7.47,78.51,2.6,2.93,0.4
2022,97,18.41,17.59,6.68,67.11,0.09,2.21,0.39
2022,98,20.18,20.98,6.58,66.0,0.06,4.28,0.39
2022,99,20.4,23.7,7.58,61.47,0.04,3.6,0.39
2022,100,19.71,26.98,7.3,57.08,0.02,1.93,0.39
2022,101,19.14,27.95,10.54,47.45,0.0,1.09,0.39
2022,102,18.64,29.25,13.26,44.27,0.0,1.43,0.38
2022,103,15.31,26.45,14.14,62.23,1.02,1.78,0.38
2022,104,9.21,15.84,8.88,84.48,4.57,2.17,0.39
2022,105,15.44,16.31,5.9,67.74,2.0,4.07,0.4
2022,106,19.26,20.61,4.58,60.74,0.0,3.8,0.39
2022,107,18.32,26.19,5.31,58.94,0.06,1.71,0.39
2022,108,18.28,28.45,7.06,57.87,0.08,1.74,0.39
2022,109,18.09,30.56,10.03,34.02,0.01,1.4,0.39
2022,110,16.81,31.22,12.74,30.51,0.01,2.61,0.39
2022,111,15.93,28.77,12.16,45.2,0.15,2.11,0.38
2022,112,14.54,19.13,8.27,73.54,1.01,2.88,0.39
2022,113,16.7,21.31,6.08,70.15,0.18,2.52,0.39
2022,114,15.17,16.61,7.24,73.41,1.1,1.86,0.39
2022,115,16.57,19.02,6.66,70.48,0.39,1.43,0.39
2022,116,17.24,21.28,4.81,69.97,0.02,1.88,0.39
2022,117,16.79,25.34,4.84,49.39,0.0,1.65,0.38
2022,118,16.55,28.93,8.71,34.81,0.03,1.7,0.38
2022,119,11.13,17.36,7.5,79.39,1.1,2.23,0.38
2022,120,15.91,19.95,8.21,72.07,0.29,1.24,0.38
2022,121,15.9,26.52,6.86,56.49,0.03,1.13,0.38
2022,122,15.54,30.0,10.15,30.8,0.0,1.8,0.38
2022,123,15.34,26.4,11.51,45.55,0.25,1.11,0.38
2022,124,15.64,28.32,10.5,49.09,0.13,1.53,0.38
2022,125,15.23,27.86,10.81,35.39,0.05,2.18,0.38
2022,126,9.85,16.5,6.88,82.12,6.27,2.1,0.38
2022,127,10.9,14.73,6.14,82.2,6.62,2.27,0.4
2022,128,14.09,19.64,5.31,69.12,0.06,1.27,0.4
2022,129,14.79,21.27,8.68,49.93,0.0,1.88,0.4
2022,130,13.27,20.89,7.81,55.17,0.94,2.8,0.4
2022,131,13.52,17.73,7.68,76.62,1.1,1.89,0.4
2022,132,13.42,16.59,4.79,77.54,0.06,2.03,0.4
2022,133,10.79,15.68,7.53,82.9,0.98,1.82,0.4
2022,134,13.73,17.95,7.04,76.41,0.07,1.07,0.4
2022,135,14.39,24.06,4.73,52.38,0.01,1.41,0.4
2022,136,13.78,28.36,7.3,31.9,0.0,2.25,0.39
2022,137,11.92,29.93,12.33,35.5,0.0,2.37,0.39
2022,138,7.7,21.76,11.69,60.3,2.52,4.29,0.39
2022,139,8.6,13.51,6.93,77.1,4.49,2.15,0.4
2022,140,13.19,13.61,5.38,75.49,0.5,1.56,0.4
2022,141,13.22,16.3,5.47,74.61,0.1,0.95,0.4
2022,142,12.78,19.43,6.92,65.0,0.0,1.13,0.4
2022,143,11.07,21.73,8.02,58.88,0.02,2.19,0.4
2022,144,8.25,16.35,7.29,90.54,1.27,2.16,0.4
2022,145,10.08,18.68,8.81,85.61,0.18,1.76,0.4
2022,146,11.49,19.28,7.41,83.83,2.24,0.99,0.4
2022,147,12.51,23.9,7.3,56.13,0.02,1.31,0.4
2022,148,9.29,15.4,5.6,78.01,3.82,3.31,0.4
2022,149,8.48,11.5,4.73,81.66,18.02,3.31,0.44
2022,150,12.81,13.44,0.04,67.08,0.56,2.12,0.44
2022,151,12.5,15.13,4.62,77.07,0.15,1.64,0.43
2022,152,12.08,17.53,3.41,59.95,0.01,1.26,0.43
2022,153,12.85,19.33,5.97,54.03,0.02,1.11,0.43
2022,154,11.56,22.86,4.95,34.42,0.0,1.97,0.43
2022,155,11.41,19.07,7.97,54.21,0.31,1.26,0.42
2022,156,11.88,22.95,8.37,56.94,0.04,1.94,0.42
2022,157,11.68,24.62,8.38,37.64,0.0,1.66,0.42
2022,158,11.57,24.68,7.21,45.38,0.0,2.1,0.42
2022,159,11.73,24.83,7.57,51.35,0.0,2.24,0.42
2022,160,12.03,18.88,6.28,68.47,0.05,1.05,0.42
2022,161,11.64,22.75,5.92,44.85,0.0,2.1,0.42
2022,162,9.76,24.61,10.15,39.62,0.0,3.15,0.41
2022,163,6.63,20.22,9.74,45.49,0.24,3.94,0.41
2022,164,3.48,12.1,8.47,89.13,20.31,3.79,0.42
2022,165,3.89,9.67,4.77,93.94,45.24,3.47,0.5
2022,166,10.22,10.64,3.15,81.24,2.38,1.12,0.53
2022,167,9.59,11.98,-0.21,68.5,0.0,1.9,0.52
2022,168,11.74,17.7,3.29,63.54,1.79,3.42,0.51
2022,169,7.08,11.64,5.22,89.04,18.18,4.02,0.53
2022,170,10.95,12.17,3.7,87.58,1.25,1.33,0.53
2022,171,10.42,13.48,3.05,83.22,0.15,2.54,0.52
2022,172,3.36,20.21,7.83,76.23,1.09,1.51,0.52
2022,173,8.32,17.71,9.07,76.26,0.68,1.21,0.51
2022,174,4.77,12.27,7.31,94.07,23.45,2.63,0.53
2022,175,12.1,13.35,3.88,80.6,0.44,1.86,0.55
2022,176,12.03,15.5,3.44,67.38,0.0,1.22,0.54
2022,177,11.99,18.92,4.13,51.85,0.13,1.25,0.54
2022,178,11.52,21.01,5.3,61.96,0.0,1.58,0.53
2022,179,11.84,20.69,5.04,55.44,0.0,1.89,0.53
2022,180,11.73,19.85,5.54,58.4,0.0,1.62,0.53
2022,181,11.7,18.43,3.89,63.39,0.0,2.46,0.52
2022,182,4.39,19.19,8.64,65.17,0.33,3.58,0.52
2022,183,8.07,12.93,7.57,90.59,3.91,4.73,0.52
2022,184,5.63,9.74,5.64,92.1,9.53,2.27,0.54
2022,185,12.22,14.9,3.06,76.23,0.11,1.06,0.54
2022,186,11.73,13.94,3.06,76.43,0.08,1.0,0.54
2022,187,12.15,14.88,1.52,81.19,0.05,1.86,0.53
2022,188,11.66,15.42,1.97,68.49,0.15,1.5,0.53
2022,189,12.25,18.48,3.41,61.47,0.1,1.47,0.53
2022,190,5.86,16.33,7.58,69.64,0.34,3.38,0.53
2022,191,7.19,12.06,6.17,90.18,3.37,1.09,0.53
2022,192,7.72,10.21,6.06,91.41,1.46,2.97,0.53
2022,193,12.78,14.65,3.33,82.54,0.13,1.41,0.53
2022,194,10.77,12.32,1.28,89.94,1.06,3.43,0.53
2022,195,8.79,14.29,7.2,92.96,3.0,1.85,0.53
2022,196,11.89,19.85,6.52,73.77,0.02,1.4,0.53
2022,197,12.26,22.43,6.29,56.65,0.0,1.96,0.53
2022,198,11.85,20.52,5.75,66.66,0.03,3.21,0.53
2022,199,11.63,15.91,4.53,84.04,0.18,1.52,0.52
2022,200,7.16,11.76,4.47,88.27,2.1,1.37,0.53
2022,201,13.27,13.52,3.85,79.37,0.24,1.31,0.53
2022,202,13.69,15.79,1.84,68.27,0.06,0.98,0.52
2022,203,10.51,14.52,5.07,66.66,1.19,1.61,0.52
2022,204,9.55,11.39,3.97,88.83,4.24,1.67,0.53
2022,205,13.78,13.75,2.36,82.37,0.09,2.03,0.53
2022,206,13.88,17.94,0.4,63.02,0.0,1.73,0.53
2022,207,12.56,20.96,4.48,65.67,0.02,1.52,0.52
2022,208,13.62,16.83,5.28,84.42,0.24,1.86,0.52
2022,209,13.59,20.23,3.52,76.63,0.27,2.33,0.52
2022,210,5.7,10.05,5.33,92.9,5.42,3.79,0.52
2022,211,9.88,10.15,3.24,87.43,1.8,1.57,0.53
2022,212,14.0,11.99,1.55,79.32,0.72,1.28,0.53
2022,213,14.98,16.38,-0.8,65.43,0.0,1.57,0.53
2022,214,9.91,21.48,6.06,62.46,0.04,1.26,0.52
2022,215,9.37,17.52,6.99,84.76,0.3,2.14,0.52
2022,216,12.4,15.26,6.09,84.15,0.1,2.08,0.52
2022,217,13.79,14.91,4.18,88.32,0.08,1.99,0.52
2022,218,13.9,16.96,5.76,83.74,0.24,2.97,0.52
2022,219,12.58,16.56,5.55,78.68,0.09,2.09,0.51
2022,220,14.71,19.15,5.47,72.29,0.12,1.45,0.51
2022,221,15.04,20.05,5.56,66.18,0.05,2.26,0.51
2022,222,9.99,11.84,7.35,94.18,2.46,2.17,0.51
2022,223,12.57,14.87,7.84,89.44,1.73,2.66,0.51
2022,224,7.31,11.39,6.05,87.85,6.77,2.02,0.53
2022,225,13.83,12.16,2.74,78.39,5.89,2.98,0.52
2022,226,11.03,10.47,1.16,82.51,6.63,2.34,0.54
2022,227,15.81,15.49,-1.7,67.56,0.0,1.55,0.54
2022,228,16.63,16.67,4.81,68.21,0.16,2.41,0.53
2022,229,6.79,11.78,6.69,93.45,22.94,4.26,0.54
2022,230,9.34,10.87,6.22,95.0,17.0,1.84,0.58
2022,231,12.38,9.46,6.09,92.51,3.99,3.42,0.59
2022,232,14.0,11.53,4.76,79.87,1.56,2.17,0.59
2022,233,17.29,16.63,1.72,78.08,0.01,1.32,0.58
2022,234,16.93,17.58,3.92,80.86,0.1,1.46,0.57
2022,235,17.39,23.75,5.31,54.09,0.0,2.05,0.56
2022,236,16.57,19.98,6.61,64.12,0.59,3.42,0.56
2022,237,10.13,11.28,5.78,89.46,3.94,4.68,0.56
2022,238,17.09,12.78,1.97,79.45,0.21,2.57,0.56
2022,239,14.94,12.52,3.97,85.69,0.78,1.72,0.56
2022,240,16.43,14.16,3.25,80.85,0.06,1.53,0.56
2022,241,14.73,11.8,3.02,83.82,0.62,3.27,0.56
2022,242,19.79,14.31,2.29,67.0,0.01,5.47,0.55
2022,243,18.77,23.38,1.06,59.09,0.13,3.01,0.55
2022,244,13.67,21.72,8.12,80.89,0.11,4.04,0.54
2022,245,15.43,14.27,6.59,82.94,0.14,3.79,0.54
2022,246,18.03,16.24,5.07,83.9,0.23,2.38,0.54
2022,247,13.12,12.43,5.3,87.86,14.83,5.74,0.55
2022,248,13.5,10.31,5.5,85.5,9.85,4.73,0.58
2022,249,20.04,15.78,3.91,76.33,0.26,1.09,0.57
2022,250,19.78,23.09,3.02,61.88,0.05,1.23,0.56
2022,251,20.41,21.98,5.08,71.0,0.04,1.69,0.56
2022,252,20.87,22.25,4.59,70.25,0.02,1.37,0.55
2022,253,6.17,15.08,5.88,81.15,1.26,1.7,0.55
2022,254,13.0,14.8,5.02,84.62,1.26,2.01,0.55
2022,255,21.8,16.08,3.09,78.43,0.03,1.45,0.55
2022,256,21.26,21.67,3.99,72.21,0.0,1.99,0.54
2022,257,21.69,26.37,7.4,48.39,0.01,1.56,0.54
2022,258,19.53,25.65,11.93,45.27,0.01,1.34,0.53
2022,259,19.76,22.08,9.4,63.72,0.17,2.16,0.53
2022,260,11.72,14.0,7.3,83.88,0.96,1.65,0.53
2022,261,13.69,14.37,5.12,81.6,3.1,2.03,0.53
2022,262,20.67,15.49,3.9,77.72,0.27,1.89,0.53
2022,263,22.86,19.18,5.48,69.57,0.17,1.06,0.53
2022,264,22.46,21.69,5.19,47.13,0.0,2.01,0.52
2022,265,20.61,17.29,6.16,61.94,2.05,3.61,0.52
2022,266,18.65,15.41,5.62,74.36,0.58,1.33,0.52
2022,267,17.16,16.89,3.92,73.0,0.02,0.92,0.52
2022,268,20.64,19.29,6.52,71.1,0.11,1.63,0.52
2022,269,17.41,17.36,7.72,76.12,1.04,1.56,0.52
2022,270,24.4,20.25,6.79,68.35,0.1,1.67,0.51
2022,271,24.74,23.31,6.54,64.71,0.19,1.47,0.51
2022,272,13.78,20.85,8.94,77.26,0.04,1.09,0.51
2022,273,18.37,18.17,7.68,81.35,0.3,1.95,0.51
2022,274,23.2,21.34,8.63,69.2,0.2,1.22,0.5
2022,275,25.03,25.89,6.57,60.14,0.04,2.58,0.5
2022,276,14.97,13.77,5.86,81.83,0.4,2.17,0.5
2022,277,26.15,19.34,5.9,68.26,0.02,1.01,0.5
2022,278,24.4,18.87,6.1,73.28,0.04,1.54,0.49
2022,279,15.22,16.98,5.63,80.99,0.57,2.61,0.49
2022,280,26.77,22.89,7.66,64.51,0.14,1.5,0.49
2022,281,26.14,28.19,7.8,53.68,0.01,1.77,0.49
2022,282,24.03,24.83,8.9,67.55,0.0,2.5,0.48
2022,283,12.38,29.12,10.86,55.29,0.01,1.43,0.48
2022,284,23.21,25.28,12.3,61.15,0.06,2.13,0.48
2022,285,16.33,29.86,11.52,66.65,0.06,1.36,0.47
2022,286,19.34,25.24,11.43,71.39,0.48,1.96,0.47
2022,287,25.01,23.8,10.08,73.26,1.7,3.08,0.47
2022,288,11.82,19.9,11.88,81.3,18.16,2.72,0.48
2022,289,18.83,26.17,12.58,74.39,3.49,1.5,0.5
2022,290,23.95,24.17,12.06,76.21,0.92,1.65,0.5
2022,291,26.65,27.7,10.84,67.94,0.06,1.76,0.49
2022,292,26.49,29.88,12.18,63.26,0.01,2.44,0.49
2022,293,28.13,24.25,9.89,65.27,0.02,2.6,0.48
2022,294,27.97,24.76,8.24,68.01,0.06,3.11,0.48
2022,295,28.22,29.62,8.16,64.22,0.02,2.93,0.47
2022,296,24.54,29.88,12.17,70.73,0.17,3.17,0.47
2022,297,28.47,29.5,12.09,65.95,0.19,2.52,0.46
2022,298,24.41,22.79,12.2,68.18,0.21,2.71,0.46
2022,299,29.15,28.03,11.45,56.43,0.11,2.03,0.46
2022,300,27.91,25.8,10.01,60.21,0.05,2.71,0.45
2022,301,29.22,29.53,9.94,58.46,0.08,2.64,0.45
2022,302,29.4,29.8,12.69,54.97,0.2,2.54,0.45
2022,303,24.28,21.28,8.81,68.01,0.39,3.08,0.45
2022,304,30.02,24.04,7.23,55.09,0.02,4.49,0.45
2022,305,29.96,30.29,8.13,49.64,0.01,3.99,0.44
2022,306,14.68,29.87,12.77,53.76,11.49,1.73,0.45
2022,307,23.28,24.77,12.52,74.85,1.19,2.54,0.46
2022,308,23.96,24.81,13.62,74.0,4.14,1.8,0.46
2022,309,25.46,28.06,13.4,68.3,0.29,1.98,0.46
2022,310,28.0,30.36,12.93,61.9,0.03,2.28,0.45
2022,311,28.81,24.86,10.03,61.84,0.04,2.99,0.45
2022,312,25.52,23.39,9.11,61.71,0.03,2.28,0.44
2022,313,26.83,20.69,9.74,66.31,0.3,3.12,0.44
2022,314,30.64,27.92,8.68,56.61,0.02,2.0,0.44
2022,315,29.93,28.72,10.51,54.0,0.03,1.78,0.43
2022,316,25.55,22.08,8.86,67.81,0.17,3.88,0.43
2022,317,29.65,23.82,10.9,63.69,0.39,2.3,0.43
2022,318,29.36,29.97,10.54,51.74,0.01,2.45,0.43
2022,319,30.87,22.54,9.31,60.82,0.33,3.65,0.43
2022,320,27.52,25.03,10.77,61.33,0.47,2.27,0.43
2022,321,29.43,25.2,10.32,57.98,0.2,2.48,0.42
2022,322,29.63,22.04,9.82,59.16,0.44,3.01,0.42
2022,323,26.15,21.16,8.3,64.97,0.6,2.36,0.42
2022,324,32.96,29.06,7.41,55.02,0.02,1.71,0.42
2022,325,29.59,28.88,9.25,54.67,0.09,2.4,0.42
2022,326,30.59,29.04,10.63,52.9,0.09,1.51,0.41
2022,327,28.78,22.27,10.07,67.04,0.87,5.0,0.41
2022,328,19.58,20.16,8.35,65.96,1.69,3.52,0.42
2022,329,33.58,23.26,6.09,54.15,0.16,3.28,0.41
2022,330,33.2,25.72,8.03,54.61,0.07,4.01,0.41
2022,331,33.17,29.43,8.75,53.45,0.02,3.95,0.41
2022,332,31.14,34.26,11.43,44.97,0.0,2.32,0.41
2022,333,32.37,34.63,17.46,33.4,0.0,2.26,0.4
2022,334,29.64,30.96,13.12,51.6,0.07,2.36,0.4
2022,335,32.17,29.27,12.1,55.49,0.71,2.82,0.4
2022,336,25.74,18.84,10.68,65.08,1.65,4.43,0.4
2022,337,31.72,23.07,8.68,57.41,0.15,2.56,0.4
2022,338,30.92,24.9,7.87,56.76,0.16,2.98,0.4
2022,339,27.25,24.13,10.35,55.53,0.23,2.6,0.4
2022,340,33.29,28.32,8.93,48.4,0.01,2.04,0.4
2022,341,33.91,27.32,9.99,53.29,0.27,2.54,0.39
2022,342,33.53,34.37,10.78,51.1,0.07,2.42,0.39
2022,343,32.1,31.5,14.39,53.47,0.15,3.25,0.39
2022,344,24.74,31.77,13.6,62.52,15.23,2.99,0.4
2022,345,19.73,31.96,16.86,64.11,3.28,4.37,0.42
2022,346,18.56,28.83,16.59,77.24,24.12,2.32,0.43
2022,347,26.1,26.11,14.94,70.55,2.93,2.84,0.46
2022,348,26.4,29.44,15.32,67.85,1.15,2.25,0.45
2022,349,30.27,32.63,15.92,66.28,17.4,3.05,0.45
2022,350,15.16,26.61,16.51,81.29,29.91,2.31,0.49
2022,351,26.63,26.21,15.1,75.77,2.45,2.79,0.51
2022,352,30.56,28.64,14.59,68.48,0.3,2.28,0.49
2022,353,27.72,25.76,11.92,66.48,0.34,2.84,0.48
2022,354,33.06,23.89,10.58,67.12,0.19,3.45,0.47
2022,355,33.93,32.4,10.13,52.27,0.0,2.16,0.46
2022,356,33.53,29.67,14.78,48.82,0.01,3.15,0.46
2022,357,24.89,25.61,14.05,66.59,0.13,2.55,0.45
2022,358,25.52,22.14,12.52,68.5,0.37,3.43,0.45
2022,359,33.68,24.79,10.07,59.57,0.42,2.56,0.45
2022,360,34.49,30.58,8.32,48.34,0.0,2.22,0.44
2022,361,34.41,28.9,12.61,43.18,0.04,2.35,0.44
2022,362,32.85,26.54,11.35,60.07,0.69,2.96,0.44
2022,363,33.5,23.19,9.67,56.19,1.19,4.08,0.44
2022,364,34.66,31.33,8.77,46.26,0.0,2.74,0.43
2022,365,34.35,33.63,10.6,50.41,0.02,3.31,0.43
2023,1,33.66,37.36,13.65,48.74,0.01,2.92,0.43
2023,2,33.43,37.09,15.31,48.28,0.04,2.43,0.42
2023,3,33.6,31.3,16.23,53.18,0.74,3.78,0.42
2023,4,25.04,24.2,11.52,69.0,5.06,3.54,0.42
2023,5,26.5,18.21,10.2,68.74,2.76,4.71,0.43
2023,6,31.7,26.08,9.6,58.57,0.06,3.96,0.43
2023,7,34.11,32.08,9.48,49.08,0.0,1.7,0.42
2023,8,34.02,34.61,13.4,42.56,0.0,2.39,0.42
2023,9,34.12,31.86,14.09,50.73,0.0,2.72,0.42
2023,10,33.25,32.24,13.87,48.57,0.0,2.23,0.41
2023,11,24.09,33.42,14.57,45.68,0.03,2.07,0.41
2023,12,26.58,29.03,12.64,53.27,0.01,3.78,0.41
2023,13,33.24,31.43,11.3,52.1,0.02,2.1,0.41
2023,14,28.09,32.64,14.67,58.45,0.07,3.1,0.4
2023,15,30.23,34.42,14.85,58.57,0.06,3.82,0.4
2023,16,32.01,38.1,14.9,50.68,0.02,2.9,0.4
2023,17,27.09,37.97,18.38,45.22,0.08,2.09,0.4
2023,18,19.65,31.24,17.97,49.0,0.6,2.58,0.4
2023,19,30.97,30.34,15.62,57.16,0.02,2.57,0.4
2023,20,32.08,31.87,13.86,53.45,0.02,2.17,0.39
2023,21,32.36,31.01,14.48,52.79,0.02,2.54,0.39
2023,22,31.56,31.4,13.86,56.17,0.21,2.19,0.39
2023,23,32.18,30.42,13.78,57.1,0.01,3.4,0.39
2023,24,16.7,21.02,9.75,68.17,0.91,3.99,0.39
2023,25,32.98,30.37,8.07,49.26,0.01,2.37,0.39
2023,26,32.7,34.45,11.13,45.11,0.0,2.18,0.39
2023,27,32.64,34.38,12.61,51.84,0.14,2.57,0.38
2023,28,22.28,23.4,11.53,72.64,2.85,4.22,0.39
2023,29,30.71,27.53,10.27,55.03,0.12,5.07,0.39
2023,30,31.38,32.18,11.86,50.32,0.01,3.64,0.39
2023,31,31.47,34.21,12.49,48.07,0.0,2.26,0.38
2023,32,30.77,29.65,14.85,57.66,0.02,2.53,0.38
2023,33,31.62,31.45,13.74,53.1,0.04,2.69,0.38
2023,34,31.5,35.57,11.54,50.27,0.01,2.54,0.38
2023,35,29.49,36.84,16.46,45.74,0.0,2.49,0.38
2023,36,25.01,31.13,16.5,67.42,0.92,3.05,0.38
2023,37,26.15,32.9,16.67,58.14,0.25,2.59,0.38
2023,38,22.01,29.99,16.78,66.38,1.12,2.97,0.38
2023,39,27.93,32.33,15.62,54.43,0.28,3.16,0.38
2023,40,29.9,34.08,15.94,44.05,0.0,2.38,0.38
2023,41,30.37,35.76,15.86,43.25,0.0,1.65,0.37
2023,42,29.78,36.92,17.55,33.8,0.0,2.18,0.37
2023,43,29.64,32.53,15.64,46.6,0.02,2.58,0.37
2023,44,29.48,33.48,15.69,53.99,0.03,2.29,0.37
2023,45,27.92,32.97,16.06,60.0,0.07,2.71,0.37
2023,46,26.39,29.5,16.12,68.53,3.74,3.79,0.38
2023,47,21.14,28.35,15.75,69.63,3.37,5.1,0.38
2023,48,17.73,24.95,14.69,74.42,6.07,4.45,0.39
2023,49,25.32,29.25,13.6,63.89,0.51,3.07,0.39
2023,50,27.6,29.55,13.1,63.54,0.43,3.66,0.39
2023,51,12.49,16.58,9.74,78.69,15.24,6.12,0.41
2023,52,27.97,23.17,7.82,56.38,0.18,1.66,0.41
2023,53,28.42,31.67,8.89,51.07,0.01,1.89,0.41
2023,54,28.64,34.17,12.32,48.85,0.05,2.16,0.4
2023,55,27.63,28.34,13.07,64.25,0.81,2.91,0.4
2023,56,28.24,25.76,11.45,57.78,0.04,3.36,0.4
2023,57,28.45,31.8,10.06,53.49,0.01,3.01,0.39
2023,58,27.67,31.74,11.53,59.53,0.02,3.59,0.39
2023,59,27.54,33.36,13.05,59.1,0.08,2.98,0.39
2023,60,27.06,34.12,13.45,50.88,0.01,2.79,0.39
2023,61,26.85,36.43,15.03,39.68,0.0,1.95,0.38
2023,62,22.5,29.07,14.29,59.99,0.83,2.63,0.38
2023,63,13.97,28.95,15.04,73.06,9.67,1.45,0.39
2023,64,11.97,18.77,13.35,87.14,24.16,2.86,0.43
2023,65,17.13,20.7,12.54,80.85,7.2,3.77,0.45
2023,66,14.4,28.58,12.75,63.3,2.37,3.39,0.45
2023,67,15.81,23.96,12.1,73.7,1.43,3.86,0.44
2023,68,13.54,21.54,11.9,75.25,1.07,3.4,0.44
2023,69,24.34,24.81,10.83,68.16,0.09,3.01,0.43
2023,70,17.45,20.26,9.08,73.83,1.35,2.43,0.43
2023,71,25.7,28.96,7.71,60.11,0.0,2.03,0.43
2023,72,24.85,31.89,11.43,54.15,0.11,2.14,0.42
2023,73,24.66,33.09,13.7,66.13,0.3,3.11,0.42
2023,74,20.51,31.1,14.55,69.04,0.28,4.4,0.42
2023,75,21.37,34.44,18.06,55.32,0.01,2.94,0.42
2023,76,19.15,26.96,14.77,66.32,0.3,3.16,0.41
2023,77,14.1,21.6,12.97,74.71,0.97,2.83,0.42
2023,78,22.08,25.18,11.11,63.58,0.01,2.19,0.41
2023,79,14.99,18.68,11.17,73.29,0.77,5.45,0.41
2023,80,18.42,22.83,11.31,75.46,1.14,2.68,0.41
2023,81,18.79,24.22,12.09,69.74,0.73,2.12,0.41
2023,82,6.61,27.42,15.38,70.55,40.3,3.93,0.42
2023,83,19.68,23.13,11.48,79.18,16.06,2.23,0.51
2023,84,10.06,20.08,11.85,84.66,11.19,4.55,0.5
2023,85,20.92,19.89,8.06,76.31,1.74,2.86,0.5
2023,86,23.23,26.77,6.27,50.49,0.0,2.14,0.49
2023,87,22.23,24.46,11.51,46.5,0.53,2.28,0.48
2023,88,18.17,17.31,9.25,74.53,0.33,2.17,0.48
2023,89,21.9,21.17,8.82,74.94,0.09,2.04,0.47
2023,90,22.22,25.57,8.4,64.91,0.03,2.1,0.47
2023,91,21.58,29.34,8.61,55.45,0.0,1.72,0.46
2023,92,20.04,28.06,11.95,54.05,0.11,1.77,0.46
2023,93,16.28,21.62,10.6,76.73,0.38,1.79,0.46
2023,94,20.81,26.92,9.98,60.85,0.01,1.03,0.46
2023,95,20.67,31.21,11.52,42.02,0.0,1.67,0.45
2023,96,17.48,32.62,14.68,40.61,0.06,2.01,0.45
2023,97,14.34,20.64,11.4,77.61,3.11,2.66,0.45
2023,98,11.06,13.88,7.95,81.03,3.04,2.35,0.46
2023,99,19.98,18.25,6.32,71.35,0.08,1.81,0.46
2023,100,15.63,15.55,7.12,76.51,2.16,2.53,0.46
2023,101,18.82,17.88,6.02,69.77,0.01,1.24,0.46
2023,102,10.97,22.02,7.48,53.49,0.0,1.61,0.46
2023,103,15.22,19.82,8.98,73.23,0.71,2.33,0.45
2023,104,19.53,17.23,5.78,68.35,0.74,1.99,0.45
2023,105,19.25,24.51,4.31,56.92,0.0,1.71,0.45
2023,106,18.83,28.57,7.78,37.79,0.0,1.71,0.45
2023,107,18.86,29.72,12.64,28.99,0.02,1.75,0.45
2023,108,18.33,28.63,11.68,29.53,0.02,1.22,0.44
2023,109,14.73,27.8,11.8,37.67,0.04,2.22,0.44
2023,110,8.9,14.12,6.19,85.28,11.2,3.96,0.45
2023,111,16.76,13.58,5.14,64.91,0.04,0.75,0.46
2023,112,4.84,14.13,7.35,65.2,2.4,3.47,0.46
2023,113,7.99,20.64,11.15,87.9,15.42,3.97,0.47
2023,114,8.09,19.69,11.49,90.05,3.77,2.7,0.49
2023,115,15.34,21.26,9.48,78.08,0.33,1.26,0.49
2023,116,15.81,22.69,8.69,72.49,0.04,2.03,0.48
2023,117,8.09,16.72,9.06,80.46,3.01,2.78,0.48
2023,118,14.76,16.44,7.5,82.65,0.21,2.23,0.48
2023,119,13.93,17.43,6.28,83.66,0.94,1.55,0.48
2023,120,16.44,23.04,4.87,64.83,0.03,1.93,0.48
2023,121,15.79,22.2,8.06,55.17,0.03,1.18,0.47
2023,122,14.67,19.02,6.96,78.16,0.16,1.26,0.47
2023,123,16.07,23.43,6.97,64.97,0.06,1.4,0.47
2023,124,14.33,19.36,8.23,70.64,0.09,1.27,0.47
2023,125,15.93,21.68,7.23,66.73,0.05,1.35,0.47
2023,126,14.1,18.07,6.65,79.88,0.23,1.46,0.46
2023,127,14.32,20.49,8.03,76.82,0.38,1.36,0.46
2023,128,13.2,22.13,7.63,71.86,0.03,1.39,0.46
2023,129,14.71,24.95,8.32,52.64,0.03,1.23,0.46
2023,130,14.6,26.19,9.8,47.1,0.02,2.16,0.46
2023,131,7.36,12.56,6.52,91.62,8.05,2.08,0.47
2023,132,10.56,10.8,5.53,83.59,6.12,4.86,0.48
2023,133,10.73,13.41,7.03,80.35,2.15,5.38,0.48
2023,134,11.96,15.87,6.39,80.65,0.5,3.86,0.48
2023,135,14.14,19.36,4.05,72.28,0.04,1.75,0.48
2023,136,13.24,21.32,6.75,64.51,0.08,1.53,0.47
2023,137,10.55,12.93,6.96,93.46,10.17,1.45,0.48
2023,138,13.33,13.72,4.22,83.34,1.68,2.01,0.49
2023,139,13.7,15.29,2.14,74.44,0.12,1.63,0.49
2023,140,13.13,17.02,4.56,74.26,0.44,2.04,0.49
2023,141,6.71,12.76,5.12,90.82,6.85,2.03,0.5
2023,142,12.74,18.5,4.42,67.91,0.0,1.42,0.49
2023,143,12.98,18.29,7.65,63.46,0.0,1.7,0.49
2023,144,12.72,19.19,7.61,70.64,0.44,2.95,0.49
2023,145,2.06,9.87,5.17,93.13,27.38,3.05,0.52
2023,146,9.76,12.36,2.01,84.37,0.51,1.82,0.53
2023,147,13.49,16.12,0.23,64.76,0.0,2.31,0.53
2023,148,12.85,16.27,4.38,59.49,1.0,1.76,0.52
2023,149,4.61,14.56,8.37,92.29,21.96,3.34,0.53
2023,150,8.16,12.91,5.75,89.22,10.44,1.66,0.55
2023,151,7.78,14.71,8.89,95.4,15.15,1.09,0.58
2023,152,8.94,17.69,8.08,88.05,0.68,0.93,0.58
2023,153,9.4,15.06,6.38,79.1,1.68,3.99,0.57
2023,154,6.31,11.09,5.57,92.36,14.15,5.37,0.58
2023,155,6.86,9.13,4.61,93.09,11.76,3.85,0.59
2023,156,9.48,10.44,1.58,82.31,0.22,1.25,0.6
2023,157,12.24,17.36,1.99,70.57,0.0,1.79,0.59
2023,158,8.34,10.51,1.47,88.5,4.85,3.37,0.59
2023,159,4.82,13.26,10.15,94.05,16.18,4.93,0.6
2023,160,9.26,13.42,7.66,91.99,6.5,1.3,0.62
2023,161,11.54,14.54,4.93,87.87,0.43,1.46,0.62
2023,162,10.87,13.7,2.72,87.34,9.83,3.37,0.61
2023,163,6.54,10.37,6.49,93.22,6.52,3.5,0.63
2023,164,4.97,10.77,7.12,95.28,15.95,5.88,0.64
2023,165,4.69,10.82,6.6,93.49,28.78,4.85,0.68
2023,166,6.62,13.31,5.3,93.89,17.48,4.4,0.7
2023,167,10.86,12.07,3.92,92.64,0.7,4.88,0.69
2023,168,4.71,11.74,4.62,93.65,9.36,4.12,0.7
2023,169,9.88,10.29,3.58,89.71,0.97,4.16,0.69
2023,170,6.4,9.14,5.68,91.3,11.77,5.66,0.7
2023,171,9.61,9.42,2.03,90.67,1.3,2.0,0.7
2023,172,7.96,12.8,1.27,91.84,0.73,1.37,0.7
2023,173,11.34,17.98,4.59,81.23,0.05,2.0,0.69
2023,174,10.19,13.95,4.63,80.01,0.48,3.23,0.69
2023,175,6.47,14.1,4.75,90.1,0.8,1.65,0.69
2023,176,7.06,13.2,7.94,91.93,1.83,3.34,0.69
2023,177,5.71,13.37,8.25,91.21,4.71,4.39,0.69
2023,178,2.51,11.41,5.63,94.08,31.12,2.22,0.73
2023,179,5.53,11.1,5.05,92.67,2.9,1.6,0.73
2023,180,5.38,10.34,7.23,95.38,4.03,4.16,0.73
2023,181,9.35,11.37,4.59,93.32,0.61,2.82,0.73
2023,182,11.6,16.2,3.6,77.15,0.01,1.63,0.72
2023,183,11.81,18.14,5.57,62.87,0.01,1.12,0.72
2023,184,11.82,17.22,5.94,66.01,0.02,1.24,0.72
2023,185,11.2,11.93,2.94,93.92,0.25,1.8,0.72
2023,186,11.09,13.82,2.27,83.88,0.0,1.98,0.71
2023,187,9.8,17.89,5.3,68.11,0.01,2.37,0.71
2023,188,8.74,13.04,6.48,78.7,6.67,4.78,0.71
2023,189,6.03,7.57,2.6,94.59,23.23,4.34,0.73
2023,190,8.86,8.27,2.62,93.98,11.4,1.85,0.76
2023,191,12.64,10.44,0.57,87.31,0.62,1.62,0.75
2023,192,12.66,15.31,-0.37,68.13,0.0,1.21,0.75
2023,193,12.61,18.01,3.95,53.21,0.0,1.36,0.74
2023,194,12.3,18.01,4.02,59.55,0.0,1.71,0.74
2023,195,8.06,17.61,4.84,69.72,0.01,1.94,0.73
2023,196,7.89,12.76,4.19,78.08,0.53,2.51,0.73
2023,197,10.5,15.14,7.4,91.92,0.88,2.62,0.73
2023,198,12.11,18.15,7.34,77.34,0.1,1.68,0.73
2023,199,8.0,13.4,5.62,93.17,5.42,3.27,0.73
2023,200,10.97,8.2,1.59,89.12,3.85,2.2,0.74
2023,201,11.92,10.46,0.6,87.84,0.09,2.86,0.74
2023,202,12.64,13.85,-1.87,76.09,0.0,1.71,0.73
2023,203,12.51,11.68,3.01,71.84,0.48,1.88,0.73
2023,204,8.66,10.4,4.03,90.38,1.8,1.15,0.73
2023,205,13.99,10.83,0.62,77.86,0.08,0.74,0.73
2023,206,13.92,16.27,-0.06,64.63,0.0,1.49,0.72
2023,207,6.11,14.13,6.31,90.22,11.47,1.56,0.73
2023,208,11.11,13.87,4.04,90.37,0.33,1.62,0.74
2023,209,10.83,11.39,2.87,93.11,2.46,2.47,0.74
2023,210,6.41,7.24,4.41,96.53,21.62,2.72,0.75
2023,211,8.75,7.09,1.93,92.24,5.34,3.48,0.76
2023,212,9.66,9.65,2.3,87.15,3.85,1.9,0.77
2023,213,14.85,14.08,-0.3,76.45,0.02,1.39,0.76
2023,214,14.87,17.67,1.75,60.76,0.0,1.79,0.76
2023,215,14.1,21.24,4.46,70.17,0.0,2.3,0.75
2023,216,13.6,19.13,5.81,71.43,0.01,1.77,0.75
2023,217,13.07,19.1,4.44,75.88,0.02,1.86,0.74
2023,218,14.96,14.73,4.0,86.84,0.07,1.43,0.74
2023,219,15.38,17.82,3.36,74.28,0.01,1.22,0.74
2023,220,12.75,13.48,5.4,92.51,0.87,2.2,0.74
2023,221,15.62,20.45,5.54,76.38,0.07,2.23,0.73
2023,222,15.1,22.91,6.69,60.55,0.0,1.75,0.73
2023,223,11.56,21.75,8.64,69.43,0.02,2.31,0.72
2023,224,10.78,16.26,7.35,86.43,0.56,2.08,0.72
2023,225,14.14,12.9,6.42,87.54,0.72,1.24,0.72
2023,226,13.46,11.4,1.66,84.66,1.07,1.41,0.72
2023,227,16.67,15.1,1.67,81.22,0.17,3.01,0.72
2023,228,16.32,15.86,5.74,79.85,0.06,2.72,0.71
2023,229,7.69,10.21,5.79,92.85,8.2,3.74,0.72
2023,230,13.59,13.97,5.8,87.62,2.18,1.68,0.73
2023,231,16.5,16.7,3.23,82.56,0.6,2.03,0.72
2023,232,17.01,14.37,3.51,84.88,1.2,4.06,0.72
2023,233,10.27,11.41,6.11,87.81,8.66,5.66,0.72
2023,234,10.52,9.84,5.8,92.72,11.69,5.91,0.72
2023,235,12.9,11.22,4.34,82.57,3.18,2.41,0.74
2023,236,13.61,13.29,0.69,84.29,0.0,1.42,0.73
2023,237,8.26,10.03,3.15,94.11,27.54,5.02,0.75
2023,238,14.66,10.47,2.15,85.55,2.1,1.62,0.77
2023,239,18.36,18.25,0.96,77.69,0.0,1.78,0.76
2023,240,18.73,23.94,6.2,54.16,0.0,1.81,0.75
2023,241,16.54,24.5,7.56,64.82,0.0,2.44,0.74
2023,242,16.09,22.62,10.15,75.99,0.05,2.17,0.73
2023,243,10.1,12.16,5.77,90.9,3.94,3.37,0.73
2023,244,17.74,12.16,1.9,78.79,0.54,1.37,0.73
2023,245,16.73,11.12,0.27,89.95,0.88,1.73,0.73
2023,246,16.77,12.04,4.06,84.99,1.13,1.69,0.73
2023,247,14.45,11.8,4.44,84.82,2.15,1.75,0.73
2023,248,13.83,9.44,2.64,88.49,3.9,2.43,0.73
2023,249,19.07,11.63,0.23,86.31,0.21,2.8,0.73
2023,250,20.17,17.3,2.43,79.9,0.16,2.06,0.72
2023,251,19.59,19.86,7.06,71.45,0.03,1.9,0.72
2023,252,15.86,17.04,5.95,80.13,1.97,4.49,0.72
2023,253,13.26,10.87,4.1,88.86,23.43,5.83,0.73
2023,254,14.85,7.47,1.97,85.65,7.65,2.18,0.75
2023,255,21.99,13.38,-1.53,68.59,0.06,1.2,0.74
2023,256,21.66,19.02,2.15,67.2,0.19,3.33,0.74
2023,257,11.3,12.08,5.62,90.41,3.18,4.63,0.73
2023,258,9.7,10.59,4.79,92.85,10.08,6.05,0.74
2023,259,13.39,9.28,3.72,86.52,2.4,3.55,0.75
2023,260,22.29,15.33,3.48,83.85,0.1,1.03,0.74
2023,261,21.76,16.81,3.8,81.72,0.07,1.6,0.74
2023,262,17.69,15.36,5.59,86.03,1.1,3.67,0.73
2023,263,20.51,15.0,7.86,86.68,0.68,4.08,0.73
2023,264,10.03,14.15,7.25,91.0,1.31,3.74,0.73
2023,265,17.76,17.5,8.05,88.94,1.47,1.96,0.73
2023,266,14.44,11.98,5.89,89.61,6.46,3.87,0.73
2023,267,4.05,13.71,6.76,92.92,83.77,3.64,0.78
2023,268,7.32,11.78,7.45,95.01,44.23,3.76,0.86
2023,269,23.12,15.81,5.79,88.33,0.83,2.22,0.85
2023,270,24.62,19.27,4.0,81.61,0.07,2.37,0.83
2023,271,24.22,24.03,5.39,65.19,0.0,1.55,0.81
2023,272,18.8,21.51,9.81,72.31,0.04,2.61,0.8
2023,273,11.09,12.7,4.78,85.6,4.65,2.91,0.8
2023,274,25.61,18.64,3.01,70.22,0.03,2.03,0.8
2023,275,24.44,26.53,7.46,51.81,0.02,1.81,0.79
2023,276,24.31,23.99,11.11,71.32,0.48,1.35,0.79
2023,277,13.14,23.22,10.67,75.41,1.9,1.52,0.78
2023,278,15.91,20.56,9.92,83.02,2.53,1.28,0.78
2023,279,17.12,20.25,10.46,88.0,11.2,2.27,0.78
2023,280,16.2,14.31,7.67,90.74,12.27,4.11,0.8
2023,281,22.91,18.28,7.19,82.62,0.33,4.43,0.79
2023,282,25.33,19.5,7.69,82.72,0.18,3.87,0.79
2023,283,25.83,22.98,7.83,79.82,0.14,1.98,0.78
2023,284,20.65,20.76,9.63,81.81,0.52,1.42,0.77
2023,285,22.06,16.06,9.09,85.52,4.1,2.1,0.77
2023,286,26.31,18.39,7.58,77.21,0.53,1.58,0.77
2023,287,25.25,21.49,9.09,78.29,0.26,3.74,0.76
2023,288,25.79,21.67,8.79,79.49,0.3,3.56,0.75
2023,289,26.94,22.71,8.75,81.57,0.19,2.94,0.74
2023,290,27.66,24.69,9.39,75.42,0.02,1.69,0.74
2023,291,26.15,23.43,9.29,82.45,0.34,3.19,0.73
2023,292,27.62,29.21,10.28,70.95,0.09,2.37,0.72
2023,293,19.67,23.32,11.76,77.23,3.9,1.82,0.72
2023,294,19.79,17.55,11.57,87.93,12.5,5.41,0.73
2023,295,26.64,23.4,9.83,72.72,0.22,2.05,0.73
2023,296,27.51,20.09,10.12,74.51,0.07,3.19,0.72
2023,297,23.38,19.01,8.89,82.43,1.11,1.78,0.71
2023,298,29.3,24.48,8.5,73.4,0.11,1.49,0.71
2023,299,27.3,25.31,8.68,68.36,0.06,1.98,0.7
2023,300,14.04,14.66,7.84,89.0,3.36,2.07,0.7
2023,301,26.57,14.79,6.34,79.89,0.6,3.8,0.7
2023,302,31.01,18.21,4.42,68.61,0.01,5.39,0.69
2023,303,31.31,19.89,3.62,67.33,0.01,4.91,0.68
2023,304,30.43,24.9,6.62,71.65,0.02,2.53,0.67
2023,305,21.31,26.81,9.26,69.63,0.02,1.76,0.66
2023,306,22.29,25.32,11.54,68.96,0.11,1.83,0.66
2023,307,17.3,20.95,10.7,74.32,0.37,3.14,0.66
2023,308,26.05,19.63,10.42,82.42,0.78,2.08,0.65
2023,309,29.24,23.55,9.77,76.92,0.11,1.44,0.65
2023,310,16.26,16.62,10.62,84.88,0.13,2.3,0.64
2023,311,23.59,18.94,8.91,79.67,0.64,2.32,0.64
2023,312,30.7,21.4,7.48,75.12,0.0,1.65,0.63
2023,313,31.07,26.38,7.47,72.06,0.0,1.79,0.62
2023,314,30.73,28.89,11.78,66.74,0.08,1.98,0.61
2023,315,26.64,19.21,10.0,78.89,0.16,2.62,0.61
2023,316,30.74,20.68,8.75,76.49,0.29,1.93,0.6
2023,317,31.43,23.74,7.62,72.49,0.02,3.99,0.6
2023,318,32.04,30.17,9.34,59.58,0.0,2.2,0.59
2023,319,27.67,32.1,13.57,52.96,0.02,2.05,0.58
2023,320,23.38,25.08,14.79,58.62,0.01,1.46,0.57
2023,321,21.33,22.23,9.79,71.96,0.03,2.44,0.57
2023,322,28.56,23.52,8.56,74.49,0.05,2.31,0.57
2023,323,24.34,21.08,11.23,76.56,0.18,2.35,0.56
2023,324,17.87,20.09,11.96,77.24,1.55,5.38,0.56
2023,325,23.85,18.95,8.62,77.89,0.88,5.09,0.56
2023,326,28.74,22.57,8.4,77.15,0.0,4.05,0.55
2023,327,31.27,26.28,10.3,73.87,0.03,1.82,0.55
2023,328,32.27,24.51,11.59,73.32,0.08,1.94,0.54
2023,329,28.89,23.65,9.93,68.91,0.01,1.37,0.53
2023,330,32.11,29.05,11.45,59.36,0.0,1.71,0.53
2023,331,33.57,31.84,12.94,54.99,0.0,1.59,0.52
2023,332,24.65,21.97,11.39,73.8,0.37,3.17,0.51
2023,333,33.95,26.33,10.24,57.79,0.08,2.7,0.51
2023,334,33.77,33.3,11.19,37.65,0.0,2.02,0.5
2023,335,30.38,23.9,12.16,60.89,0.07,3.32,0.5
2023,336,32.93,24.74,11.02,67.96,0.56,1.96,0.5
2023,337,31.43,22.83,11.79,65.69,0.07,2.41,0.49
2023,338,33.16,21.72,11.13,66.1,0.18,2.35,0.49
2023,339,31.31,24.92,11.19,67.1,0.32,3.89,0.49
2023,340,33.28,31.03,11.67,56.99,0.04,3.11,0.48
2023,341,33.41,29.87,12.82,58.4,0.49,2.47,0.48
2023,342,30.05,25.9,12.8,71.11,4.5,2.56,0.48
2023,343,22.58,20.75,10.04,75.82,8.71,3.8,0.49
2023,344,33.69,26.09,8.9,59.9,0.16,2.88,0.49
2023,345,34.18,28.95,8.64,51.25,0.71,2.1,0.48
2023,346,27.56,21.64,10.48,68.09,1.6,3.46,0.48
2023,347,33.76,26.94,10.34,61.78,0.58,2.71,0.47
2023,348,28.07,22.53,10.28,65.13,1.01,3.21,0.47
2023,349,34.16,27.33,9.12,59.68,0.18,2.43,0.47
2023,350,34.2,30.03,10.58,57.69,0.07,2.27,0.46
2023,351,33.96,26.69,10.83,63.05,2.59,2.38,0.46
2023,352,33.71,25.96,10.51,67.66,4.42,2.77,0.47
2023,353,34.76,31.27,9.79,56.61,0.29,2.16,0.46
2023,354,34.55,28.43,11.85,60.25,1.4,2.13,0.46
2023,355,34.22,32.93,10.74,55.95,0.94,2.73,0.46
2023,356,33.47,29.72,13.26,57.59,0.41,2.99,0.45
2023,357,31.92,29.31,14.55,67.63,0.88,2.8,0.45
2023,358,32.17,30.5,13.18,61.1,0.19,3.43,0.45
2023,359,28.0,25.79,13.31,65.55,0.66,5.41,0.44
2023,360,31.76,27.47,12.49,60.3,0.44,5.92,0.44
2023,361,32.99,33.58,10.91,50.0,0.0,3.01,0.44
2023,362,27.97,32.74,15.13,56.51,0.06,2.37,0.43
2023,363,25.58,30.65,14.93,61.03,0.29,1.93,0.43
2023,364,13.8,23.61,17.14,81.58,14.4,2.88,0.45
2023,365,24.91,26.9,14.79,73.33,4.28,4.2,0.46
2024,1,31.88,31.41,14.05,60.69,0.07,3.66,0.45
2024,2,31.33,34.36,15.41,54.27,0.0,2.47,0.45
2024,3,29.62,32.78,15.69,61.11,0.04,2.96,0.44
2024,4,31.23,33.3,15.82,57.19,0.02,1.78,0.44
2024,5,33.24,31.85,14.86,46.88,0.0,3.33,0.43
2024,6,29.98,26.45,14.31,63.53,0.27,3.42,0.43
2024,7,16.82,20.58,12.89,71.38,0.94,2.74,0.43
2024,8,31.8,28.45,11.35,60.43,0.14,3.36,0.43
2024,9,30.73,32.7,11.75,60.54,0.5,2.86,0.42
2024,10,24.8,25.05,14.62,71.47,1.47,4.76,0.42
2024,11,30.25,31.69,13.45,59.9,0.02,2.51,0.42
2024,12,32.1,31.17,15.67,59.61,0.0,2.22,0.42
2024,13,32.7,30.37,13.96,58.89,0.0,2.43,0.42
2024,14,32.75,29.7,14.8,56.62,0.0,2.22,0.41
2024,15,33.05,30.95,13.02,51.84,0.0,2.23,0.41
2024,16,29.5,26.54,13.75,65.44,0.82,3.34,0.41
2024,17,30.39,28.22,13.49,64.89,0.53,4.69,0.41
2024,18,33.48,33.68,13.45,50.74,0.01,3.79,0.41
2024,19,33.0,37.39,14.41,38.77,0.0,2.1,0.4
2024,20,32.51,36.47,17.25,33.85,0.01,2.57,0.4
2024,21,31.65,30.64,13.71,58.56,1.13,3.3,0.4
2024,22,27.95,28.7,14.48,66.29,2.0,5.61,0.4
2024,23,31.36,35.95,13.54,51.04,0.04,3.34,0.4
2024,24,31.81,38.04,16.61,38.97,0.0,2.01,0.4
2024,25,32.02,35.18,17.71,30.63,0.0,2.63,0.39
2024,26,30.78,33.72,16.3,32.96,0.01,2.18,0.39
2024,27,27.57,34.46,17.58,45.65,0.03,2.34,0.39
2024,28,27.61,29.2,16.88,50.17,0.02,2.96,0.39
2024,29,30.78,28.0,13.81,55.52,0.13,5.31,0.39
2024,30,28.52,32.73,15.05,55.18,0.11,1.34,0.39
2024,31,29.17,32.24,18.61,47.46,0.89,3.12,0.39
2024,32,26.92,38.75,17.95,55.92,1.7,3.22,0.39
2024,33,28.12,38.83,21.46,44.15,0.69,2.6,0.39
2024,34,22.85,36.35,21.73,46.93,0.64,1.75,0.39
2024,35,30.03,34.33,18.38,48.25,0.03,2.32,0.38
2024,36,30.2,31.58,15.61,60.76,0.04,2.7,0.38
2024,37,27.95,28.08,15.48,65.5,0.1,3.76,0.38
2024,38,25.43,24.53,13.95,63.39,0.09,4.07,0.38
2024,39,30.09,26.68,12.95,56.33,0.04,2.51,0.38
2024,40,26.74,24.15,12.23,59.37,0.12,3.03,0.38
2024,41,30.56,27.92,11.5,55.26,0.88,3.03,0.38
2024,42,30.86,35.74,11.17,42.06,0.0,1.82,0.38
2024,43,30.53,37.38,17.05,30.37,0.17,2.61,0.38
2024,44,29.57,32.22,14.34,53.15,0.36,2.1,0.38
2024,45,26.68,29.18,12.38,59.9,0.5,2.51,0.38
2024,46,19.04,19.67,11.02,67.86,4.47,4.08,0.38
2024,47,25.07,21.2,9.23,67.87,3.72,2.64,0.39
2024,48,29.9,25.79,8.4,56.53,0.0,1.96,0.39
2024,49,30.01,33.94,9.03,44.98,0.0,2.14,0.38
2024,50,29.64,37.42,13.33,35.19,0.0,2.16,0.38
2024,51,28.72,31.92,14.99,37.01,0.02,2.7,0.38
2024,52,27.28,27.13,12.21,59.95,0.14,2.67,0.38
2024,53,28.67,28.57,11.41,54.45,0.02,2.69,0.38
2024,54,29.13,32.55,9.93,49.18,0.0,2.62,0.38
2024,55,21.9,25.0,11.85,69.68,2.39,3.95,0.38
2024,56,23.09,22.29,10.85,58.51,0.3,3.21,0.38
2024,57,28.73,29.05,9.5,49.31,0.02,4.49,0.38
2024,58,28.74,32.86,10.44,41.73,0.0,4.34,0.38
2024,59,27.69,38.51,14.0,28.04,0.0,2.38,0.37
2024,60,19.78,36.26,17.52,25.87,0.04,2.23,0.37
2024,61,27.6,32.9,13.6,39.67,0.09,2.57,0.37
2024,62,26.94,31.65,13.1,64.2,1.48,3.45,0.37
2024,63,19.96,27.73,15.77,66.08,1.99,2.38,0.38
2024,64,8.57,22.86,12.11,72.58,8.79,3.06,0.38
2024,65,21.01,21.0,10.11,73.47,5.03,2.39,0.4
2024,66,23.14,28.3,9.08,49.06,0.01,1.76,0.4
2024,67,24.35,25.77,12.59,51.76,0.15,4.12,0.39
2024,68,23.68,28.6,13.93,68.05,0.27,2.26,0.39
2024,69,26.21,32.02,12.57,57.84,0.02,1.88,0.39
2024,70,26.17,35.28,11.73,53.56,0.01,2.0,0.39
2024,71,25.97,37.55,13.23,43.22,0.01,2.33,0.38
2024,72,24.61,28.58,13.81,63.75,0.14,2.39,0.38
2024,73,20.44,21.29,12.03,66.72,0.13,2.37,0.38
2024,74,25.36,28.67,10.91,55.67,0.02,1.54,0.38
2024,75,24.37,31.95,11.86,40.97,0.02,2.89,0.38
2024,76,23.91,25.68,12.33,67.05,0.24,3.3,0.38
2024,77,23.53,30.97,11.5,56.2,0.01,4.19,0.38
2024,78,20.13,34.66,12.53,40.49,0.0,2.08,0.38
2024,79,23.12,32.97,14.67,50.92,0.01,2.17,0.38
2024,80,21.68,36.37,16.11,52.02,0.0,1.77,0.37
2024,81,23.07,36.49,18.13,32.93,0.0,2.01,0.37
2024,82,19.76,36.02,17.63,36.32,0.82,2.66,0.37
2024,83,10.91,24.45,14.63,71.27,2.61,1.84,0.38
2024,84,12.37,25.06,11.38,63.92,3.87,2.97,0.39
2024,85,18.08,24.85,9.24,64.21,0.02,2.23,0.38
2024,86,20.94,28.0,11.49,69.89,0.69,2.92,0.38
2024,87,16.66,27.39,13.6,70.73,1.29,3.17,0.38
2024,88,20.1,29.81,11.51,67.74,1.01,2.45,0.38
2024,89,18.63,29.93,12.53,59.77,0.23,2.56,0.38
2024,90,21.43,34.6,13.72,41.02,0.0,2.04,0.38
2024,91,18.78,29.06,13.43,52.79,0.48,3.95,0.38
2024,92,18.99,21.2,10.98,69.5,0.4,3.14,0.38
2024,93,20.13,23.66,11.23,69.5,0.44,2.12,0.38
2024,94,21.37,31.07,9.44,53.6,0.1,2.03,0.38
2024,95,19.62,28.91,11.82,49.52,1.14,3.26,0.38
2024,96,17.99,19.74,10.61,67.5,1.42,4.96,0.38
2024,97,11.07,17.78,8.72,74.4,1.23,6.1,0.38
2024,98,5.63,16.62,11.08,84.62,25.71,7.46,0.4
2024,99,10.85,22.18,12.34,80.16,28.33,2.03,0.46
2024,100,17.09,20.18,10.85,83.98,3.65,2.4,0.48
2024,101,16.85,18.26,9.98,82.35,1.45,3.14,0.47
2024,102,19.94,21.58,7.33,67.74,0.06,4.21,0.46
2024,103,20.14,25.3,5.01,60.59,0.01,2.04,0.45
2024,104,19.58,26.06,6.58,61.86,0.02,2.72,0.44
2024,105,19.02,25.45,7.9,70.3,0.13,3.06,0.44
2024,106,16.28,24.93,9.6,76.06,0.35,2.57,0.44
2024,107,17.86,27.44,11.31,61.28,0.01,1.37,0.44
2024,108,17.64,27.8,11.75,49.27,0.01,1.63,0.43
2024,109,17.23,28.29,11.36,63.74,0.02,1.14,0.43
2024,110,17.62,29.23,12.51,42.79,0.01,1.64,0.43
2024,111,13.16,26.99,13.57,40.49,0.01,1.33,0.43
2024,112,13.57,26.56,12.0,49.49,0.0,2.07,0.43
2024,113,16.84,22.68,9.31,69.75,0.09,1.8,0.42
2024,114,16.43,24.59,9.86,70.8,0.06,1.24,0.42
2024,115,14.63,23.5,11.26,74.89,0.12,1.32,0.42
2024,116,16.51,21.71,10.56,76.78,0.22,3.01,0.42
2024,117,15.71,23.16,11.84,74.68,1.2,5.17,0.42
2024,118,11.03,28.45,11.21,61.52,0.1,3.95,0.42
2024,119,15.34,24.17,10.44,57.03,0.02,2.69,0.42
2024,120,16.17,26.77,8.76,49.74,0.04,1.99,0.42
2024,121,14.39,20.53,10.36,63.22,0.12,2.94,0.42
2024,122,14.46,21.66,9.65,64.73,0.98,1.67,0.42
2024,123,15.07,28.74,10.42,46.11,0.0,2.34,0.42
2024,124,11.76,30.72,12.76,44.47,0.07,2.45,0.42
2024,125,4.83,16.76,7.69,81.59,6.8,2.63,0.42
2024,126,15.11,21.52,5.48,57.49,0.5,2.75,0.43
2024,127,15.1,22.09,6.01,46.12,0.15,2.86,0.42
2024,128,10.46,19.99,8.56,66.16,0.61,2.62,0.42
2024,129,15.09,19.9,7.57,69.43,0.05,1.05,0.42
2024,130,15.33,21.95,4.78,60.03,0.01,1.59,0.42
2024,131,7.1,14.94,4.4,89.86,1.86,3.59,0.42
2024,132,14.05,15.96,4.83,73.35,0.02,1.24,0.42
2024,133,14.51,19.15,3.97,72.46,0.01,2.47,0.42
2024,134,14.4,26.22,5.57,55.16,0.0,1.9,0.42
2024,135,13.96,28.44,10.12,42.43,0.0,2.35,0.42
2024,136,13.13,25.46,11.77,34.51,0.02,1.44,0.42
2024,137,11.01,25.47,11.41,38.22,0.03,2.0,0.41
2024,138,13.17,21.02,9.7,76.25,0.13,0.9,0.41
2024,139,13.07,24.76,9.48,57.77,0.01,1.76,0.41
2024,140,11.61,22.58,8.93,48.41,0.0,1.96,0.41
2024,141,12.12,23.93,9.15,42.6,0.01,2.5,0.41
2024,142,12.22,19.15,7.75,64.47,0.34,2.64,0.41
2024,143,10.52,23.08,8.81,77.96,0.64,1.37,0.41
2024,144,12.17,17.99,9.86,88.86,2.64,2.64,0.41
2024,145,10.4,19.58,10.83,84.11,0.56,2.94,0.42
2024,146,12.89,22.51,7.51,70.15,0.36,1.41,0.42
2024,147,12.6,19.1,7.25,79.05,0.25,1.17,0.41
2024,148,12.99,26.02,6.21,50.62,0.01,1.25,0.41
2024,149,12.32,26.7,9.64,33.12,0.0,1.93,0.41
2024,150,11.96,28.32,11.5,42.54,0.15,3.3,0.41
2024,151,5.39,13.05,6.3,86.86,9.33,4.21,0.42
2024,152,7.82,14.26,3.89,74.26,0.15,0.85,0.43
2024,153,10.67,11.87,2.76,86.55,5.81,1.49,0.43
2024,154,7.45,14.44,6.89,88.68,7.85,1.6,0.44
2024,155,3.6,10.44,6.04,93.25,11.26,3.59,0.46
2024,156,4.67,14.11,10.77,96.74,23.78,3.73,0.49
2024,157,4.81,12.99,8.91,92.09,8.03,3.65,0.51
2024,158,3.97,10.84,7.0,95.2,11.71,2.76,0.52
2024,159,7.28,13.11,3.83,86.79,4.65,1.14,0.52
2024,160,12.19,15.65,1.84,79.37,0.01,1.33,0.51
2024,161,12.29,18.19,4.02,60.67,0.02,1.33,0.51
2024,162,11.93,20.19,4.92,58.9,0.0,2.34,0.5
2024,163,9.06,20.22,9.35,63.5,1.31,4.95,0.5
2024,164,9.67,14.43,7.2,87.92,2.89,2.61,0.5
2024,165,11.95,21.35,4.38,63.6,0.01,1.47,0.5
2024,166,11.6,20.44,6.62,60.36,0.04,1.86,0.5
2024,167,11.62,18.44,4.71,78.72,0.24,1.59,0.49
2024,168,10.35,22.95,6.3,56.48,0.0,1.9,0.49
2024,169,5.96,15.46,8.06,69.98,0.46,3.29,0.49
2024,170,5.34,12.26,8.22,88.53,4.31,4.48,0.49
2024,171,10.58,13.07,4.49,83.9,2.58,1.17,0.5
2024,172,10.7,16.36,1.53,70.74,0.02,1.7,0.5
2024,173,6.77,13.31,6.53,82.82,1.99,3.93,0.5
2024,174,9.9,14.79,7.54,80.15,0.37,1.48,0.5
2024,175,11.68,20.31,6.69,59.36,0.0,1.52,0.5
2024,176,10.48,16.93,6.76,77.0,0.66,1.39,0.5
2024,177,11.4,18.14,5.73,82.81,0.21,1.49,0.5
2024,178,11.64,22.28,5.69,55.74,0.03,1.26,0.49
2024,179,11.29,23.14,7.16,48.81,0.0,1.69,0.49
2024,180,9.79,21.7,7.0,57.9,0.0,2.24,0.49
2024,181,9.63,19.98,8.95,65.15,0.07,2.89,0.49
2024,182,10.57,18.29,6.5,74.47,0.48,1.12,0.49
2024,183,8.63,16.6,5.63,78.63,0.17,1.23,0.49
2024,184,8.88,13.17,3.89,89.68,0.15,1.47,0.49
2024,185,3.8,10.7,5.46,95.67,29.52,3.31,0.51
2024,186,10.76,12.19,4.53,87.09,4.88,3.41,0.54
2024,187,12.43,11.56,2.08,79.11,3.13,1.79,0.54
2024,188,11.07,17.24,1.7,58.86,0.0,2.79,0.54
2024,189,5.15,9.14,3.79,94.41,67.49,6.56,0.59
2024,190,6.56,6.7,2.59,90.69,23.01,4.85,0.66
2024,191,3.73,8.88,4.75,93.6,32.64,6.92,0.67
2024,192,8.03,11.73,7.78,91.88,9.21,6.54,0.68
2024,193,4.54,12.55,8.14,91.15,51.61,7.62,0.72
2024,194,5.72,9.36,5.71,92.09,10.41,5.13,0.73
2024,195,4.66,8.7,4.27,94.19,10.95,2.21,0.73
2024,196,7.24,8.38,4.61,92.74,14.67,3.7,0.73
2024,197,12.45,12.61,1.49,80.75,0.94,1.53,0.73
2024,198,8.58,8.26,4.19,92.86,3.42,1.79,0.73
2024,199,9.9,10.75,2.27,92.38,0.31,2.03,0.73
2024,200,5.99,10.13,6.46,95.86,14.93,3.14,0.73
2024,201,7.21,10.16,6.39,92.26,10.57,3.59,0.74
2024,202,8.75,10.53,4.57,90.51,2.38,1.3,0.75
2024,203,11.73,11.63,2.12,82.52,0.04,0.96,0.74
2024,204,13.84,15.21,0.44,73.29,0.04,1.08,0.74
2024,205,13.0,13.68,2.53,77.13,0.04,1.97,0.74
2024,206,10.62,13.03,4.31,92.66,0.92,0.97,0.73
2024,207,13.53,15.88,2.52,85.72,0.21,2.06,0.73
2024,208,9.2,11.49,7.36,94.27,7.15,2.99,0.74
2024,209,6.91,11.02,4.62,93.15,21.31,6.05,0.75
2024,210,8.16,7.42,3.19,90.56,8.33,3.43,0.77
2024,211,9.98,7.98,2.38,93.27,5.65,2.37,0.77
2024,212,13.53,9.84,0.12,87.13,7.19,1.5,0.77
2024,213,14.92,11.93,-1.62,80.72,0.13,1.17,0.77
2024,214,14.63,14.76,0.59,68.42,0.65,1.06,0.76
2024,215,13.93,13.81,1.57,71.76,0.2,1.5,0.76
2024,216,14.38,18.15,1.27,67.26,0.25,2.39,0.76
2024,217,8.0,8.47,2.04,89.85,18.59,3.87,0.77
2024,218,11.55,9.68,0.08,90.31,0.11,2.87,0.77
2024,219,15.12,14.93,1.56,68.11,0.01,1.51,0.77
2024,220,14.26,15.97,3.79,69.77,0.04,1.61,0.76
2024,221,8.23,10.22,1.89,93.49,10.25,4.14,0.76
2024,222,9.75,10.67,5.99,90.78,5.95,6.32,0.78
2024,223,6.93,12.49,6.25,90.65,10.81,6.29,0.77
2024,224,12.02,11.25,5.78,91.97,7.65,2.75,0.79
2024,225,13.93,11.22,4.32,92.76,0.42,1.79,0.79
2024,226,11.73,12.46,4.02,87.29,10.52,4.27,0.78
2024,227,14.09,8.68,0.81,86.53,0.24,1.75,0.79
2024,228,16.88,18.92,-1.0,74.41,0.0,1.59,0.78
2024,229,16.68,19.82,3.54,65.69,0.01,1.5,0.78
2024,230,13.62,12.59,1.03,91.17,0.27,3.61,0.77
2024,231,15.62,13.83,5.19,89.16,0.08,2.49,0.77
2024,232,17.22,19.91,1.67,72.59,0.0,1.73,0.77
2024,233,17.19,19.3,5.15,68.74,0.1,2.15,0.77
2024,234,9.41,10.54,0.95,88.07,6.97,3.36,0.77
2024,235,17.7,15.22,0.49,77.54,0.09,3.32,0.77
2024,236,16.95,19.65,4.87,71.81,0.04,3.31,0.76
2024,237,8.76,11.51,5.35,92.03,12.93,4.34,0.77
2024,238,15.77,13.3,4.18,82.82,0.47,2.75,0.77
2024,239,8.74,11.9,4.71,93.24,22.59,5.87,0.78
2024,240,8.96,10.27,3.34,92.92,49.19,7.33,0.83
2024,241,13.14,6.31,0.08,84.1,13.12,2.95,0.85
2024,242,19.76,10.43,-1.34,80.09,0.04,1.47,0.84
2024,243,19.88,17.0,-1.14,73.61,0.01,2.61,0.83
2024,244,18.72,19.58,2.57,72.95,0.05,2.82,0.82
2024,245,18.4,19.54,2.43,79.87,0.03,1.73,0.81
2024,246,17.49,25.88,6.78,71.58,0.0,2.2,0.81
2024,247,11.91,19.08,9.44,81.48,0.06,2.05,0.8
2024,248,10.02,13.99,6.7,86.84,0.54,2.09,0.8
2024,249,18.25,11.6,2.65,83.5,0.69,1.69,0.8
2024,250,19.74,12.86,1.7,88.83,1.1,2.07,0.8
2024,251,20.44,15.53,3.29,83.89,0.24,1.93,0.79
2024,252,15.57,10.0,3.47,86.01,1.32,3.3,0.79
2024,253,20.43,13.6,2.55,83.05,0.17,3.54,0.79
2024,254,21.54,16.62,0.56,77.66,0.0,2.82,0.78
2024,255,21.0,21.36,3.22,78.56,0.07,2.01,0.78
2024,256,19.77,16.49,6.44,80.52,0.1,1.28,0.77
2024,257,19.52,15.02,4.68,84.64,0.05,1.21,0.77
2024,258,21.45,18.23,4.14,84.69,0.14,1.5,0.77
2024,259,16.37,15.14,7.57,87.75,0.33,1.6,0.76
2024,260,21.51,16.96,4.8,83.41,0.16,1.98,0.76
2024,261,22.26,19.4,3.49,80.3,0.01,1.52,0.76
2024,262,11.1,10.09,4.58,92.87,7.34,3.45,0.75
2024,263,16.35,11.84,4.38,84.97,5.02,3.4,0.76
2024,264,20.37,14.75,3.51,82.11,0.37,3.54,0.76
2024,265,23.19,16.63,1.37,76.69,0.02,3.07,0.76
2024,266,22.27,20.31,4.18,74.72,0.03,2.75,0.75
2024,267,21.0,26.39,8.46,70.67,0.26,1.41,0.74
2024,268,18.66,18.61,7.6,75.47,0.02,1.82,0.74
2024,269,14.1,16.82,6.85,80.85,0.51,1.82,0.73
2024,270,22.26,18.28,6.38,84.86,0.55,1.12,0.73
2024,271,20.28,19.38,8.42,82.17,0.29,1.17,0.73
2024,272,11.16,12.3,5.99,89.7,15.28,4.47,0.73
2024,273,14.86,9.38,3.67,84.65,5.08,4.2,0.75
2024,274,13.28,8.21,3.7,90.15,19.82,2.9,0.76
2024,275,23.38,14.52,0.75,80.11,0.15,1.36,0.76
2024,276,22.49,18.4,4.08,76.81,0.01,3.31,0.75
2024,277,23.96,25.82,6.8,62.77,0.0,2.49,0.74
2024,278,21.14,29.49,11.53,53.3,0.0,2.18,0.73
2024,279,23.22,29.36,14.1,54.14,0.0,1.49,0.73
2024,280,21.32,28.6,14.14,59.86,0.11,1.61,0.72
2024,281,23.91,26.23,12.86,80.2,0.29,2.46,0.71
2024,282,24.23,27.71,12.53,68.28,0.0,1.05,0.71
2024,283,20.17,25.2,11.84,82.09,0.35,1.28,0.7
2024,284,18.91,18.28,9.2,83.89,0.45,2.36,0.7
2024,285,26.16,24.91,7.93,67.02,0.01,0.76,0.69
2024,286,25.5,22.68,8.64,74.54,0.07,1.57,0.69
2024,287,23.66,21.85,9.72,77.36,0.36,2.3,0.68
2024,288,25.66,16.33,6.97,76.14,0.34,5.27,0.68
2024,289,28.59,23.23,5.57,63.6,0.0,4.37,0.67
2024,290,26.25,27.14,7.61,64.52,0.0,1.79,0.66
2024,291,20.41,19.51,8.63,80.86,0.88,1.93,0.65
2024,292,22.09,18.33,7.57,80.75,2.03,2.21,0.65
2024,293,23.74,16.37,6.54,81.94,0.89,2.41,0.65
2024,294,25.45,18.42,5.14,77.99,0.24,3.67,0.65
2024,295,23.14,19.91,8.98,77.69,0.58,3.49,0.64
2024,296,28.6,22.77,7.47,76.76,0.04,2.3,0.64
2024,297,28.83,26.91,9.39,62.03,0.0,1.61,0.63
2024,298,28.98,23.38,8.98,68.44,0.06,2.1,0.62
2024,299,29.46,21.56,7.32,75.12,0.09,2.39,0.61
2024,300,27.06,25.62,6.72,71.63,0.63,2.81,0.61
2024,301,14.41,13.2,7.35,88.89,35.85,5.19,0.63
2024,302,13.74,17.03,10.92,90.26,9.19,3.64,0.67
2024,303,26.99,20.42,9.78,82.84,0.58,1.95,0.66
2024,304,29.68,22.75,9.21,76.34,0.05,2.62,0.65
2024,305,28.89,27.0,8.31,70.0,0.0,1.86,0.64
2024,306,29.33,26.59,9.17,71.43,0.03,1.67,0.63
2024,307,26.46,21.9,11.38,77.66,0.13,1.69,0.62
2024,308,28.44,18.78,8.96,75.61,1.34,3.05,0.62
2024,309,18.11,11.47,5.19,78.64,9.64,3.88,0.62
2024,310,26.6,17.94,3.59,75.39,0.18,3.41,0.62
2024,311,30.55,22.73,7.14,71.71,0.02,2.34,0.61
2024,312,28.18,24.47,7.52,69.95,0.01,2.52,0.61
2024,313,21.96,26.05,12.24,63.01,0.22,2.22,0.6
2024,314,29.01,24.1,10.97,72.78,0.2,3.83,0.59
2024,315,16.21,22.91,9.39,78.22,0.26,2.19,0.59
2024,316,31.04,24.37,8.42,68.31,0.02,1.82,0.58
2024,317,31.82,23.51,9.01,66.23,0.1,2.25,0.57
2024,318,30.0,22.78,9.77,74.46,0.65,3.82,0.57
2024,319,31.89,27.79,7.84,66.02,0.0,2.48,0.56
2024,320,32.28,29.54,9.82,60.46,0.01,1.29,0.55
2024,321,32.18,27.6,10.81,66.78,0.07,1.93,0.54
2024,322,32.62,28.86,9.2,65.01,0.02,1.8,0.54
2024,323,29.88,26.33,10.74,68.04,0.07,1.97,0.53
2024,324,28.72,29.67,11.77,68.19,0.17,2.39,0.53
2024,325,25.05,29.37,13.77,69.36,2.26,2.11,0.52
2024,326,24.88,27.74,14.65,73.03,0.43,1.65,0.52
2024,327,27.12,25.36,12.49,74.6,0.13,3.04,0.51
2024,328,32.55,26.33,9.84,67.26,0.06,1.48,0.51
2024,329,32.83,30.62,11.05,60.37,0.07,1.93,0.5
2024,330,25.47,21.32,11.23,75.18,1.23,4.01,0.5
2024,331,17.44,14.67,9.24,79.14,2.37,4.66,0.5
2024,332,24.75,17.63,8.34,77.1,4.85,3.06,0.51
2024,333,32.06,25.23,7.4,64.68,0.03,2.52,0.5
2024,334,33.72,29.13,8.37,56.46,0.01,1.99,0.5
2024,335,33.78,26.94,9.98,63.48,0.09,2.51,0.49
2024,336,32.28,26.53,10.47,63.94,0.03,2.2,0.48
2024,337,31.82,25.54,10.95,71.12,0.12,2.3,0.48
2024,338,28.44,25.32,13.0,69.31,0.62,2.26,0.48
2024,339,28.53,24.0,10.18,66.01,0.06,2.54,0.48
2024,340,27.76,20.73,11.98,72.07,0.26,3.96,0.47
2024,341,17.75,21.58,10.65,80.11,1.7,3.88,0.47
2024,342,32.88,25.66,11.8,64.56,0.16,2.11,0.47
2024,343,34.21,28.89,10.57,53.76,0.02,1.87,0.47
2024,344,34.37,32.52,11.15,47.12,0.0,1.96,0.46
2024,345,33.22,33.59,14.0,44.66,0.03,2.03,0.46
2024,346,32.72,31.99,14.51,61.66,0.05,2.26,0.45
2024,347,26.31,22.68,11.41,71.19,0.55,3.63,0.45
2024,348,27.24,21.62,9.99,62.3,1.21,3.17,0.45
2024,349,34.55,30.02,7.37,47.63,0.0,1.38,0.45
2024,350,23.36,21.06,9.26,66.24,0.98,3.33,0.45
2024,351,32.65,21.23,8.78,60.35,0.14,2.68,0.45
2024,352,30.49,23.57,8.89,61.01,0.07,2.11,0.44
2024,353,34.19,28.12,10.17,54.5,0.03,2.68,0.44
2024,354,34.27,31.24,8.72,52.42,0.01,2.28,0.44
2024,355,33.1,29.88,11.85,61.34,0.33,3.12,0.43
2024,356,32.15,31.95,13.71,63.65,0.54,3.58,0.43
2024,357,33.71,33.17,13.15,57.69,0.06,3.45,0.43
2024,358,32.77,26.94,11.48,59.48,0.04,3.18,0.42
2024,359,34.6,32.18,10.16,51.9,0.0,3.39,0.42
2024,360,34.29,38.28,13.47,43.26,0.0,2.26,0.42
2024,361,33.2,36.99,17.32,38.83,0.0,3.11,0.41
2024,362,30.93,29.92,13.64,59.71,0.15,3.22,0.41
2024,363,31.53,32.97,15.1,56.71,0.04,1.83,0.41
2024,364,28.98,29.16,14.09,54.3,0.0,2.71,0.41
2024,365,31.58,26.89,11.6,59.51,0.01,5.19,0.41
2024,366,32.34,25.66,12.35,57.15,0.05,3.02,0.41
